word,target_synset,target_gold
люцерн,"['104944-N', '5744-N']","[['135595-N'], ['6859-N', '124008-N']]"
переведение,"['123487-N', '142049-N', '154251-N']","[['106456-N', '106785-N'], ['106631-N'], ['106938-N']]"
самообслуживание,['141903-N'],[['106529-N']]
лас-вегас,['132817-N'],[['242-N']]
хатлонский_область,['101513-N'],[['100058-N']]
дисбаланс,['136602-N'],"[['118046-N', '136605-N']]"
провокаторша,['128361-N'],[['5899-N']]
затопление_судно,['117217-N'],"[['5971-N', '7494-N', '115702-N']]"
отмотка,['127383-N'],[['107417-N']]
моторостроитель,['144676-N'],[['3300-N']]
весенний_половодье,['121280-N'],"[['6124-N', '121279-N']]"
конфитюр,['107674-N'],[['5457-N']]
черный_цвет,['109502-N'],[['106944-N']]
опоясывание,"['145818-N', '115443-N']","[['135044-N', '115193-N'], ['108856-N', '118758-N']]"
настенный_расположение,['148362-N'],[['148359-N']]
пыльца,['109124-N'],"[['107267-N', '133213-N']]"
террарий,['111507-N'],"[['4337-N', '111506-N']]"
молчание,"['107341-N', '118712-N', '107340-N']","[['106446-N'], ['118711-N', '118765-N'], ['110435-N']]"
женский_монастырь,['138245-N'],[['1158-N']]
уценка_товар,['5335-N'],"[['2030-N', '115032-N', '121222-N']]"
зерновой_отход,['7131-N'],[['107429-N']]
обмахивание,"['129122-N', '116831-N']","[['107011-N', '108870-N', '106938-N', '107692-N'], ['115856-N']]"
выгорание,['123734-N'],[['123733-N']]
западный_сахар,['105464-N'],[['105465-N']]
снохождение,['114938-N'],[['3949-N']]
антипатичность,['123517-N'],[['116683-N']]
взвешивание,"['115021-N', '110409-N']","[['107490-N'], ['3649-N']]"
холодный_война,['2160-N'],[['1187-N']]
раскидывание,"['112004-N', '115296-N', '134454-N']","[['111022-N'], ['106585-N'], ['124776-N', '128602-N']]"
ощупывание,['115589-N'],"[['106901-N', '111963-N']]"
трущоба,['129324-N'],[['4250-N']]
полуфиналистка,['128096-N'],"[['1626-N', '6067-N', '106857-N']]"
комендатура,['6956-N'],[['777-N']]
промилле,['129656-N'],[['129650-N']]
культурология,['124487-N'],[['111355-N']]
танец_венгерка,['129731-N'],"[['8082-N', '124186-N']]"
стечение_событие,['148555-N'],"[['106577-N', '112014-N']]"
забрало,['140436-N'],[['124371-N']]
религиозный_пост,['124123-N'],[['124124-N']]
симпозиум,['114850-N'],[['3270-N']]
броскость,['119911-N'],"[['119808-N', '139629-N']]"
патентный_владелец,['8295-N'],[['305-N']]
интернационализация,['143957-N'],[['136347-N']]
тематика,['106822-N'],[['106508-N']]
колика,['122264-N'],"[['111388-N', '119526-N']]"
скопидомство,['116783-N'],[['110242-N']]
болеро,['108865-N'],[['8082-N']]
непоправимость,['137474-N'],[['118704-N']]
чипсы,['143187-N'],[['368-N']]
производитель_молоко,['145253-N'],"[['121332-N', '147755-N']]"
уценка_товар,['5335-N'],"[['2030-N', '115032-N', '121222-N']]"
инкассатор,['4867-N'],[['5990-N']]
старый_оскол,['142032-N'],[['136762-N']]
гюмри,['100302-N'],[['134142-N']]
центральный_нервный_система,['8546-N'],[['5050-N']]
зависть,['107232-N'],"[['106647-N', '107061-N']]"
градостроительный_деятельность,['541-N'],[['55-N']]
хорог,['100746-N'],[['8247-N']]
горошек,"['125937-N', '6857-N', '125936-N']","[['108112-N', '121353-N'], ['6858-N'], ['107987-N', '124819-N']]"
остров_сицилия,['104742-N'],[['3465-N']]
японский_самурай,['127440-N'],"[['121230-N', '127439-N']]"
рейн,['104615-N'],[['100022-N']]
добавить_стоимость,['133797-N'],[['1759-N']]
разгрузочный_день,['152672-N'],[['106734-N']]
слизь,"['143604-N', '133359-N']","[['110869-N'], ['107208-N']]"
просветительский_деятельность,['140755-N'],[['106542-N']]
наркотусовка,['130414-N'],[['129745-N']]
парк_отдых,['8284-N'],"[['5039-N', '146891-N']]"
контрпропаганда,['140544-N'],"[['106882-N', '123744-N']]"
безотходный_технология,['4413-N'],"[['3429-N', '9673-N']]"
бальзамирование,['111438-N'],"[['110437-N', '111436-N']]"
отлучка,['141618-N'],[['114377-N']]
отчаливание,['116048-N'],[['115137-N']]
пакистанский_столица,['104526-N'],"[['3208-N', '135846-N']]"
докладная,['134612-N'],"[['115514-N', '151632-N']]"
блюз,['108436-N'],[['8675-N']]
сунжа,"['129294-N', '102765-N']","[['7207-N'], ['100022-N', '100079-N']]"
тавтология,['139607-N'],"[['106876-N', '107602-N']]"
откорм,"['134446-N', '9560-N']","[['111862-N'], ['5685-N', '134446-N']]"
гнилость,"['119820-N', '130631-N']","[['119313-N', '119859-N'], ['119555-N']]"
медведица,['112056-N'],"[['8891-N', '107861-N']]"
просека,['3911-N'],"[['107510-N', '130499-N']]"
сосновый_древесина,['146590-N'],[['141926-N']]
спарринг-партнер,['139794-N'],[['1626-N']]
резкость_изображение,['153272-N'],[['119007-N']]
ангел,"['110978-N', '152781-N']","[['136567-N'], ['126069-N']]"
отделение_внутренний_дело_на_транспорт,['153923-N'],[['145300-N']]
конаково,['102862-N'],[['137145-N']]
укол,"['9444-N', '111959-N', '150689-N']","[['9725-N', '114568-N', '117067-N'], ['111963-N'], ['115889-N', '127537-N']]"
лебедка,"['121248-N', '107949-N']","[['2320-N'], ['8461-N', '107861-N']]"
чибис,['108834-N'],[['7396-N']]
абонентный_обслуживание,['8283-N'],[['7064-N']]
травяной_хоккей,['9580-N'],[['8594-N']]
литосфера,['152785-N'],[['152784-N']]
озимый_культура,['359-N'],[['326-N']]
пожизненный_рента,['9046-N'],[['2011-N']]
водный_горка,['152339-N'],"[['152337-N', '152348-N']]"
эвакуация_автомобиль,['129595-N'],[['125768-N']]
юридический_подготовка,['142201-N'],"[['1610-N', '5021-N']]"
шведский_язык,['148116-N'],[['146075-N']]
река_амазонка,['103544-N'],[['100022-N']]
советский_образ_жизнь,['153558-N'],[['137358-N']]
траловый_флот,['7555-N'],[['5543-N']]
бюрократизация,['145670-N'],"[['128611-N', '139989-N']]"
рестайлинга,['148893-N'],"[['106844-N', '149583-N']]"
средний_палец,['116263-N'],[['107715-N']]
англиканский_епископальный_церковь,['8092-N'],[['1123-N']]
мантия,"['120246-N', '120245-N']","[['108474-N'], ['135188-N']]"
центрифуга,['124672-N'],"[['124836-N', '152687-N']]"
табор,['135092-N'],[['113686-N']]
допинговый_средство,['126089-N'],"[['1067-N', '138379-N', '138380-N']]"
междуреченск,['101314-N'],[['136778-N']]
даритель,['9616-N'],[['138167-N']]
кахетина,['126423-N'],[['106213-N']]
служба_скорый_помощь,['151375-N'],"[['1037-N', '7635-N']]"
ливерпулец,['147147-N'],[['4773-N']]
игра_домино,['109384-N'],[['110281-N']]
механический_заедание,['131227-N'],[['120504-N']]
прогревание,"['117581-N', '115797-N']","[['111101-N'], ['108948-N']]"
фиорд,['117394-N'],[['100111-N']]
военный_присутствие,['1210-N'],"[['6374-N', '106922-N']]"
коркодон,['101375-N'],"[['100022-N', '100079-N']]"
заменитель_женский_молоко,['9338-N'],"[['3707-N', '114425-N']]"
изоляция_радиоактивный_отход,['2908-N'],"[['7492-N', '135555-N']]"
исповедание_вера,['141191-N'],[['119563-N']]
пигалица,['108834-N'],[['7396-N']]
табун,"['4884-N', '126765-N']","[['4882-N'], ['7601-N']]"
музыкальный_такт,['147321-N'],[['110027-N']]
конспирация,['139527-N'],[['118765-N']]
четырехлетие,"['148770-N', '129523-N']","[['106731-N'], ['125912-N']]"
робототехнический_комплекс,['112947-N'],"[['128073-N', '132242-N']]"
лавр_победа,['149827-N'],[['2605-N']]
приобрести_недвижимый_имущество,['149281-N'],"[['3852-N', '149219-N']]"
подпись,"['144940-N', '3401-N', '111985-N']","[['107542-N', '134041-N'], ['107542-N'], ['107002-N']]"
микросекунда,['145540-N'],[['8647-N']]
судоремонтник,['144658-N'],[['111590-N']]
лесопильный_комбинат,['132455-N'],[['4761-N']]
древесина_ствол,['109533-N'],[['106536-N']]
котельнич,['101363-N'],[['136781-N']]
видеоконтроль,['144831-N'],[['106916-N']]
благодарность_от_начальство,['145201-N'],[['107126-N']]
радиотрансляция,['5382-N'],"[['1364-N', '2132-N']]"
маленький_отказник,['147488-N'],"[['4935-N', '136459-N']]"
звонарь,['144614-N'],[['113266-N']]
разносный_торговля,['141035-N'],[['1030-N']]
скороспелость,"['117941-N', '151776-N']","[['117940-N'], ['149448-N']]"
нейрон,['109681-N'],[['109680-N']]
материальный_культура,['145950-N'],[['1427-N']]
сожжение,"['113411-N', '149805-N']","[['106483-N'], ['3980-N', '113411-N', '4628-N']]"
устюг,['105690-N'],[['136765-N']]
автодром,['135754-N'],[['107218-N']]
танк,"['114535-N', '2682-N']","[['107041-N'], ['4483-N', '147277-N']]"
зануда,['131409-N'],[['131410-N']]
бейра,['104410-N'],[['207-N']]
этнолог,['124078-N'],[['21-N']]
мундштук,['124598-N'],[['120512-N']]
манжета_уплотнение,['142534-N'],"[['107496-N', '142415-N']]"
подогрев,['111975-N'],[['108948-N']]
подзатыльник,['126267-N'],[['107404-N']]
попечительство,"['144391-N', '144439-N']","[['106472-N'], ['1302-N', '145581-N']]"
вентиляционный_установка,['4873-N'],"[['4870-N', '145136-N']]"
гетеросексуализм,['134840-N'],[['10094-N']]
бесформенный_балахон,['125137-N'],[['1256-N']]
тур_голосование,['121673-N'],[['123362-N']]
академотпуск,['2960-N'],[['2961-N']]
геохимия,['43-N'],[['269-N']]
угольный_месторождение,['2220-N'],[['80-N']]
степной_ландшафт,['5592-N'],"[['5591-N', '7049-N']]"
индонезийский_рупия,['103953-N'],[['1338-N']]
герцогиня,['110607-N'],"[['110604-N', '110641-N', '121230-N']]"
государственный_корпорация,['149604-N'],"[['2532-N', '6212-N', '134279-N']]"
кремень,['109053-N'],[['108698-N']]
обзвон,['127198-N'],[['8051-N']]
недостоверность,['139645-N'],"[['1880-N', '107178-N', '119348-N']]"
кроха,"['112418-N', '124117-N', '112066-N']","[['106515-N'], ['1605-N', '147301-N'], ['110735-N']]"
новозыбков,['100497-N'],[['136763-N']]
гигакалория,['145508-N'],[['109787-N']]
пурпур,['109473-N'],[['109437-N']]
берлога,"['109327-N', '140681-N']","[['109326-N'], ['478-N']]"
обособление,"['133087-N', '123736-N']","[['107417-N', '115880-N'], ['123737-N']]"
лорд,['114900-N'],"[['110604-N', '110641-N']]"
толедо,"['153503-N', '104038-N']","[['242-N'], ['242-N']]"
дворовый_собака,['131862-N'],[['4454-N']]
блеклость,"['119457-N', '119837-N']","[['125205-N'], ['115892-N', '120110-N', '128660-N']]"
банковский_сейфовый_ячейка,['145591-N'],[['107038-N']]
спица_колесо,['118016-N'],[['107233-N']]
безотказность,"['125231-N', '135982-N']","[['118028-N'], ['119888-N']]"
институт_прописка,['3330-N'],[['106990-N']]
триполи,"['104338-N', '104344-N']","[['207-N'], ['3208-N']]"
с_труд,['106620-N'],[['106714-N']]
фуксия,['108371-N'],"[['965-N', '4339-N', '6883-N']]"
кольцо_осада,['115430-N'],[['125226-N']]
новозеландец,['127166-N'],[['132681-N']]
рений,['127351-N'],"[['974-N', '2868-N', '145367-N']]"
любознательность,['106949-N'],"[['114392-N', '118371-N']]"
фотоальбом,"['148699-N', '148683-N']","[['121713-N'], ['6994-N', '141981-N']]"
заход_солнце,['137114-N'],"[['106723-N', '123384-N']]"
река_куда,['100271-N'],"[['100022-N', '100079-N']]"
внеземной_разум,['132751-N'],[['132752-N']]
импортер,['3645-N'],[['141259-N']]
чапаевск,['102569-N'],[['136902-N']]
ирбис,['107902-N'],[['108577-N']]
расщелина,"['124465-N', '134485-N']","[['107303-N'], ['107089-N']]"
крючок_для_ловля,['149006-N'],"[['110335-N', '123347-N']]"
ученый-экономист,['143741-N'],"[['3010-N', '140359-N']]"
планетарий,['133708-N'],[['1434-N']]
военный_комиссар,['6713-N'],"[['812-N', '8414-N']]"
компресс,['113309-N'],[['111429-N']]
горис,['100301-N'],[['134142-N']]
тайный_канцелярия,['130242-N'],[['6993-N']]
перепилка,['116351-N'],"[['107410-N', '107414-N']]"
интерес_к_знание,['106949-N'],"[['114392-N', '118371-N']]"
жительница_саратов,['139575-N'],[['4773-N']]
алыча,"['144307-N', '144220-N']","[['107956-N', '144253-N'], ['354-N', '144322-N']]"
боевой_дух,['133557-N'],[['133555-N']]
глянцевый_журнал,['145701-N'],[['1346-N']]
республика_науру,['138260-N'],[['2062-N']]
мертворождение,['139886-N'],[['113895-N']]
второклассник,['113982-N'],[['10092-N']]
детский_колыбель,['114524-N'],"[['2173-N', '5254-N']]"
политизирование,['137706-N'],[['135851-N']]
река_мерла,['100695-N'],"[['100022-N', '100079-N']]"
медицинский_справка,['4953-N'],"[['4951-N', '107527-N']]"
пополнение_бюджет,['7999-N'],[['588-N']]
министерство_промышленность,['9497-N'],[['1559-N']]
ужур,['101449-N'],[['136746-N']]
люцерн,"['104944-N', '5744-N']","[['135595-N'], ['6859-N', '124008-N']]"
юнец,['8445-N'],"[['2453-N', '152902-N']]"
отговорка,['117766-N'],"[['116312-N', '117765-N']]"
олонец,['101211-N'],[['242-N']]
чековый_оборот,['141332-N'],[['1333-N']]
запутывание,"['145429-N', '116856-N']","[['120688-N'], ['106665-N']]"
сервировка,"['117608-N', '147508-N']","[['116307-N'], ['131783-N']]"
сажа,['111550-N'],"[['9038-N', '107208-N']]"
вошь,"['126702-N', '109505-N']","[['152714-N'], ['122221-N']]"
песцовый_мех,['145788-N'],[['109561-N']]
петрушка,"['9898-N', '124711-N']","[['124049-N'], ['9642-N']]"
пасаден_калифорния,['145709-N'],[['242-N']]
киреевск,['105936-N'],[['242-N']]
представительство,"['128173-N', '121142-N', '106891-N']","[['106560-N'], ['118698-N'], ['152714-N']]"
сластена,['144982-N'],[['110091-N']]
деградация_личность,['141196-N'],[['106823-N']]
рай_небесный,['124945-N'],[['124943-N']]
блокадник,['125228-N'],"[['2912-N', '10081-N', '106316-N']]"
романтик_по_натура,['137301-N'],[['150507-N']]
социалистический_партия,['8010-N'],[['2382-N']]
искусственный_челюсть,['132708-N'],[['8560-N']]
грамм,['109760-N'],[['3458-N']]
крымск,['101426-N'],[['137780-N']]
загрязненность_вода,['9031-N'],[['75-N']]
льготный_проезд,['149193-N'],[['175-N']]
ванкувер,"['104169-N', '104185-N']","[['207-N'], ['3465-N']]"
бордо,"['109441-N', '139722-N']","[['141887-N'], ['129568-N']]"
прецизионный_инструмент,['6191-N'],[['1320-N']]
синица,['108071-N'],[['5681-N']]
холестерин,['136560-N'],[['5992-N']]
увеселение,"['114663-N', '134047-N']","[['114652-N'], ['106501-N']]"
пятка,"['146645-N', '114031-N']","[['133173-N'], ['112766-N']]"
чипсы,['143187-N'],[['368-N']]
диспетчерский_пункт,['3699-N'],[['106571-N']]
детско-юношеский_спорт,['6749-N'],[['1622-N']]
телеперсона,['142384-N'],[['115172-N']]
биохимия,['5852-N'],[['7874-N']]
морской_карась,['151458-N'],[['502-N']]
аньха,['128143-N'],[['128139-N']]
ланкашир,['121780-N'],[['121752-N']]
анахроничность,['119623-N'],"[['114315-N', '119422-N']]"
сопроводительный_письмо,['147385-N'],[['147383-N']]
сунжа,"['129294-N', '102765-N']","[['7207-N'], ['100022-N', '100079-N']]"
няндома,['100333-N'],[['136750-N']]
спальня,"['107553-N', '107554-N']","[['144852-N'], ['131325-N']]"
пиетет,['118677-N'],"[['116365-N', '118594-N', '129710-N', '113462-N']]"
белгород-днестровский,['106022-N'],[['242-N']]
автостоп,"['124924-N', '124925-N']","[['124923-N'], ['5920-N']]"
пунтик,"['107260-N', '114670-N']","[['106458-N'], ['114123-N']]"
распахивание,"['116349-N', '116302-N', '145251-N']","[['115969-N'], ['120955-N'], ['4536-N', '133326-N']]"
лощина,['132194-N'],"[['3486-N', '132959-N']]"
кинооператор,['5715-N'],"[['5714-N', '136523-N']]"
конспирация,['139527-N'],[['118765-N']]
банный_веник,['141577-N'],"[['106553-N', '107466-N']]"
аудиофайл,['148718-N'],"[['9573-N', '153904-N']]"
экологический_политика,['4107-N'],"[['601-N', '133994-N']]"
зацепление,['116853-N'],[['106557-N']]
забой,"['7756-N', '123905-N']","[['153218-N'], ['111386-N']]"
жительница_тамбов,['143112-N'],[['4773-N']]
мойва,['108216-N'],[['9144-N']]
по_блат,['125420-N'],[['106650-N']]
петелька,"['119811-N', '113033-N']","[['119810-N'], ['107087-N']]"
районирование,"['141473-N', '123365-N']","[['121419-N'], ['107410-N']]"
гусеница_бабочка,['108088-N'],[['108087-N']]
сушка,"['140451-N', '111479-N', '109824-N']","[['111554-N'], ['110908-N'], ['109823-N']]"
популисток,['128123-N'],[['6647-N']]
изобретение_велосипед,['125561-N'],"[['107602-N', '113444-N']]"
муфта_сцепление,['135308-N'],"[['106555-N', '116967-N']]"
окрик,['107158-N'],[['107156-N']]
презентация_коллекция,['142916-N'],[['113611-N']]
углубленность,['119621-N'],[['119144-N']]
радиовещательный_канал,['128060-N'],"[['1368-N', '148775-N']]"
пик,"['114337-N', '143065-N']","[['110069-N'], ['106563-N', '150627-N']]"
кизляр,['100811-N'],[['242-N']]
небезразличие,['153032-N'],[['114392-N']]
городец,['102177-N'],[['136800-N']]
сейсмологический_разведка,['4922-N'],[['106686-N']]
сотовый_компания,['146554-N'],[['141439-N']]
заповедь,['117625-N'],[['106450-N']]
топливно-ядерный_цикл,['7886-N'],[['122084-N']]
завязка,"['123869-N', '116418-N', '123868-N']","[['107442-N', '132253-N'], ['115394-N'], ['106554-N', '107478-N', '112567-N']]"
река_уд,['102674-N'],[['100022-N']]
таблеточка,['110165-N'],"[['1067-N', '151820-N']]"
мансардный_помещение,['9675-N'],[['478-N']]
параллельный_слалом,"['152031-N', '152030-N']","[['111663-N'], ['143135-N']]"
хиджаб,['144642-N'],[['146418-N']]
игумен,['110093-N'],"[['110094-N', '110462-N']]"
подкладывание,['115872-N'],"[['106698-N', '111983-N']]"
безопасность_судовождение,['3857-N'],[['1709-N']]
политика_в_область_труд,['140215-N'],[['604-N']]
бронх,['9653-N'],[['6210-N']]
табу,['129249-N'],[['116009-N']]
продолжительный_эпопея,['120587-N'],[['106549-N']]
румб,['108579-N'],[['124186-N']]
пилотный_производство,['145263-N'],[['1221-N']]
изобретение_велосипед,['125561-N'],"[['107602-N', '113444-N']]"
восток,"['145817-N', '153702-N', '129676-N']","[['106611-N'], ['134519-N'], ['129673-N']]"
истерзанность,['120469-N'],[['120468-N']]
корюшка,['108465-N'],[['9144-N']]
оттирание,"['130966-N', '133509-N']","[['107011-N', '119877-N', '120734-N'], ['106631-N', '129710-N', '115941-N']]"
китобойный_промысел,['5063-N'],"[['499-N', '114364-N']]"
карьер,"['111188-N', '145305-N']","[['111180-N'], ['3784-N', '107303-N']]"
зычность,['121414-N'],"[['114605-N', '114607-N', '118827-N']]"
бейсболка,['142084-N'],[['107897-N']]
класс_животный,['133202-N'],[['120138-N']]
недоумение,['117561-N'],"[['112723-N', '150230-N']]"
город_чернобыль,['106001-N'],[['242-N']]
форель,['5378-N'],"[['4932-N', '9746-N']]"
наводчица,"['132738-N', '116457-N']","[['792-N'], ['7317-N']]"
деодорант,['9410-N'],[['112956-N']]
кромсание,['120829-N'],[['107412-N']]
женьшень,['5807-N'],[['6862-N']]
примета,"['114292-N', '127568-N']","[['106769-N'], ['106576-N']]"
зерновой_производство,['142737-N'],[['142736-N']]
тембр_голос,['108921-N'],[['120213-N']]
синхронный_плавание,['110766-N'],"[['9816-N', '143528-N']]"
пасхальный_праздник,['124173-N'],[['112880-N']]
подмосковный_троицк,['102049-N'],[['136788-N']]
соната,['8773-N'],[['4235-N']]
телятина,['109723-N'],[['1225-N']]
ничья_в_матч,['115148-N'],[['118547-N']]
марс,['122197-N'],[['3660-N']]
нефтепродуктопровод,['5787-N'],[['2285-N']]
слепой_кишка,['111182-N'],[['110042-N']]
река_пирит,['102994-N'],[['100022-N']]
налогоплательщица,['4025-N'],[['9619-N']]
закатывание,"['118377-N', '116666-N', '123388-N']","[['111571-N'], ['106698-N'], ['115187-N', '116555-N']]"
красный_ковровый_дорожка,['152960-N'],[['126463-N']]
орава,['133345-N'],[['106627-N']]
компьютерный_преступление,['4590-N'],[['7334-N']]
пожароопасность,['134964-N'],[['106547-N']]
легковес,['114029-N'],[['1626-N']]
теоретик,['129259-N'],[['21-N']]
полумесяц,"['150076-N', '143710-N']","[['106559-N'], ['107545-N', '145593-N']]"
миссисипи,"['104721-N', '106343-N']","[['100022-N'], ['100029-N']]"
гвадалахара,"['150531-N', '104050-N']","[['153062-N'], ['242-N']]"
карга,['137267-N'],"[['125853-N', '132891-N']]"
антверпен,['103452-N'],[['207-N']]
тыловой_часть,['148712-N'],[['790-N']]
носильщик,['132967-N'],[['110125-N']]
остров_мальта,['104394-N'],[['3465-N']]
садовый_дом,['7045-N'],[['139151-N']]
хрупанье,"['112922-N', '116438-N']","[['107093-N'], ['106934-N']]"
сортировка_вагон,['130651-N'],[['129176-N']]
реанимация,"['148341-N', '5177-N', '147707-N']","[['141399-N'], ['1065-N', '7529-N'], ['148340-N']]"
ланч,['129471-N'],[['108890-N']]
тундровый_зона,['5594-N'],[['5591-N']]
жертвоприношение,['126151-N'],[['107223-N']]
велиж,['102706-N'],[['136925-N']]
метание_молотый,['126811-N'],"[['7966-N', '112585-N']]"
пожизненный_срок,"['146437-N', '8512-N']","[['106730-N'], ['8303-N']]"
координатно-шлифовальный_станок,['2308-N'],[['113832-N']]
ливийский_арабский_джамахирия,['104342-N'],[['2062-N']]
надрыв,"['115538-N', '151755-N', '115540-N']","[['107416-N'], ['107143-N', '128594-N', '149339-N'], ['115539-N']]"
республика_гвинея-бисау,['105460-N'],[['2062-N']]
аперитив,['112490-N'],[['548-N']]
выкраивание,"['111861-N', '125809-N']","[['106495-N', '107412-N'], ['118193-N', '118282-N', '121100-N']]"
выборка,"['141767-N', '111020-N', '140494-N']","[['140494-N'], ['110916-N'], ['106508-N']]"
колчан,['126479-N'],[['107924-N']]
лукавство,"['132204-N', '117274-N']","[['119848-N', '132079-N'], ['107318-N', '115900-N']]"
циклон,['6328-N'],[['111-N']]
бестранспортный_зона,['140255-N'],"[['9171-N', '107508-N']]"
исламский_страна,['130119-N'],[['2062-N']]
сидячий_положение,['115788-N'],"[['115153-N', '115786-N']]"
спортивный_молотый,['118034-N'],[['128563-N']]
нервный_депрессия,['142357-N'],[['3949-N']]
израильский_шекель,['103886-N'],[['1338-N']]
машинный_зал,['152713-N'],[['3537-N']]
водитель_трамвай,['112638-N'],[['147697-N']]
живописный_холст,['112637-N'],[['6001-N']]
фресковый_живопись,['143241-N'],"[['4505-N', '112878-N', '129212-N']]"
клещ,"['8983-N', '113882-N']","[['4203-N', '129908-N'], ['113680-N']]"
планктон,['113691-N'],[['9061-N']]
рациональность,"['119489-N', '151603-N', '119255-N']","[['119002-N', '119285-N'], ['150738-N'], ['118425-N']]"
девичник,['124649-N'],[['109623-N']]
тенерифе,['104196-N'],[['3465-N']]
опыт,"['106688-N', '116336-N', '118295-N']","[['106501-N'], ['106714-N'], ['143290-N']]"
дисквалификация,"['130832-N', '137991-N', '154178-N']","[['122184-N'], ['2130-N', '143923-N'], ['149602-N']]"
ревматологический_заболевание,['6044-N'],[['6129-N']]
анархизм,['8003-N'],[['6639-N']]
денационализация,['126030-N'],"[['570-N', '1842-N', '144001-N']]"
ворчунья,['125468-N'],[['111212-N']]
балтийский_пролив,['106398-N'],[['100095-N']]
альбатрос,['107964-N'],[['113840-N']]
автор_очерк,['113556-N'],[['1578-N']]
центральзовать_отопление,['6732-N'],"[['144-N', '483-N']]"
сопка,['107636-N'],"[['3484-N', '4928-N']]"
деревянный_колода,['117515-N'],[['117516-N']]
республика_панама,['104542-N'],[['2062-N']]
сергиево-посадский_район,['147337-N'],[['147330-N']]
смыв,['117306-N'],"[['114453-N', '116610-N', '108870-N', '116858-N', '121020-N']]"
стилизация,"['129214-N', '117427-N']","[['4908-N', '149418-N'], ['112046-N']]"
штамповочный_производство,['116572-N'],[['1221-N']]
узнаваемость,['135457-N'],"[['120158-N', '124019-N']]"
глухота,['6962-N'],"[['616-N', '136609-N']]"
ивано-франковск,['101017-N'],[['8247-N']]
дубрава,"['130973-N', '109104-N']","[['9704-N', '109104-N'], ['258-N']]"
массовый_истерия,['134258-N'],"[['116478-N', '134257-N']]"
бренность,['150521-N'],[['106768-N']]
упрямство,"['119292-N', '118777-N']","[['114426-N', '106702-N'], ['110251-N', '139222-N']]"
гваделупа,['104909-N'],[['140965-N']]
цвет_медь,['145899-N'],[['109499-N']]
процент,"['130024-N', '123480-N']","[['116535-N'], ['129650-N']]"
геранбой,['105810-N'],[['137810-N']]
ключица,['109798-N'],[['109221-N']]
калуга,"['113488-N', '101142-N']","[['5372-N'], ['100066-N', '136776-N']]"
синайский_полуостров,['140900-N'],[['3392-N']]
цахкадзор,['100320-N'],[['134142-N']]
подача_жалоба_в_суд,['7621-N'],"[['114230-N', '147805-N']]"
плетеный_корзина,['107263-N'],"[['107038-N', '152705-N']]"
минимальность,['132618-N'],"[['114022-N', '137410-N']]"
таджикский_язык,['148128-N'],[['148127-N']]
атырауский_область,['105546-N'],[['100056-N']]
ямполь,['100535-N'],[['242-N']]
черный_наличка,['124181-N'],[['1276-N']]
падеж,"['110577-N', '127433-N']","[['110584-N'], ['3061-N']]"
безнаказанность,['153637-N'],[['125232-N']]
парабель,['102274-N'],"[['100022-N', '100079-N']]"
искусственный_интеллект,['4153-N'],[['5474-N']]
туймазы,['100401-N'],[['135115-N']]
выстругивание,['112081-N'],[['112080-N']]
пионер_в_область,['140834-N'],[['132965-N']]
свиной_сало,['114566-N'],"[['4572-N', '110964-N', '134707-N']]"
исполнимость,['126367-N'],[['118739-N']]
радужный_оболочка,['109418-N'],[['107071-N']]
как_скелет,['118143-N'],[['118144-N']]
зеленодольск,['102828-N'],[['242-N']]
портрет_кисть,['154969-N'],"[['4908-N', '112634-N']]"
гурьба,['125529-N'],"[['106627-N', '115696-N']]"
параплан,['137142-N'],"[['2498-N', '4283-N']]"
баптизм,['8123-N'],[['1123-N']]
промокание,['126323-N'],[['111479-N']]
проскальзывание,"['116311-N', '134232-N']","[['107447-N'], ['118473-N', '134224-N']]"
беспересадочность,['125360-N'],[['119776-N']]
инквизитор,['132165-N'],"[['2454-N', '7256-N']]"
электрокардиостимулятор,['132283-N'],"[['2977-N', '135193-N']]"
поручень,['128164-N'],"[['106553-N', '107548-N']]"
тахикардия,['10025-N'],"[['6129-N', '124758-N']]"
братия_монастырь,['152878-N'],[['106627-N']]
пряжа_шерстяной,['108665-N'],[['7837-N']]
воля,"['117097-N', '117098-N', '117096-N']","[['106476-N'], ['106765-N', '148416-N'], ['116635-N']]"
диоксид_кремний,['109054-N'],[['153902-N']]
экономический_стимулирование,['2119-N'],"[['833-N', '129213-N']]"
микробиологический_отрасль,['3421-N'],"[['50-N', '7127-N']]"
килиманджаро,['104771-N'],[['4928-N']]
билибино,['105970-N'],[['242-N']]
опись,"['8226-N', '3475-N']","[['3513-N', '106990-N', '111634-N'], ['3474-N', '106989-N']]"
карамелька,['5489-N'],[['5239-N']]
божок,['125355-N'],[['125354-N']]
проблема_в_развитие,['5802-N'],[['141543-N']]
гренка,['125952-N'],[['108625-N']]
перестрахование,['7667-N'],[['1993-N']]
гондурасский_столица,['103752-N'],[['3208-N']]
читательница,"['114271-N', '114270-N']","[['152714-N'], ['106867-N']]"
умань,['103098-N'],[['242-N']]
римский_гладиатор,['130567-N'],"[['126384-N', '130565-N']]"
лемью,['102420-N'],"[['100022-N', '100079-N']]"
пермяк,"['146589-N', '106183-N']","[['4773-N'], ['139862-N', '106181-N']]"
рекрутер,['125565-N'],"[['2550-N', '106891-N']]"
своеобразный_буфер,['153563-N'],[['106613-N']]
финансовый_директор,['151028-N'],[['151027-N']]
гамак,['125847-N'],"[['1253-N', '107588-N', '108599-N']]"
сигнальный_ракета,['134429-N'],[['138366-N']]
повиновение,"['118437-N', '140536-N']","[['118435-N', '123787-N'], ['106503-N']]"
североморск,['101378-N'],"[['207-N', '136796-N']]"
архангельский_обл,['102518-N'],[['2640-N']]
дубэсарь,['102002-N'],[['242-N']]
дочурка,['4360-N'],"[['132893-N', '147162-N']]"
избирательность,['137268-N'],[['106768-N']]
блокировать_пакет_акция,['3515-N'],[['2244-N']]
драматичность_ситуация,['130960-N'],[['119616-N']]
спасск-дальний,['105633-N'],[['137781-N']]
кремлев,['102174-N'],[['136800-N']]
вискарий,['108541-N'],[['108336-N']]
неопровержимость,['123885-N'],[['119001-N']]
курортница,['10021-N'],[['125985-N']]
верность_супруг,['153223-N'],[['117316-N']]
вооруженный_переворот,['139864-N'],[['1536-N']]
фрак,['112609-N'],"[['109864-N', '136155-N']]"
камера_сгорание,['137022-N'],[['113890-N']]
биеннале,['141458-N'],[['6947-N']]
вертолетоносец,['133612-N'],"[['6615-N', '146000-N']]"
неясный_силуэт,['118603-N'],[['106559-N']]
убийство_на_почва_национальный_неприязнь,['153313-N'],[['2275-N']]
микроэлемент,['140996-N'],[['2868-N']]
пустырь,['114634-N'],[['2594-N']]
олигархизм,['150040-N'],[['7984-N']]
механик,"['110149-N', '143902-N']","[['2550-N'], ['21-N']]"
фламинго,['108519-N'],[['5349-N']]
антидемократичность,['136957-N'],[['106768-N']]
бесконечность,['124633-N'],"[['114203-N', '125229-N']]"
компрометация,['117074-N'],"[['115212-N', '136604-N']]"
растворение_вещество,['111684-N'],[['111681-N']]
стажировка,"['143303-N', '1488-N']","[['106690-N'], ['1487-N']]"
поднаем,"['140953-N', '2343-N']","[['255-N'], ['141117-N', '149276-N']]"
дубчес,['100944-N'],"[['100022-N', '100079-N']]"
утес,['108512-N'],[['107633-N']]
распутный_образ_жизнь,['125244-N'],[['137358-N']]
хлестанье,"['115455-N', '115037-N']","[['109231-N'], ['107404-N']]"
пляска,"['110449-N', '110450-N']","[['110443-N'], ['8082-N']]"
поза_йог,['135859-N'],[['151725-N']]
коннектикут,['106338-N'],[['100029-N']]
тотемизм,['129303-N'],[['1124-N']]
глобализация_мировой_экономика,['140170-N'],"[['6145-N', '145399-N']]"
клип_на_песня,['148873-N'],[['5233-N']]
посконь,['4830-N'],"[['350-N', '4789-N', '4943-N', '9672-N']]"
телесигнал,['146908-N'],[['145094-N']]
загорск,['102030-N'],[['136788-N']]
хайнань,['104251-N'],"[['3465-N', '128139-N']]"
скоропостижность,['124378-N'],[['119310-N']]
сейсмоусточивость,['4175-N'],"[['6402-N', '127016-N']]"
посадочный_платформа,['8841-N'],"[['233-N', '107218-N']]"
любовный_свидание,['143916-N'],[['128677-N']]
мустанг,['136355-N'],[['935-N']]
вставание,['119695-N'],"[['119502-N', '107454-N']]"
марха,['100528-N'],"[['100022-N', '100079-N']]"
грузинский_столица,['100753-N'],[['3208-N']]
ходовой_часть,['133573-N'],[['106555-N']]
расставание,"['118224-N', '128792-N']","[['116388-N'], ['111045-N']]"
грызня,"['107214-N', '125969-N']","[['106504-N', '107328-N'], ['124267-N']]"
социальный_неравенство,['140028-N'],[['141966-N']]
отбивание,"['114747-N', '133419-N']","[['107417-N'], ['119450-N']]"
наболевший_проблема,['153225-N'],[['138237-N']]
видеопросмотр,['1438-N'],"[['3334-N', '5836-N']]"
стоматологический_коронка,['132709-N'],[['8560-N']]
вдовство,['120898-N'],[['6724-N']]
фотографический_карточка,['148264-N'],"[['111644-N', '112108-N']]"
кингстон,['117442-N'],"[['113875-N', '142763-N']]"
дорожный_травма,['8309-N'],[['2059-N']]
джихад,['111912-N'],"[['1663-N', '151895-N']]"
эвкалипт,['5756-N'],"[['6104-N', '121680-N', '124081-N']]"
проедание,['128375-N'],[['106715-N']]
чванство,['117470-N'],[['117968-N']]
государственный_советник,['8504-N'],"[['3361-N', '3557-N', '6668-N']]"
подозрительный_отношение,['118935-N'],"[['123904-N', '132684-N']]"
казань,['102814-N'],[['123687-N']]
эль-кувейт,['105430-N'],[['3208-N']]
черемушки,['101937-N'],[['101897-N']]
сыпь,['109860-N'],"[['9528-N', '149959-N']]"
кухарка,['113682-N'],"[['4381-N', '6006-N']]"
опорный_ферма,['110263-N'],[['145619-N']]
пропан,['139305-N'],[['461-N']]
гастроэнтерит,['145573-N'],"[['112643-N', '137523-N']]"
второй_половина_день,['153901-N'],[['106723-N']]
фиксирование,"['112091-N', '152808-N']","[['111944-N'], ['118698-N']]"
система_исчисление,['147419-N'],[['154037-N']]
львица,['128474-N'],"[['107861-N', '107948-N']]"
количественный_пропорция,['142881-N'],[['106515-N']]
этна,['104134-N'],[['4928-N']]
темпера,"['114799-N', '114798-N']","[['6001-N'], ['107459-N']]"
курсант,['2197-N'],"[['792-N', '2196-N']]"
экранизация_литературный_произведение,['135683-N'],[['115814-N']]
рапира,['111445-N'],[['146854-N']]
мостостроитель,['144911-N'],[['3204-N']]
перевоплощение_душа,['139071-N'],[['135044-N']]
кубок,"['114835-N', '140786-N', '114836-N']","[['154237-N'], ['1625-N'], ['6496-N']]"
настоятель_храм,['146563-N'],[['7365-N']]
деловой_партнер,['107596-N'],"[['135736-N', '147253-N']]"
взломщик_сейф,['136375-N'],[['121980-N']]
нева,['102162-N'],[['100022-N']]
ячмень,"['365-N', '109003-N', '146676-N']","[['358-N', '6889-N'], ['108862-N'], ['355-N']]"
паркетный_пол,['143232-N'],[['107147-N']]
государственный_герб,['87-N'],"[['82-N', '2022-N']]"
виолончель,['8167-N'],[['8157-N']]
рыболовный_трал,['110354-N'],[['5082-N']]
ортодоксальность,['121099-N'],"[['119886-N', '121068-N']]"
жилье_подлежать_снос,['5049-N'],"[['479-N', '9159-N']]"
елабуга,['102820-N'],[['242-N']]
текстильный_предприятие,['6175-N'],[['6305-N']]
виноматериал,['147622-N'],[['142362-N']]
клещ,"['8983-N', '113882-N']","[['4203-N', '129908-N'], ['113680-N']]"
арбалет,['112493-N'],"[['112201-N', '124970-N']]"
самария,['127353-N'],"[['2868-N', '132875-N']]"
мочалка,['121268-N'],[['121266-N']]
тот,"['115699-N', '141636-N']","[['3790-N'], ['4208-N', '109835-N']]"
портик_здание,['128119-N'],[['120037-N']]
масляный_краска,"['111103-N', '126797-N']","[['107459-N', '126797-N'], ['4170-N', '107459-N']]"
спокойность,"['118695-N', '118995-N', '123510-N']","[['114651-N'], ['106563-N'], ['110242-N']]"
переквалификация_обвинение,['154179-N'],[['145795-N']]
прелесть,['118767-N'],[['118624-N']]
кормовой_зерно,['3075-N'],[['3074-N']]
ротор,['114261-N'],[['107496-N']]
убежденность_в_свой_взгляд,['121386-N'],[['110251-N']]
назначенец,['144521-N'],[['3361-N']]
судорога,['114693-N'],"[['9528-N', '129276-N', '145675-N']]"
роботехника,['6043-N'],[['857-N']]
технический_паспорт,['106997-N'],"[['3190-N', '121677-N']]"
саяна,['138698-N'],[['5657-N']]
проклевывание,['125816-N'],[['115010-N']]
отстойный_бассейн,['127405-N'],[['107038-N']]
самоуничижение,['142884-N'],[['106504-N']]
покупка_недвижимый_имущество,['149281-N'],"[['3852-N', '149219-N']]"
сентиментализм,"['143803-N', '126119-N']","[['135187-N'], ['119904-N', '124438-N']]"
высотомер,['125893-N'],"[['3648-N', '114096-N']]"
долган,['106163-N'],"[['100046-N', '106148-N']]"
устаревание,['119421-N'],[['120602-N']]
короткий_волна,['6134-N'],[['1369-N']]
кварцевый_лампа,['123823-N'],[['8785-N']]
прототип,"['145264-N', '144002-N', '128427-N']","[['140712-N', '144002-N', '145266-N'], ['138563-N', '140712-N'], ['2149-N', '106488-N']]"
океанский_лайнер,['113087-N'],"[['6617-N', '126792-N']]"
облачный_покров,['145146-N'],[['6147-N']]
козырек,"['131928-N', '117491-N']","[['107203-N'], ['107221-N']]"
гадалка,['116463-N'],"[['756-N', '110139-N']]"
массовый_старт,['145900-N'],[['111793-N']]
разведуправление,['2604-N'],[['122049-N']]
конверсионный_сфера,['2527-N'],"[['833-N', '3426-N']]"
зачатие_в_пробирка,['7782-N'],"[['8188-N', '133355-N']]"
интерес_к_новый_знание,['106949-N'],"[['114392-N', '118371-N']]"
статистый,"['132247-N', '114729-N']","[['121451-N', '126702-N', '129706-N'], ['7539-N']]"
тоник,"['143870-N', '142698-N']","[['109170-N'], ['130922-N']]"
эмиссия,"['1990-N', '137377-N']","[['1317-N', '106495-N'], ['113004-N']]"
репрезентативность,['152548-N'],[['115629-N']]
гидротехнический_строительство,['3113-N'],[['6960-N']]
защитный_каска,['108325-N'],"[['108324-N', '108326-N']]"
чувство_неловкость,['153245-N'],[['106651-N']]
шадринск,['101511-N'],[['136783-N']]
болонья,"['113204-N', '104102-N']","[['108570-N'], ['242-N']]"
незаконный_рынок,['143539-N'],"[['647-N', '134242-N']]"
непостижимость,['118357-N'],[['118135-N']]
скандал,"['107212-N', '107214-N']","[['106576-N'], ['106504-N', '107328-N']]"
мешковатость,"['126712-N', '118684-N']","[['118872-N'], ['118685-N']]"
высокопрецизионный_оборудование,['6191-N'],[['1320-N']]
цветной_металлургия,['519-N'],[['63-N']]
нанимательница,"['256-N', '7628-N']","[['140670-N'], ['150987-N']]"
барабинск,['102231-N'],[['136801-N']]
раскатка,"['134432-N', '118692-N']","[['115971-N'], ['118691-N']]"
всеволожск,['101692-N'],[['136785-N']]
никель,['260-N'],"[['948-N', '2868-N']]"
клевок,"['126443-N', '111840-N']","[['115593-N'], ['106934-N', '107404-N']]"
насвистывание,['116204-N'],"[['107097-N', '110440-N']]"
дознание,['2757-N'],[['151354-N']]
румынка,['105402-N'],"[['105336-N', '132681-N', '134360-N', '139862-N', '106140-N']]"
автоклав,['8062-N'],[['8061-N']]
тополь,"['5445-N', '146596-N']","[['3364-N'], ['141926-N']]"
подступ,"['133973-N', '115863-N']","[['106451-N'], ['111978-N']]"
разъем,['132869-N'],[['132868-N']]
трактат,['139446-N'],"[['25-N', '3790-N']]"
капитан,"['5707-N', '116373-N', '7410-N']","[['804-N', '807-N'], ['106606-N'], ['112315-N']]"
острогожск,['100690-N'],[['136766-N']]
инструкция,"['122086-N', '137225-N']","[['121324-N'], ['107124-N']]"
правомочие,['134066-N'],"[['2081-N', '115842-N']]"
переворачивание,['111036-N'],[['106631-N']]
остров_куба,['103521-N'],[['3465-N']]
отшельник,['125022-N'],[['8760-N']]
морение_древесина,['127018-N'],"[['138474-N', '154304-N']]"
буденновск,['102734-N'],[['137782-N']]
экстрадиция,['9051-N'],[['119510-N']]
перевод_в_цифровой_форма,['137466-N'],[['123487-N']]
резина,"['913-N', '5242-N']","[['820-N', '919-N', '106536-N'], ['109873-N']]"
стилизация,"['129214-N', '117427-N']","[['4908-N', '149418-N'], ['112046-N']]"
антикоррупционный_мера,['129932-N'],[['6952-N']]
затяжка_табачный_дым,['126268-N'],[['115824-N']]
вставной_челюсть,['132708-N'],[['8560-N']]
ранее_установленный_срок,['138614-N'],[['119733-N']]
город_сочи,['101423-N'],"[['5904-N', '137780-N']]"
мерзость,"['111274-N', '118920-N']","[['111260-N', '106548-N', '114934-N'], ['116683-N']]"
специалист_по_наладка,['127077-N'],[['2550-N']]
растение_баклажан,['144262-N'],[['6878-N']]
славгород,"['100235-N', '101979-N']","[['136753-N'], ['242-N']]"
заинск,['102817-N'],[['242-N']]
верхний_салда,['105916-N'],[['242-N']]
метафизика,"['121226-N', '139070-N']","[['119762-N'], ['132973-N']]"
дирижирование,['116961-N'],[['106607-N']]
полька,"['109867-N', '105399-N']","[['8082-N', '124186-N'], ['105336-N', '132681-N', '134360-N', '139246-N', '139862-N']]"
подъемный_лебедка,['121248-N'],[['2320-N']]
лучина,['120811-N'],[['107646-N']]
кроссовер,['148536-N'],[['154-N']]
госсоветник,['8504-N'],"[['3361-N', '3557-N', '6668-N']]"
полиглотка,['128586-N'],[['115128-N']]
маршалл_остров,['128128-N'],[['6943-N']]
ныряние,['112468-N'],[['111767-N']]
старатель,['6118-N'],"[['110125-N', '125081-N']]"
свершение,['113978-N'],"[['106504-N', '130054-N']]"
отписка,['114504-N'],[['106976-N']]
карманный_вор,['121115-N'],[['8153-N']]
алый_цвет,['109600-N'],[['109437-N']]
примирение,"['117730-N', '132624-N', '138487-N']","[['114321-N', '150230-N'], ['106631-N', '129710-N'], ['106531-N']]"
орехово-зуево,['141403-N'],[['136788-N']]
куст_ежевика,['144330-N'],"[['4339-N', '107840-N']]"
артист_разговорный_жанр,['143941-N'],[['126787-N']]
горно-спасательный_дело,['3725-N'],"[['2514-N', '143298-N']]"
любопытный_случай,['113678-N'],[['106576-N']]
тот,"['115699-N', '141636-N']","[['3790-N'], ['4208-N', '109835-N']]"
реконструктивный_работа,['121314-N'],"[['106631-N', '129710-N']]"
полька,"['109867-N', '105399-N']","[['8082-N', '124186-N'], ['105336-N', '132681-N', '134360-N', '139246-N', '139862-N']]"
фондирование,['150719-N'],[['148929-N']]
имущественный_вред,['2759-N'],[['106486-N']]
средний_урал,['102726-N'],[['100076-N']]
швеция,['104956-N'],"[['2062-N', '2812-N', '105334-N', '142193-N']]"
подбор,"['121418-N', '127592-N', '121419-N']","[['112077-N'], ['121692-N'], ['121187-N']]"
сумоистка,['131819-N'],"[['112758-N', '112759-N']]"
табурет,['107297-N'],[['107295-N']]
птица_фрегат,['108374-N'],[['9357-N']]
эксплуатация_жилищный_фонд,['477-N'],[['123954-N']]
шлюпка,['9916-N'],[['5030-N']]
переборка,"['148756-N', '120040-N']","[['464-N'], ['120003-N']]"
крупнооптовый_торговля,['152783-N'],"[['1033-N', '154441-N']]"
член_лейбористский_партия,['124724-N'],[['6629-N']]
вирусоноситель,['8036-N'],[['145566-N']]
общественный_баня,['145594-N'],"[['1251-N', '6793-N']]"
азербайджанский_республика,['100129-N'],"[['2062-N', '105323-N']]"
бинт,['111426-N'],"[['3432-N', '109346-N']]"
лозанна,['104947-N'],[['135595-N']]
потеря_конечность,['155110-N'],"[['111373-N', '116388-N']]"
кропотливость,"['140882-N', '118029-N']","[['118980-N'], ['118027-N']]"
общественный_туалет,['135007-N'],[['120599-N']]
аткарск,['102591-N'],[['136899-N']]
с_х_артель,['141157-N'],[['2530-N']]
кочан_капуста,['144232-N'],"[['348-N', '133213-N']]"
лицензиат,['7600-N'],[['138167-N']]
кэш,['136430-N'],[['7979-N']]
заскок,['130444-N'],[['106504-N']]
выпуск_деньга,['1805-N'],[['1990-N']]
севан,['100325-N'],[['100070-N']]
глазной_врач,['5800-N'],[['1045-N']]
озеро_онтарио,['104717-N'],[['100070-N']]
ирландия,"['104017-N', '147279-N']","[['2062-N', '105334-N'], ['134509-N']]"
календарь,"['131879-N', '131878-N', '142064-N']","[['131877-N'], ['107226-N'], ['4142-N', '117703-N']]"
чечня,['105103-N'],[['100028-N']]
проказа,"['8764-N', '119595-N']","[['1054-N', '4658-N'], ['119594-N']]"
министерство_труд,['5310-N'],[['1559-N']]
метрика,"['6560-N', '132610-N', '8646-N']","[['7061-N', '121677-N'], ['111808-N'], ['146671-N']]"
леска,"['126615-N', '258-N']","[['108669-N', '110335-N'], ['107135-N']]"
гидроизоляция,['146483-N'],[['137180-N']]
перерубка,['113224-N'],[['107410-N']]
студенчество,"['153808-N', '152904-N']","[['106731-N'], ['579-N']]"
викинг,['130047-N'],"[['127173-N', '127439-N']]"
ревальвация_валюта,['144802-N'],[['5846-N']]
детский_место,['116759-N'],[['106580-N']]
японский_столица,['105072-N'],"[['3208-N', '134783-N']]"
засылка,['127618-N'],[['115575-N']]
сидней,['103288-N'],[['207-N']]
воцарение,"['130166-N', '118800-N']","[['130165-N', '141643-N'], ['125647-N']]"
буйность,['119476-N'],"[['119350-N', '140166-N']]"
аттестация_учиться,['150071-N'],[['150070-N']]
интернетовский_ссылка,['122014-N'],"[['115646-N', '154760-N']]"
варежка,['108584-N'],"[['5854-N', '108578-N']]"
полдороги,['141452-N'],"[['106757-N', '119222-N']]"
парниковый_эффект,['124128-N'],"[['111-N', '133787-N']]"
плитка,"['120831-N', '120830-N', '126855-N']","[['120830-N', '132525-N'], ['106554-N'], ['136714-N', '146864-N']]"
топтание,"['111193-N', '120970-N']","[['111192-N'], ['119502-N']]"
химия,"['137275-N', '70-N']","[['110351-N'], ['112189-N']]"
интервью_по_телевидение,['128050-N'],"[['3089-N', '7888-N']]"
термоядерный_энергия,['143545-N'],[['16-N']]
сарыч,"['108792-N', '101492-N']","[['107784-N'], ['100083-N']]"
блюз-рок,['150215-N'],[['108733-N']]
зубной_щетка,['131329-N'],"[['126135-N', '133850-N']]"
снежный_баба,['125118-N'],[['125117-N']]
гузар,['101288-N'],[['242-N']]
антикварный_предмет,['6997-N'],"[['106554-N', '145943-N', '152542-N']]"
ель,"['146591-N', '124684-N', '4226-N']","[['141926-N'], ['124082-N'], ['2524-N', '121680-N']]"
акварель,"['108982-N', '9645-N']","[['107459-N'], ['6001-N']]"
партизанск,['102445-N'],[['137781-N']]
совесть,['113772-N'],"[['106651-N', '106779-N']]"
позирование_перед_камера,['148862-N'],[['127115-N']]
аллах-юнь,['105282-N'],"[['100022-N', '100079-N']]"
вопрос,"['110855-N', '107255-N', '106780-N']","[['110846-N'], ['106459-N'], ['106446-N']]"
автогрейдер,['5548-N'],"[['112197-N', '132301-N']]"
бразилия,['103531-N'],[['2062-N']]
травля,"['129222-N', '114475-N', '118094-N']","[['117530-N', '153127-N'], ['111609-N', '112162-N'], ['107181-N', '116506-N']]"
вдумчивость,['119145-N'],[['119144-N']]
новошахтинск,['102537-N'],[['136895-N']]
чимкентский_область,['106084-N'],[['100056-N']]
плинтус,['120215-N'],[['107401-N']]
федеральный_агентство_по_атомный_энергия,['142600-N'],[['126213-N']]
патрульно-постовой_служба,['3898-N'],[['106571-N']]
уголовно-судебный_система,['2456-N'],[['1853-N']]
чернигов,['103110-N'],[['8247-N']]
медицинский_термометр,['136990-N'],"[['126891-N', '146225-N']]"
ретуширование,['117454-N'],[['116876-N']]
подрост,['127624-N'],[['988-N']]
королевство_лесото,['103402-N'],"[['2062-N', '8049-N']]"
рефлексотерапия,['152555-N'],[['7529-N']]
аквариум,"['9240-N', '120399-N']","[['1390-N', '1417-N', '111506-N'], ['107039-N']]"
кентукк,['106337-N'],[['100029-N']]
верхотурий,['102623-N'],[['242-N']]
отмыть_деньга,['133472-N'],"[['1317-N', '124108-N', '147852-N']]"
отвод_свой_кандидатура,['128994-N'],"[['127161-N', '147043-N']]"
долг_государство,['1750-N'],[['3165-N']]
фюзеляж,['109402-N'],"[['107072-N', '143441-N']]"
временщик,['138924-N'],[['106606-N']]
день_память,['625-N'],[['6950-N']]
асино,['102904-N'],[['242-N']]
одинцово,['102067-N'],[['136788-N']]
радикальность,['120436-N'],[['118299-N']]
безумец,"['151600-N', '120869-N']","[['151599-N'], ['111236-N']]"
въедливость,"['125776-N', '119109-N']","[['118936-N'], ['115965-N']]"
папа_римский,['105360-N'],"[['100097-N', '106115-N', '110384-N']]"
свивка,['129240-N'],[['111466-N']]
действовать_армия,['3715-N'],[['789-N']]
румынский_язык,['126974-N'],[['126972-N']]
напоминание,"['106807-N', '148954-N', '149869-N']","[['106817-N'], ['106835-N'], ['106613-N']]"
река_лимпопо,['104411-N'],[['100022-N']]
вольнодумство,['136198-N'],[['119563-N']]
тектонический_движение,['115604-N'],"[['111-N', '106575-N']]"
шоша,['100605-N'],"[['100022-N', '100079-N']]"
на_рожон,['125513-N'],"[['106504-N', '133750-N']]"
за_кулиса,['119110-N'],[['119024-N']]
могила_неизвестный_солдат,['127001-N'],[['4037-N']]
спарринг,['139793-N'],"[['106961-N', '130564-N']]"
жареный_факт,['134870-N'],[['106850-N']]
пронзительность,"['118827-N', '137677-N', '120010-N']","[['117905-N', '145012-N'], ['114019-N', '119310-N'], ['106775-N']]"
рысь,"['111185-N', '8761-N']","[['111180-N'], ['110841-N']]"
списание_с_корабль,['117083-N'],[['868-N']]
стружка,['145233-N'],"[['62-N', '107193-N']]"
физический_свежесть,['154634-N'],"[['106567-N', '118786-N']]"
верительный_грамота,['5203-N'],[['1092-N']]
защита_диссертационный_работа,['4257-N'],[['145402-N']]
звериный_жестокость,['116803-N'],[['112981-N']]
выцарапывание,"['119494-N', '125902-N', '125900-N']","[['107002-N', '111916-N'], ['125901-N'], ['110911-N']]"
беспородность,['125371-N'],[['125860-N']]
стоковый_магазин,['146665-N'],[['140320-N']]
спортивный_гимнастка,['126895-N'],[['132894-N']]
половина_час,['116338-N'],"[['106723-N', '107018-N']]"
иранский_риал,['103993-N'],[['1338-N']]
освоение_минеральный_ресурс,['3536-N'],[['74-N']]
недостижимость,"['153989-N', '118809-N']","[['118833-N'], ['119439-N']]"
промыслово-охотничий_хозяйство,['4082-N'],[['525-N']]
моложавость,['145734-N'],[['118221-N']]
авиапассажир,['4380-N'],[['176-N']]
герань,['109692-N'],"[['965-N', '6862-N', '6883-N', '124081-N']]"
босфорский_пролив,['105741-N'],[['100095-N']]
легковесность,"['119143-N', '114368-N']","[['106764-N'], ['114022-N']]"
излишний_перестраховка,['143774-N'],"[['115865-N', '127475-N']]"
ус_животное,['145601-N'],[['145602-N']]
хиджаб,['144642-N'],[['146418-N']]
штурман-испытатель,['135287-N'],"[['4129-N', '116331-N']]"
хозяин_дом,['138119-N'],[['138118-N']]
пористость,['124407-N'],[['133391-N']]
монтажер,['116075-N'],"[['5714-N', '10024-N']]"
красноуральск,['105920-N'],[['242-N']]
горно-металлургический_предприятие,['143205-N'],"[['523-N', '528-N']]"
пропахивание,['116871-N'],"[['4536-N', '134184-N']]"
медицинский_училище,['129165-N'],"[['1616-N', '2982-N', '143374-N']]"
дробленый_гречка,['128362-N'],[['8460-N']]
полиграф,['124539-N'],[['130812-N']]
обходный_путь,"['107348-N', '152589-N']","[['107318-N'], ['106451-N']]"
домашний_театр,['144819-N'],"[['4602-N', '6994-N', '8882-N']]"
заслушание,['131556-N'],[['121204-N']]
проводы,"['117575-N', '149880-N']","[['116815-N'], ['117137-N']]"
соавтор,['114404-N'],[['2720-N']]
личный_дело,['3362-N'],[['2428-N']]
надрыв,"['115538-N', '151755-N', '115540-N']","[['107416-N'], ['107143-N', '128594-N', '149339-N'], ['115539-N']]"
совхоз,['2533-N'],"[['2531-N', '134279-N']]"
пушок_на_кожа,['137799-N'],[['108951-N']]
иностранный_радиовещание,['143601-N'],[['1364-N']]
одноколейный_путь,['139251-N'],[['228-N']]
шотландка,['105367-N'],"[['100046-N', '105336-N', '105579-N', '106123-N']]"
военный_повинность,['794-N'],"[['10147-N', '118184-N']]"
бельмо_на_глаз,['115335-N'],"[['107573-N', '124150-N']]"
прижигание,['134093-N'],"[['107323-N', '111370-N']]"
урус-мартан,['105616-N'],[['242-N']]
тринидад,['104384-N'],[['3465-N']]
сережка,"['113066-N', '107609-N']","[['108443-N'], ['2832-N', '153448-N']]"
элегия,"['108749-N', '108748-N']","[['4235-N'], ['108631-N']]"
город_дели,['103895-N'],"[['3208-N', '132070-N']]"
рекламораспространитель,['8780-N'],"[['10069-N', '106560-N']]"
размораживание,"['140914-N', '128657-N', '146822-N']","[['153231-N'], ['108948-N', '119450-N'], ['111101-N']]"
предсказуемость,['139841-N'],[['118737-N']]
обувной_производство,['1258-N'],"[['851-N', '1257-N']]"
ударение_в_слово,['124972-N'],[['115880-N']]
овес,"['148781-N', '363-N']","[['355-N'], ['347-N', '6889-N']]"
материнский_капитал,['152620-N'],[['1507-N']]
стрекотня,"['106963-N', '118325-N']","[['106945-N'], ['107094-N', '118140-N']]"
дестабилизация,"['136419-N', '142934-N']","[['106665-N'], ['118046-N']]"
многоплановость,['119686-N'],[['118445-N']]
электрический_дроссель,['136694-N'],"[['2070-N', '118546-N']]"
столица_кампучия,['104313-N'],[['3208-N']]
нефтебаза,['534-N'],[['106625-N']]
верховод,['126167-N'],"[['126163-N', '150507-N']]"
стукачество,['115516-N'],[['127062-N']]
единорог,"['136181-N', '129053-N']","[['111309-N'], ['5675-N']]"
комплимент,['134461-N'],[['107126-N']]
откорм_скот,['9560-N'],"[['5685-N', '134446-N']]"
пойма_река,['124520-N'],[['132959-N']]
экономический_эффективность,['2114-N'],"[['2116-N', '119278-N', '149444-N']]"
изнурительность,['119099-N'],"[['118447-N', '119534-N']]"
гнездо_слово,['130632-N'],[['106508-N']]
оленька,['101574-N'],[['100022-N']]
былина_о_русский_богатырь,['125498-N'],[['107659-N']]
лавинный_явление,['4844-N'],"[['4335-N', '114452-N']]"
принижение,"['115210-N', '116113-N']","[['115208-N'], ['116112-N']]"
вывешивание,"['113352-N', '130347-N', '113351-N']","[['106698-N'], ['113352-N', '123772-N'], ['106695-N', '110409-N']]"
увещевание,['139745-N'],[['116244-N']]
турецкий_язык,['146084-N'],[['141038-N']]
в_форма_стрела,['135218-N'],[['106559-N']]
ребро,"['109376-N', '146578-N', '115494-N']","[['109221-N'], ['127511-N'], ['107570-N']]"
балканы,['105374-N'],[['3392-N']]
госкомитет_по_вопрос_развитие_север,['9518-N'],[['3607-N']]
дикий_лук,['144239-N'],[['144182-N']]
настоятель,"['146563-N', '110094-N']","[['7365-N'], ['7365-N', '106606-N']]"
лиман,['113717-N'],[['100111-N']]
рыльск,['101538-N'],[['136784-N']]
синай,['140900-N'],[['3392-N']]
педантичность,['124571-N'],"[['118907-N', '118936-N']]"
жилищно-строительный_предприятие,['144865-N'],[['2463-N']]
нарцисс,['111078-N'],"[['965-N', '107867-N']]"
штукатурка,"['152744-N', '111560-N', '111559-N']","[['107193-N'], ['5748-N', '107325-N', '111881-N'], ['5793-N', '9711-N', '107277-N']]"
силуэт,['118603-N'],[['106559-N']]
бам,['106096-N'],[['228-N']]
прикорм,"['150434-N', '134096-N']","[['139378-N', '145895-N'], ['111862-N', '126156-N', '127260-N']]"
акцептный_форма_расчет,['3858-N'],[['1333-N']]
срочный_рынок,['149607-N'],[['7070-N']]
симбиоз_организм,['144516-N'],"[['125011-N', '134894-N']]"
соцреализм,['139549-N'],[['109375-N']]
снос_дом,['141126-N'],[['141125-N']]
павлодар,['102365-N'],[['8247-N']]
минимизация,['137451-N'],"[['106819-N', '130940-N']]"
очистить_сахар,['142800-N'],[['1230-N']]
балласт,"['142173-N', '125157-N', '129685-N']","[['106623-N'], ['120613-N'], ['106613-N']]"
лидерство,"['137950-N', '132305-N']","[['115660-N'], ['2149-N']]"
грунтовочный_состав,['132415-N'],[['4170-N']]
укрепить_район,['141363-N'],[['124419-N']]
автономность,['119137-N'],[['119136-N']]
невропатология,['9465-N'],[['9464-N']]
река_шагонар,['100950-N'],"[['100022-N', '100079-N']]"
артиллерийский_пушка,['121688-N'],[['4732-N']]
выход_замуж,['133857-N'],[['5697-N']]
доверенный_лицо,['3690-N'],[['106891-N']]
видеоскульптура,['146420-N'],[['146419-N']]
грифон,['128754-N'],[['128752-N']]
ирландец,['105378-N'],"[['105336-N', '132681-N', '139862-N', '106123-N']]"
аварийный_самописец,['136135-N'],"[['142138-N', '143441-N']]"
виолончелистка,['8168-N'],[['6499-N']]
тутаев,['103279-N'],[['136889-N']]
болезнь_паркинсон,['127566-N'],[['6337-N']]
элегест,['100951-N'],"[['100022-N', '100079-N']]"
хайфа,['103892-N'],[['207-N']]
перинатальный_патология,['133823-N'],[['616-N']]
гатчина,['101683-N'],[['136785-N']]
соображение,"['137296-N', '117028-N', '106467-N']","[['106774-N'], ['107489-N'], ['145467-N']]"
ранец,['111451-N'],[['107118-N']]
под_командование,['117823-N'],[['106607-N']]
республика_эквадор,['105034-N'],[['2062-N']]
торможение,"['139492-N', '110032-N']","[['106704-N', '131342-N'], ['106638-N']]"
египетский_фунт,['103842-N'],[['1338-N']]
вечерок,"['106737-N', '136152-N']","[['106723-N'], ['133187-N']]"
гроза,"['10208-N', '130732-N']","[['6147-N', '111132-N'], ['106474-N']]"
предъявление,"['117036-N', '114769-N']","[['106542-N'], ['114768-N']]"
протекание,"['147589-N', '118791-N']","[['116230-N'], ['112136-N', '111979-N']]"
ударопрочность,['138126-N'],[['127016-N']]
река_абакан,['100943-N'],[['100022-N']]
курдянка,['106135-N'],"[['100046-N', '106130-N']]"
вечный_двигатель,['127526-N'],[['2100-N']]
промышленный_надзор,['7169-N'],[['1869-N']]
набивание,"['110810-N', '114976-N', '126461-N']","[['110751-N'], ['114805-N'], ['118110-N']]"
городок,"['242-N', '142582-N', '109524-N']","[['123680-N', '145516-N'], ['106621-N'], ['8594-N']]"
стилизация,"['129214-N', '117427-N']","[['4908-N', '149418-N'], ['112046-N']]"
пестово,['102212-N'],[['136804-N']]
авиалиния,['197-N'],[['167-N']]
климатология,['8984-N'],"[['5068-N', '9904-N']]"
бокситогорск,['101695-N'],[['136785-N']]
плод_персик,['144192-N'],"[['354-N', '144322-N']]"
зугдиди,['100779-N'],[['242-N']]
отстреливание,"['121141-N', '120143-N']","[['111386-N'], ['115548-N']]"
полусредний_вес,['151582-N'],[['151580-N']]
компрометация,['117074-N'],"[['115212-N', '136604-N']]"
ушко,"['151394-N', '113032-N', '145664-N']","[['107087-N'], ['107087-N'], ['10117-N']]"
бомбардир,"['124357-N', '125382-N']","[['113399-N'], ['114527-N']]"
клубочек,['121472-N'],[['112001-N']]
голос,"['114644-N', '125920-N', '107102-N']","[['106774-N', '107696-N'], ['125918-N'], ['106945-N']]"
кб,"['1810-N', '129666-N']","[['1278-N'], ['129664-N']]"
оческа,['119049-N'],"[['107011-N', '118191-N']]"
албания,['103827-N'],"[['2062-N', '142193-N']]"
ситечко,['115757-N'],[['115758-N']]
самодисциплина,['146929-N'],"[['106984-N', '128992-N']]"
противостояние,"['140501-N', '106521-N', '115796-N']","[['106451-N'], ['118966-N'], ['114426-N']]"
метромост,['143842-N'],[['4160-N']]
плавник,"['111890-N', '144860-N']","[['106580-N'], ['137669-N']]"
растение_киви,['144326-N'],[['124052-N']]
отмахивание,['115994-N'],[['108870-N']]
акт_удостоверять,['121728-N'],[['107000-N']]
отгонный_скотоводство,['5121-N'],[['111337-N']]
река_сож,['102719-N'],"[['100022-N', '100079-N']]"
циркуляция,"['1885-N', '135642-N']","[['106542-N', '119127-N'], ['106587-N', '122084-N']]"
зонтик,"['111331-N', '114391-N']","[['111092-N'], ['108443-N']]"
овод,['108187-N'],"[['8818-N', '122221-N']]"
кобылий_молоко,['9545-N'],[['146131-N']]
бесперебойность,['125353-N'],"[['119907-N', '120664-N']]"
охра,['110711-N'],[['4987-N']]
конвойный_охрана,['3602-N'],[['106596-N']]
временной_пояс,['6966-N'],[['107509-N']]
контрразведчица,['8454-N'],[['8455-N']]
бобер,"['8966-N', '125241-N']","[['4593-N', '5669-N', '128747-N'], ['109561-N']]"
русский_помор,['147327-N'],[['1917-N']]
коньковый,['101919-N'],[['101897-N']]
театр_юный_зритель,['141710-N'],"[['1441-N', '152286-N']]"
наградной_вымпел,['146741-N'],"[['85-N', '125831-N']]"
красновишерск,['102406-N'],[['136893-N']]
оцинковка,['124796-N'],[['107325-N']]
кохтла-яров,['105637-N'],[['242-N']]
морфинизм,['116379-N'],[['2635-N']]
турбовинтовой_двигатель,['8421-N'],"[['8936-N', '143511-N']]"
гдыня,['104585-N'],[['207-N']]
буйность,['119476-N'],"[['119350-N', '140166-N']]"
стропальщик,['129950-N'],[['110125-N']]
звон,['107385-N'],[['106945-N']]
циркуляция,"['1885-N', '135642-N']","[['106542-N', '119127-N'], ['106587-N', '122084-N']]"
дозирование,"['130884-N', '116757-N']","[['130883-N'], ['111944-N']]"
избирательный_урна,['8076-N'],[['107051-N']]
осведомленность,"['139859-N', '139162-N']","[['106563-N'], ['111829-N']]"
архипелаг_императрица_евгений,['151872-N'],[['134723-N']]
самообслуживание,['141903-N'],[['106529-N']]
колкат,['103941-N'],"[['207-N', '132070-N']]"
внешний_заимствование,['2365-N'],"[['833-N', '3720-N']]"
парализация,"['117080-N', '137752-N']","[['3406-N'], ['106704-N', '111493-N', '120502-N']]"
лепет,['109949-N'],[['107094-N']]
река_нерль,"['100608-N', '101369-N']","[['100022-N'], ['100022-N', '100079-N']]"
несовершенство,['141570-N'],[['118389-N']]
очерчивание,"['117231-N', '119949-N']","[['111916-N', '118261-N'], ['114457-N']]"
остров_ямайка,['103523-N'],[['3465-N']]
река_пра,['102297-N'],"[['100022-N', '100079-N']]"
орнаментальный_узор,['107988-N'],"[['107608-N', '107987-N']]"
цюрих,['104942-N'],[['135595-N']]
аоста,['104085-N'],[['242-N']]
баскетбольный_корзина,['111014-N'],"[['2498-N', '107630-N']]"
римский_гладиатор,['130567-N'],"[['126384-N', '130565-N']]"
бигуди,['111432-N'],[['106553-N']]
скоропалительность,['117941-N'],[['117940-N']]
индонезийский_язык,['148225-N'],[['148223-N']]
денежный_аванс,['143148-N'],[['112280-N']]
эксцентрик,['113638-N'],[['112322-N']]
душа_человек,"['148424-N', '142810-N']","[['148423-N'], ['106569-N', '135446-N']]"
репатриантка,['5182-N'],[['2789-N']]
сигнализация,"['134890-N', '6443-N', '149998-N']","[['106542-N'], ['112394-N'], ['115789-N']]"
статистический_сведение,['140110-N'],[['107591-N']]
актерский_грим,['130725-N'],[['130726-N']]
эндопротезирование,['153971-N'],[['4624-N']]
на_канун,['142791-N'],[['106723-N']]
подлить,['117298-N'],"[['110720-N', '111983-N']]"
строитель_мост,['144911-N'],[['3204-N']]
секстет,"['110323-N', '110322-N']","[['121687-N'], ['4235-N']]"
арарат,"['100307-N', '106280-N']","[['134142-N'], ['3484-N']]"
продолжительный_эпопея,['120587-N'],[['106549-N']]
крымский_татарин,['106159-N'],"[['100046-N', '106148-N']]"
марианский_остров,['128127-N'],[['6943-N']]
полька,"['109867-N', '105399-N']","[['8082-N', '124186-N'], ['105336-N', '132681-N', '134360-N', '139246-N', '139862-N']]"
меткость,"['138205-N', '119216-N']","[['117958-N'], ['106797-N', '119217-N']]"
неослабность,['127145-N'],[['118598-N']]
общий_картина,['137877-N'],"[['106446-N', '106563-N']]"
горшочек,"['111802-N', '125514-N', '142567-N']","[['126838-N'], ['107039-N'], ['2173-N', '107039-N']]"
пророчица,['116194-N'],[['116192-N']]
обвинительный_заключение,['7096-N'],"[['106777-N', '142478-N']]"
зомби,['131692-N'],"[['111309-N', '153006-N']]"
метр,"['109880-N', '109701-N']","[['111134-N'], ['109697-N']]"
словарный_запас,['132126-N'],[['106508-N']]
чабан,['112660-N'],[['112661-N']]
бюст,"['125508-N', '8639-N']","[['4961-N'], ['4741-N']]"
колодец,"['108638-N', '4986-N']","[['3405-N', '107304-N'], ['6106-N', '107304-N']]"
рок-группа,['130494-N'],[['121687-N']]
алтаец,['106156-N'],"[['3291-N', '100046-N', '106148-N']]"
река_чай,['102255-N'],"[['100022-N', '100079-N']]"
олбаня,['138867-N'],[['138831-N']]
наконечник,['132785-N'],[['122141-N']]
редакция_газета,['2675-N'],[['879-N']]
топливозаправщик,['147210-N'],"[['7468-N', '9782-N']]"
антарктида,['105140-N'],"[['6040-N', '105138-N']]"
круговой_порука,['116681-N'],[['116527-N']]
егерь,['6341-N'],[['2550-N']]
скованность,['137181-N'],"[['118305-N', '119073-N', '119074-N']]"
военный_торговля,['140674-N'],[['1026-N']]
океанский_лайнер,['113087-N'],"[['6617-N', '126792-N']]"
телятник,"['113945-N', '111137-N']","[['114044-N'], ['4428-N']]"
гольфстрим,['124120-N'],[['8562-N']]
ацтек,['125108-N'],[['124112-N']]
раздача,['114120-N'],[['118698-N']]
лениногорск_в_татарстан,['105610-N'],[['242-N']]
предлог,"['110618-N', '106475-N']","[['110594-N'], ['137418-N']]"
аджария,['100755-N'],[['105123-N']]
сквашивание,['118732-N'],[['5731-N']]
самосвал,['4967-N'],"[['4968-N', '9209-N']]"
чаша_терпение,['142180-N'],"[['106924-N', '110251-N']]"
файловый_директория,['153797-N'],[['106508-N']]
бритва,"['126608-N', '112812-N']","[['9651-N', '107309-N', '141943-N'], ['9651-N']]"
самосвал,['4967-N'],"[['4968-N', '9209-N']]"
возбужденность,['121449-N'],[['106833-N']]
jpy,['105074-N'],[['1338-N']]
центральный_африка,['105236-N'],[['100076-N']]
кузина,['124320-N'],"[['4259-N', '139663-N']]"
морской_шельф,['2402-N'],[['133569-N']]
дипломат,"['137826-N', '126056-N', '1179-N']","[['137825-N'], ['107119-N'], ['3361-N', '8688-N', '106891-N']]"
картофель,"['148897-N', '4056-N']","[['148896-N'], ['6912-N', '131894-N']]"
секретариат,['3625-N'],[['114757-N']]
горчица,"['108116-N', '108117-N']","[['350-N', '4789-N'], ['370-N', '107911-N']]"
метастаз,['124412-N'],[['119125-N']]
чуйский_область,['105867-N'],[['100060-N']]
эффект_домино,['151494-N'],[['137818-N']]
килька,['8982-N'],[['5973-N']]
турнир_по_шахматы,['131549-N'],[['1625-N']]
воля_к,['117097-N'],[['106476-N']]
волынка,"['121170-N', '108954-N', '125712-N']","[['118698-N', '131616-N'], ['7991-N'], ['106501-N']]"
финальный_апофеоз,['150176-N'],"[['113802-N', '132255-N']]"
прощение_долг,['135838-N'],[['117915-N']]
антикрыло,['153967-N'],[['148545-N']]
ковш,"['121323-N', '110306-N']","[['107496-N'], ['2513-N']]"
река_проня,['102305-N'],"[['100022-N', '100079-N']]"
разгонный_блок,['135534-N'],"[['6239-N', '134817-N']]"
болда,['100596-N'],[['100078-N']]
коньковый_лыжный_ход,['138384-N'],[['138385-N']]
электронный_цифровой_подпись,['7504-N'],[['3401-N']]
дрозд,['107814-N'],"[['7396-N', '130644-N']]"
осло,['104487-N'],[['3208-N']]
поздравление,"['148454-N', '118222-N']","[['126148-N'], ['106878-N']]"
джезказганский_область,['100954-N'],[['100056-N']]
кладочный_работа,['116174-N'],[['546-N']]
афиша,['8951-N'],"[['1343-N', '106836-N']]"
клик,"['142956-N', '112283-N', '126390-N']","[['115535-N'], ['107103-N', '107154-N'], ['106627-N']]"
вываливание,['111027-N'],[['110908-N']]
родиться_растение,['127598-N'],[['120138-N']]
восклицательный_знак,['110856-N'],[['110846-N']]
министерство_по_атомный_энергия,['5301-N'],[['1559-N']]
солнцево,['101924-N'],[['101897-N']]
салями,['108303-N'],[['126917-N']]
балансировка,"['141664-N', '116862-N']","[['106490-N', '135413-N'], ['110435-N']]"
максимизация,['141979-N'],"[['106640-N', '130940-N']]"
стечение,"['118721-N', '112325-N']","[['111484-N'], ['112324-N']]"
самогонка,['108306-N'],"[['108336-N', '115126-N']]"
госнужда,['7029-N'],[['106462-N']]
цирковой_акробатика,['124977-N'],"[['4911-N', '5648-N', '126942-N']]"
мадам,['140717-N'],[['140716-N']]
биосфера,['94-N'],[['152784-N']]
реликвия,['134532-N'],"[['3599-N', '106554-N']]"
кинопроба,['129349-N'],[['6521-N']]
космический_война,['1693-N'],[['1187-N']]
доплата,"['115521-N', '115520-N']","[['121697-N'], ['147768-N']]"
проигрыш,"['145838-N', '115115-N']","[['566-N', '106486-N'], ['107381-N']]"
зоотехник,"['8613-N', '111336-N']","[['111334-N'], ['4862-N']]"
столица_бельгия,['103438-N'],[['3208-N']]
абитуриентка,['9539-N'],[['121468-N']]
плавление_металл,['153408-N'],[['111098-N']]
гениальность,"['125866-N', '155115-N']","[['106767-N', '132928-N'], ['138615-N']]"
резание_металл,['143327-N'],"[['3038-N', '107412-N']]"
кафедра,"['3806-N', '115123-N', '140798-N']","[['1405-N'], ['107558-N'], ['889-N']]"
сейсмолог,['113037-N'],[['113038-N']]
хибины,['102126-N'],[['5657-N']]
бронх,['9653-N'],[['6210-N']]
авангард,"['147580-N', '124907-N', '124905-N']","[['790-N'], ['106627-N'], ['108333-N']]"
линейный_алгебра,['9395-N'],[['7846-N']]
сода,['2529-N'],"[['9494-N', '10108-N']]"
флюорография,['9766-N'],[['9767-N']]
орудие_для_достижение_цель,['140687-N'],[['142490-N']]
безрукий_инвалид,['155132-N'],[['113698-N']]
экранный_обои,['146560-N'],"[['142454-N', '148724-N']]"
стандартность,"['118841-N', '153706-N']","[['114897-N'], ['119452-N']]"
заезд_отдыхать,['131223-N'],"[['115526-N', '115714-N']]"
тюфяк,"['125723-N', '5532-N']","[['130961-N', '150507-N'], ['108853-N', '110289-N']]"
неослабность,['127145-N'],[['118598-N']]
искусство_архитектура,['539-N'],[['150607-N']]
божий_коровка,['125246-N'],[['107768-N']]
кречет,['108573-N'],[['107784-N']]
уда_молоко,['127054-N'],"[['2704-N', '106515-N']]"
раскатывание,['134432-N'],[['115971-N']]
рассечение,"['128791-N', '113224-N']","[['2292-N'], ['107410-N']]"
ветошка,['129759-N'],[['129327-N']]
щенок,"['108158-N', '129174-N']","[['4454-N', '107807-N'], ['129173-N']]"
двухпартийность,['136132-N'],[['7934-N']]
амьен,['104859-N'],[['242-N']]
котел_паровой,['131305-N'],"[['4827-N', '145530-N', '147812-N']]"
растирание,"['134464-N', '115941-N', '115940-N']","[['9476-N'], ['115942-N'], ['111775-N']]"
сумоистый,['131819-N'],"[['112758-N', '112759-N']]"
искусительница,['126361-N'],[['152714-N']]
малави,['104351-N'],[['2062-N']]
спитак,['100310-N'],[['134142-N']]
рыбий_жир,['9140-N'],"[['1231-N', '2008-N', '146530-N']]"
подсуживание,['131599-N'],"[['113119-N', '115751-N', '116390-N', '120251-N']]"
подрубка,['116879-N'],[['115006-N']]
индига,['100381-N'],[['100022-N']]
датский_пролив,['106398-N'],[['100095-N']]
плацебо,['136976-N'],[['114425-N']]
переменка,['133658-N'],[['112725-N']]
сленг,['126139-N'],[['148133-N']]
жулик,['124119-N'],"[['8117-N', '8153-N']]"
нацизм,['4783-N'],[['3144-N']]
технический_вуз,['143577-N'],"[['764-N', '143575-N']]"
мочалка,['121268-N'],[['121266-N']]
монооксид_углерод,['113103-N'],"[['461-N', '959-N', '124326-N']]"
выколачивание,"['111851-N', '111850-N']","[['107011-N'], ['110910-N']]"
коловращение,['126474-N'],[['123585-N']]
краснознаменск_московский_область,['105729-N'],[['136788-N']]
норденшельд_архипелаг,['102243-N'],[['6943-N']]
море,"['241-N', '114474-N']","[['2412-N'], ['107160-N']]"
калибр_ствол,['114973-N'],"[['113221-N', '140431-N']]"
кожаный_изделие,['5721-N'],[['106507-N']]
гнилость,"['119820-N', '130631-N']","[['119313-N', '119859-N'], ['119555-N']]"
голень,['107718-N'],[['107729-N']]
тога,['129279-N'],"[['108208-N', '124872-N']]"
свинцовый_цвет,['114822-N'],[['109487-N']]
отождествление,['127386-N'],"[['106884-N', '112538-N']]"
ликование,['115175-N'],[['106657-N']]
нотариальный_деятельность,['670-N'],[['2958-N']]
пародия,"['133589-N', '145733-N']","[['107667-N'], ['106518-N']]"
оправдание_в_суд,['144153-N'],[['144154-N']]
исламский_государство,['130119-N'],[['2062-N']]
подташнивание,['127631-N'],"[['9528-N', '106565-N', '155113-N']]"
глухонемой,['5043-N'],"[['615-N', '122050-N']]"
кентавр,['126433-N'],[['111309-N']]
непобедимость,['138115-N'],[['138112-N']]
котлован,['114309-N'],[['107303-N']]
рулетка,"['117506-N', '134622-N', '151617-N']","[['8058-N'], ['2489-N', '107478-N'], ['151569-N']]"
река_пра,['102297-N'],"[['100022-N', '100079-N']]"
надуманность,['119727-N'],[['138204-N']]
электронный_цифровой_подпись,['7504-N'],[['3401-N']]
мидия,['5580-N'],"[['9650-N', '128738-N', '128740-N']]"
красный_крест,['145197-N'],"[['2260-N', '128506-N']]"
отсеивание,"['133504-N', '117783-N', '133503-N']","[['123422-N'], ['107417-N', '115756-N'], ['110909-N', '111690-N', '121187-N']]"
технический_масло,['114016-N'],"[['3916-N', '107322-N', '146023-N']]"
моравия,['137212-N'],[['100077-N']]
отвертывание,"['127316-N', '116395-N']","[['115969-N'], ['110824-N']]"
неккар,['104619-N'],"[['100022-N', '100079-N']]"
чернигов,['103110-N'],[['8247-N']]
британский_гвиана,['103662-N'],[['2062-N']]
ржаной_мука,['137572-N'],[['1227-N']]
медицинский_кодирование,['131925-N'],"[['1062-N', '114482-N']]"
шушуканье,['117878-N'],"[['106781-N', '107115-N']]"
в_форма_учреждение,['144017-N'],"[['6212-N', '134279-N']]"
лесопользователь,['6086-N'],[['6084-N']]
грибок_от_солнце,['152766-N'],[['2525-N']]
демографический_кризис,['9048-N'],"[['610-N', '9595-N', '110893-N']]"
идеология_индивидуализм,['151753-N'],[['124135-N']]
продажа_объект_недвижимость,['149280-N'],"[['2055-N', '149219-N']]"
политический_общественный_объединение,['7262-N'],"[['106667-N', '149685-N']]"
лебедка,"['121248-N', '107949-N']","[['2320-N'], ['8461-N', '107861-N']]"
хоккей_с_мяч,['7940-N'],[['109403-N']]
нагота,"['119630-N', '144953-N']","[['106563-N'], ['119630-N', '136084-N']]"
шапка,"['8114-N', '119537-N']","[['3510-N'], ['109749-N']]"
коробка,"['107069-N', '107053-N', '126190-N']","[['107070-N'], ['107038-N', '107051-N'], ['107053-N']]"
фюзеляж,['109402-N'],"[['107072-N', '143441-N']]"
комета,"['109938-N', '7087-N']","[['3540-N'], ['209-N']]"
суперкубок,['122178-N'],[['140786-N']]
удельный_характеристика,['142807-N'],[['106841-N']]
выгнивание,['130354-N'],[['111980-N']]
медина,['104669-N'],[['242-N']]
фанфара,['129449-N'],[['7991-N']]
металлист,"['139517-N', '142002-N']","[['107524-N', '114218-N'], ['130492-N']]"
турбогенератор,['135442-N'],[['139369-N']]
республика_гвинея-бисау,['105460-N'],[['2062-N']]
пусконаладочный_работа,['2688-N'],[['106490-N']]
фрахтовый_платеж,['9221-N'],"[['257-N', '112280-N']]"
сотка,['109776-N'],[['109684-N']]
сращивание,"['123846-N', '151771-N']","[['106557-N'], ['111678-N']]"
киносмотр,['6101-N'],"[['1582-N', '6996-N']]"
алжирка,['105450-N'],"[['105413-N', '132681-N', '139862-N']]"
туча,"['117179-N', '113376-N']","[['107160-N'], ['112833-N']]"
хрустальный_продукция,['143279-N'],[['137243-N']]
карст,['9271-N'],[['111-N']]
олимпийский_деревня,['9360-N'],[['6689-N']]
буденновск,['102734-N'],[['137782-N']]
стать_алкоголик,['131460-N'],[['107441-N']]
пехотинец,['113367-N'],"[['792-N', '6723-N']]"
опасный_производственный_условие,['141121-N'],[['3796-N']]
тушить_животное,['135443-N'],"[['107728-N', '115353-N']]"
обувной_мастер,['129000-N'],[['111238-N']]
предлог,"['110618-N', '106475-N']","[['110594-N'], ['137418-N']]"
брюшной_пресс,['112679-N'],[['109373-N']]
нищенка,['127170-N'],"[['125921-N', '153029-N']]"
финансовый_пирамида,['131515-N'],"[['106979-N', '129919-N']]"
внештатный_работник,['6369-N'],[['2550-N']]
в_форма_воронка,['130148-N'],[['106559-N']]
автор_пародия,['120353-N'],[['2720-N']]
смотрины,['153068-N'],[['107223-N']]
парниковый_эффект,['124128-N'],"[['111-N', '133787-N']]"
пересменка,['137140-N'],[['106723-N']]
замыкание_проводка,['123739-N'],[['1001-N']]
убыстренность,['135449-N'],[['117942-N']]
обозримость,['133083-N'],[['125615-N']]
штопорный_движение,['128531-N'],"[['107447-N', '125436-N']]"
хвост_летательный_аппарат,['112886-N'],"[['112766-N', '143441-N']]"
храпение,['113507-N'],[['107093-N']]
гомельский_область,['100726-N'],[['100055-N']]
лирический_произведение,['132147-N'],[['4488-N']]
растворитель,['5175-N'],[['3675-N']]
православный_монах,['126342-N'],"[['8388-N', '8760-N']]"
зубчик,['107506-N'],[['107203-N']]
вакханалия,"['127299-N', '128618-N']","[['123947-N', '126588-N', '128618-N'], ['119699-N']]"
микрометр,"['126983-N', '109764-N']","[['3648-N'], ['109697-N']]"
укроп,"['154222-N', '144228-N']","[['153883-N'], ['124049-N']]"
давление_атмосферный_воздух,['8235-N'],"[['106841-N', '122219-N']]"
лимонный_дерево,['144254-N'],[['126758-N']]
багдать,['105896-N'],[['242-N']]
краматорск,['100921-N'],[['242-N']]
свинарня,['9581-N'],[['108402-N']]
река_акташ,['101265-N'],[['100022-N']]
река_калитва,['102681-N'],"[['100022-N', '100079-N']]"
исследование_религия,['140724-N'],[['111355-N']]
остеопороз,['127565-N'],[['9045-N']]
обрушение,"['144032-N', '117225-N', '118324-N']","[['110893-N', '125843-N'], ['111031-N', '137421-N'], ['111950-N']]"
штык,['135968-N'],[['2159-N']]
луковица,"['132202-N', '132200-N']","[['132200-N'], ['127045-N', '133213-N']]"
сейшелы,['104680-N'],"[['2062-N', '134500-N']]"
фасад,['107486-N'],[['109080-N']]
нянечка,"['9025-N', '121212-N', '127186-N']","[['7763-N'], ['4381-N'], ['5628-N']]"
словно_гриб_после_дождь,['141497-N'],"[['106477-N', '107316-N']]"
отвесность,"['115909-N', '119722-N']","[['115908-N'], ['119720-N']]"
капуцин,"['112223-N', '112222-N']","[['10072-N'], ['110866-N', '140521-N']]"
среднеуральск,['102630-N'],[['242-N']]
изощрение,['137152-N'],[['118698-N']]
дегустатор,['114710-N'],[['10029-N']]
забрало,['140436-N'],[['124371-N']]
горный_лыжа,"['2350-N', '151991-N']","[['9844-N', '133982-N'], ['5814-N', '152260-N']]"
дарданелла,['137837-N'],[['100095-N']]
саппоро,['105077-N'],[['242-N']]
боеголовка_ракета,['2684-N'],"[['819-N', '8104-N']]"
разрушение_озоновый_слой,['145942-N'],[['111951-N']]
ручной_тачка,['129253-N'],[['145998-N']]
секс-символ,['144729-N'],[['131682-N']]
выступление_с_доклад,['114497-N'],"[['106542-N', '113372-N']]"
захлестывание,"['115284-N', '131657-N', '137926-N']","[['115285-N', '138482-N'], ['116659-N'], ['108831-N', '116419-N']]"
вишера,['101162-N'],"[['100022-N', '100079-N']]"
дневник,"['137380-N', '140820-N', '140574-N']","[['5820-N'], ['121397-N'], ['112114-N']]"
первопроходец,['140834-N'],[['132965-N']]
траншея,"['112064-N', '143463-N']","[['107424-N', '123853-N', '124419-N'], ['6485-N', '107425-N']]"
образование_кровь,['137263-N'],"[['106477-N', '125011-N']]"
балашиха,['102063-N'],[['136788-N']]
производство_тепловой_энергия,['154977-N'],[['143559-N']]
стаптывание,['140830-N'],"[['116360-N', '129004-N', '120045-N']]"
предъявительница,['117031-N'],[['152714-N']]
кувейтец,['126571-N'],"[['105413-N', '132681-N']]"
певек,['103181-N'],[['242-N']]
праздник_знание,['150127-N'],[['619-N']]
подземный_галерея,['133916-N'],"[['3405-N', '133918-N']]"
турок,['105437-N'],"[['139862-N', '106148-N']]"
прокладка_газовый_труба,['943-N'],"[['7175-N', '138613-N', '153713-N']]"
акташ,"['102555-N', '101265-N']","[['242-N'], ['100022-N']]"
ухань,['104231-N'],[['242-N']]
ирокезка,['136530-N'],[['124112-N']]
шерпка,['135667-N'],[['100046-N']]
зерновой_отход,['7131-N'],[['107429-N']]
курортник,['10021-N'],[['125985-N']]
чернобыльский_аэс,['4324-N'],[['15-N']]
оцифровка,['137466-N'],[['123487-N']]
томограмма,['137654-N'],[['113532-N']]
максимизация,['141979-N'],"[['106640-N', '130940-N']]"
зазывание,['119798-N'],[['115174-N']]
дегазация,['130771-N'],"[['110908-N', '128431-N']]"
апогей,"['126282-N', '125045-N']","[['106760-N', '143065-N'], ['148968-N']]"
укрощение,['133231-N'],[['123532-N']]
жалоба_гражданин,['140540-N'],"[['114227-N', '140539-N']]"
дубно,['102502-N'],[['242-N']]
адрес_электронный_почта,['124279-N'],[['115646-N']]
необозримость,['115111-N'],[['115110-N']]
трест,['114854-N'],"[['7147-N', '7285-N']]"
парад,"['8485-N', '120744-N']","[['120744-N'], ['117108-N']]"
нефтепродуктопроводный_транспорт,['5787-N'],[['2285-N']]
мораль,"['2989-N', '132702-N', '120994-N']","[['106512-N'], ['106777-N'], ['107124-N']]"
джизак,['100826-N'],[['8247-N']]
кикимора,['115081-N'],[['132600-N']]
квинтет,"['110321-N', '110303-N']","[['121687-N'], ['4235-N']]"
фляга,"['109263-N', '109264-N']","[['6103-N'], ['107039-N', '146231-N']]"
переваривание,"['127544-N', '115655-N', '112383-N']","[['113030-N', '125011-N'], ['127484-N'], ['109121-N', '120969-N']]"
элеутерококк,['114586-N'],[['4339-N']]
программный_вирус,['9437-N'],[['132058-N']]
солнечный_луч,['155092-N'],[['114632-N']]
шахматный_турнир,['131549-N'],[['1625-N']]
новосибирский_область,['102219-N'],[['2640-N']]
собачка,"['121423-N', '141383-N', '4454-N']","[['107496-N', '123347-N'], ['107496-N'], ['934-N', '4453-N']]"
дальневосточный_экономический_район_рф,['105355-N'],[['105349-N']]
москва,['2641-N'],"[['3208-N', '9923-N', '134783-N', '134321-N']]"
прыжок_с_шест,['110990-N'],"[['7966-N', '110948-N']]"
досаживание,['143095-N'],"[['111983-N', '112813-N']]"
изнурительность,['119099-N'],"[['118447-N', '119534-N']]"
тычок,['131841-N'],[['107404-N']]
штришок,"['113019-N', '123459-N']","[['106582-N'], ['928-N']]"
березовка,"['106043-N', '102289-N']","[['242-N'], ['242-N']]"
миксер,['131323-N'],"[['112533-N', '146864-N']]"
очередь_из_человек,['107206-N'],"[['106627-N', '107207-N']]"
аугсбург,['145571-N'],[['137904-N']]
кавер-версия,['148598-N'],"[['108434-N', '154751-N']]"
сельский_голова,['123260-N'],[['6817-N']]
олигарх,['127133-N'],"[['3332-N', '121995-N']]"
транспортный_развязка,['120651-N'],"[['4161-N', '143448-N']]"
калмыцкий_язык,['148179-N'],[['148176-N']]
главбух,['136344-N'],"[['1329-N', '7238-N', '7239-N']]"
фигурный_форма,['149885-N'],[['106559-N']]
зеленогорск_в_красноярский_край,['105630-N'],[['136746-N']]
бретань,['141444-N'],"[['140938-N', '141442-N']]"
алушта,['101477-N'],[['5904-N']]
река_глубокий,['102683-N'],[['100022-N']]
урух,['102873-N'],"[['100022-N', '100079-N']]"
аравийский_море,['105186-N'],[['134501-N']]
лебединый,['102760-N'],[['242-N']]
босанец,['125432-N'],"[['132681-N', '139245-N', '139862-N']]"
знать_толк,['128588-N'],[['128587-N']]
канзас-сити,['137151-N'],[['242-N']]
вкусность,"['114776-N', '132113-N']","[['114651-N', '123608-N', '130064-N'], ['107778-N']]"
выгораживание,"['125792-N', '130355-N']","[['106869-N', '118617-N'], ['107417-N', '115858-N', '118193-N']]"
заплыть,['115138-N'],[['1625-N']]
специалист_по_электроника,['129588-N'],[['2550-N']]
турин,['104095-N'],[['242-N']]
пенитенциарный_система,['5044-N'],"[['3381-N', '151708-N']]"
амеба,['107966-N'],[['107965-N']]
медведица,['112056-N'],"[['8891-N', '107861-N']]"
гуково,['102525-N'],[['136895-N']]
секвойя,['110278-N'],"[['2524-N', '121680-N']]"
палас,['116515-N'],[['4504-N']]
работа_в_сверхурочный_время,['7000-N'],[['3796-N']]
вклейка,['112311-N'],[['111191-N']]
мясорубка,"['123390-N', '5766-N']","[['4628-N'], ['1730-N', '111779-N']]"
мелеуз,['100397-N'],[['135115-N']]
телесерия,['121263-N'],[['1440-N']]
гофрировка,['124515-N'],[['124516-N']]
вино_бордо,['139722-N'],[['129568-N']]
уфимец,['143778-N'],[['4773-N']]
медицинский_туризм,['152436-N'],[['1633-N']]
золотодобывающий_отрасль,['2708-N'],"[['4739-N', '133122-N']]"
река_пим,['102253-N'],"[['100022-N', '100079-N']]"
пятидесятник,['141075-N'],[['136987-N']]
нижневартовск,['103025-N'],[['242-N']]
фосфор,['979-N'],[['131273-N']]
фокусирование,"['135613-N', '145862-N', '117719-N']","[['112077-N', '145755-N'], ['132848-N'], ['114501-N', '119132-N', '129749-N']]"
радиоуправление,['140708-N'],[['142771-N']]
малайзийский_столица,['105432-N'],[['3208-N']]
увольнение,"['868-N', '117652-N']","[['7656-N', '117914-N', '121284-N', '145935-N'], ['2961-N']]"
трудоспособность,"['106930-N', '3182-N']","[['106924-N', '118027-N'], ['106765-N']]"
игровой_фишка,['129455-N'],"[['106554-N', '143156-N']]"
бювет,['146838-N'],"[['107517-N', '127430-N']]"
подгорица,['142385-N'],[['3208-N']]
партсобрание,['135090-N'],[['106782-N']]
ювелирный_искусство,['5381-N'],[['5193-N']]
примесь,"['138484-N', '112140-N']","[['120213-N', '130864-N'], ['131758-N']]"
чердачный_помещение,['107209-N'],[['106573-N']]
ягодица,['110082-N'],[['112766-N']]
перерождение_в,['142367-N'],[['106951-N']]
машинист_поезд,['4601-N'],"[['4600-N', '147697-N']]"
чай_зеленый,['130920-N'],[['147106-N']]
залив_петр_великий,['102409-N'],[['100111-N']]
дуршлаг,['110307-N'],[['111779-N']]
уводь,['101370-N'],"[['100022-N', '100079-N']]"
киль,"['139840-N', '120901-N']","[['107313-N', '143441-N'], ['117759-N', '142763-N']]"
прокисание,['118731-N'],"[['111979-N', '118730-N']]"
вытяжной_шкаф,['126778-N'],"[['4870-N', '118315-N']]"
тархун,['124179-N'],"[['6862-N', '124049-N']]"
сергач,['102172-N'],[['136800-N']]
пылинка,['135145-N'],[['110735-N']]
великий_пост,['144807-N'],[['144806-N']]
пшеница,"['361-N', '142976-N']","[['358-N'], ['355-N']]"
сжигание,"['123895-N', '113411-N']","[['123897-N'], ['106483-N']]"
нацистский_преследование,['6795-N'],[['2601-N']]
шар,"['109575-N', '109574-N']","[['106554-N'], ['107031-N']]"
под_вода,['151518-N'],[['151515-N']]
собачка_механизм,['141383-N'],[['107496-N']]
маоизм,['138986-N'],[['6639-N']]
таунхаус,['147515-N'],[['3641-N']]
невежда,['128435-N'],[['111212-N']]
перепад_уровень,['133668-N'],[['118966-N']]
пешеходный_пространство,['140255-N'],"[['9171-N', '107508-N']]"
ворошение,['125728-N'],"[['106888-N', '111596-N']]"
японский_море,['105175-N'],[['241-N']]
корпусный_здание,['107036-N'],[['2526-N']]
неуважительность_причина,['141426-N'],[['138204-N']]
река_глубокий,['102683-N'],[['100022-N']]
вечерний_платье,['136960-N'],"[['108171-N', '136155-N']]"
остеохондроз,['142975-N'],[['9045-N']]
гражданский_лицо,['135020-N'],[['2149-N']]
подсластитель,"['129109-N', '142577-N']","[['114425-N', '131301-N', '142577-N'], ['131301-N']]"
арык,['120803-N'],"[['4502-N', '143484-N']]"
королева_красота,['148530-N'],[['126541-N']]
поллитра,['144703-N'],[['109783-N']]
госсоветник,['8504-N'],"[['3361-N', '3557-N', '6668-N']]"
причаливание_к_берег,['151510-N'],[['116558-N']]
наружный_освещение,['9555-N'],"[['4221-N', '9172-N']]"
калибр_ствол,['114973-N'],"[['113221-N', '140431-N']]"
салями,['108303-N'],[['126917-N']]
детский_молочный_кухня,['3529-N'],[['4084-N']]
дирижабль,['9480-N'],[['9479-N']]
неофициальный_муж,['137010-N'],[['153536-N']]
рытье_окоп,['133322-N'],"[['111791-N', '120189-N']]"
нацистский_штурмовик,['147326-N'],[['113969-N']]
расклеивание,"['114959-N', '110822-N']","[['137338-N'], ['107409-N', '107418-N']]"
клешня,['108564-N'],[['106580-N']]
внеклассный_время,['6368-N'],[['106723-N']]
итуруп,['101518-N'],[['134733-N']]
южный_каролина,['106364-N'],[['100029-N']]
сокращение_число,['106820-N'],[['106637-N']]
притирка,"['154604-N', '128334-N', '144844-N']","[['106676-N', '148420-N'], ['116521-N'], ['111667-N']]"
лощина,['132194-N'],"[['3486-N', '132959-N']]"
кровосмешение,['142838-N'],[['7340-N']]
составитель_поезд,['149774-N'],[['4600-N']]
марсель,['104889-N'],[['207-N']]
мусорк,['128110-N'],[['4560-N']]
редуктор_давление,['146821-N'],[['106555-N']]
автономный_режим,['120021-N'],[['139693-N']]
фиксирование,"['112091-N', '152808-N']","[['111944-N'], ['118698-N']]"
пепел,['112989-N'],"[['107267-N', '107429-N']]"
откатывание,['116969-N'],[['111597-N']]
непобедимость,['138115-N'],[['138112-N']]
одышка,['133318-N'],"[['9528-N', '136609-N', '106915-N', '125011-N']]"
авиационный_чартерный_перевозка,['140237-N'],"[['198-N', '4051-N']]"
транссексуал,['140409-N'],[['2149-N']]
документационный_обеспечение,['7052-N'],[['112144-N']]
проглатывание,"['130579-N', '124504-N']","[['121204-N', '121243-N'], ['114267-N']]"
отекание,['115484-N'],[['115485-N']]
владелец_счет_в_банк,['151126-N'],[['305-N']]
неперспективность,['125361-N'],[['118607-N']]
река_лядовыя,['100872-N'],"[['100022-N', '100079-N']]"
остеоартроз,['135848-N'],[['9045-N']]
черногорск,['103014-N'],[['242-N']]
издательско-полиграфический_бизнес,['1355-N'],[['106562-N']]
бубновый_карта,['114338-N'],[['110069-N']]
большой_теннис,['5649-N'],[['8594-N']]
моль,"['9773-N', '114980-N', '150096-N']","[['4203-N'], ['4719-N'], ['8646-N']]"
выставка_фотография,['9906-N'],[['6947-N']]
обнимка,['119171-N'],[['116677-N']]
тушь_для_ресница,['128055-N'],[['115261-N']]
самоорганизация,['139709-N'],[['138362-N']]
переваривание,"['127544-N', '115655-N', '112383-N']","[['113030-N', '125011-N'], ['127484-N'], ['109121-N', '120969-N']]"
дубиса,['102159-N'],"[['100022-N', '100079-N']]"
железнодорожный_балласт,['142173-N'],[['106623-N']]
исландский_язык,['148118-N'],[['146075-N']]
коронарный_кровообращение,['154718-N'],[['4807-N']]
трехлетний_период,['148769-N'],[['106731-N']]
коллективизация,['338-N'],"[['333-N', '107533-N']]"
республика_колумбия,['105051-N'],[['2062-N']]
обручалка,['129527-N'],[['107613-N']]
насвистывание,['116204-N'],"[['107097-N', '110440-N']]"
предприятие_цветной_металлургия,['9866-N'],[['523-N']]
пойма,['124520-N'],[['132959-N']]
пластиковый_пуля,['153123-N'],[['153122-N']]
естественный_монополия,"['147845-N', '10062-N']","[['121746-N'], ['7285-N', '142250-N']]"
поджигательница,['114905-N'],"[['639-N', '125624-N']]"
ракета,"['138366-N', '7087-N', '3843-N']","[['153561-N'], ['209-N'], ['211-N']]"
юбка_минь,['126986-N'],[['108092-N']]
отток,['116562-N'],"[['111045-N', '114549-N']]"
личный_осуществление,['150221-N'],[['106494-N']]
лак,['5737-N'],[['4170-N']]
машинный_шов,['109114-N'],[['108133-N']]
океания,['104507-N'],[['100076-N']]
страховой_возмещение,['4018-N'],[['121697-N']]
крылатый_ракета,['1692-N'],"[['133535-N', '143905-N', '145859-N']]"
эскалатор,['195-N'],[['113117-N']]
плод_баклажан,['144181-N'],"[['348-N', '107871-N']]"
капуста,"['144176-N', '144349-N', '144232-N']","[['6878-N'], ['144176-N'], ['348-N', '133213-N']]"
река_конда,['101063-N'],"[['100022-N', '100079-N']]"
кхмерский_язык,['148218-N'],[['148217-N']]
цыганка,['106143-N'],"[['100046-N', '106123-N']]"
выбегание,['115715-N'],"[['111045-N', '112550-N']]"
коллегиальность,['120923-N'],[['119947-N']]
горшочек,"['111802-N', '125514-N', '142567-N']","[['126838-N'], ['107039-N'], ['2173-N', '107039-N']]"
химачалый_прадеш,['137913-N'],[['105117-N']]
школьный_изложение,['147144-N'],"[['111812-N', '121396-N', '147047-N', '147145-N']]"
переходность,['119593-N'],"[['119561-N', '119592-N']]"
домкрат,['113879-N'],[['2320-N']]
такси,['3863-N'],[['162-N']]
река_шилка,['100263-N'],"[['100022-N', '100079-N']]"
автобус_паз,['153492-N'],"[['156-N', '138593-N']]"
отрицательный_число,['152543-N'],[['113292-N']]
бруней,['103336-N'],"[['2062-N', '105418-N']]"
приток,"['134131-N', '150256-N', '100079-N']","[['111329-N', '111978-N'], ['111329-N'], ['100022-N']]"
набрасывание,"['111022-N', '115004-N']","[['106938-N'], ['106493-N']]"
бюджетный_устройство,['143408-N'],[['151708-N']]
ют,['106365-N'],[['100029-N']]
ртищево,['102594-N'],[['136899-N']]
сигара,['124113-N'],[['5091-N']]
без_рецепт,['141301-N'],[['2055-N']]
эпиграмма,['109671-N'],[['108631-N']]
самообслуживание,['141903-N'],[['106529-N']]
колено_труба,['151836-N'],[['107473-N']]
киевлянин,['106279-N'],[['4773-N']]
имплантат,['144550-N'],[['1068-N']]
растение_арбуз,['8293-N'],[['144173-N']]
иновещание,['143601-N'],[['1364-N']]
нижний_лом,['105742-N'],[['136892-N']]
футбольный_поле,['122189-N'],[['148887-N']]
ремонт_автомобиль,['251-N'],"[['464-N', '2876-N']]"
чистка_обувь,['139911-N'],[['107011-N']]
магистратура,['141673-N'],[['764-N']]
город_терновка,['100852-N'],[['242-N']]
фотографический_пленка,['2171-N'],"[['919-N', '114759-N', '132419-N']]"
западный_европа,['105572-N'],[['105570-N']]
филиппина,"['105200-N', '104813-N']","[['6943-N'], ['2062-N']]"
факс,"['5546-N', '146446-N', '142969-N']","[['510-N', '144127-N'], ['123482-N'], ['106605-N']]"
подневольность,['119414-N'],[['119413-N']]
подведение,"['120629-N', '153713-N', '142046-N']","[['110760-N', '134184-N'], ['129756-N'], ['111594-N', '115694-N']]"
респектабельность,"['119871-N', '128278-N']","[['120144-N'], ['111611-N', '114217-N']]"
река_луг,['101698-N'],[['100022-N']]
ателье_одежда,['3800-N'],[['149440-N']]
газотурбинный_двигатель,['8422-N'],"[['2100-N', '143511-N']]"
беспересадочность,['125360-N'],[['119776-N']]
плавка_металл,['143760-N'],"[['111100-N', '129701-N']]"
потребительский_рынок,['2625-N'],[['2079-N']]
оценка_три,['126798-N'],[['113429-N']]
рассечение,"['128791-N', '113224-N']","[['2292-N'], ['107410-N']]"
новомосковск,"['105983-N', '102926-N']","[['242-N'], ['242-N']]"
керкира,['103331-N'],[['3465-N']]
порт_кливленд,['139569-N'],"[['207-N', '242-N']]"
фекалия_животное,['146034-N'],[['121026-N']]
заблаговременность,['139482-N'],[['121522-N']]
золото,"['109493-N', '146574-N', '267-N']","[['109492-N'], ['86-N'], ['101-N', '2868-N']]"
проедание,['128375-N'],[['106715-N']]
полоса_для_общественный_транспорт,['149902-N'],[['143106-N']]
антидемократичность,['136957-N'],[['106768-N']]
полоскание,"['121320-N', '123803-N', '153577-N']","[['115099-N'], ['123802-N', '123805-N'], ['9725-N']]"
сорск,['103012-N'],[['242-N']]
половинчатый_действие,['149812-N'],[['106711-N']]
воскресный_школа,['139127-N'],[['123-N']]
калла,['129040-N'],"[['965-N', '6883-N']]"
динамик,['145668-N'],[['5238-N']]
павлов_посад,['102031-N'],[['136788-N']]
осьминог,['9896-N'],[['128739-N']]
наждачный_бумага,['146022-N'],[['5430-N']]
наслег,['123658-N'],[['590-N']]
дядюшка,['10060-N'],[['132896-N']]
перевозка_груз_в_контейнер,['129997-N'],[['178-N']]
менструальный_цикл,['148278-N'],[['125011-N']]
библиография,['1590-N'],"[['106989-N', '121960-N']]"
краснодон,['101821-N'],[['242-N']]
сейм,['129071-N'],[['2575-N']]
свиной_грипп,['150035-N'],[['8161-N']]
моторист,['111143-N'],"[['110125-N', '110149-N']]"
камышлов,['102615-N'],[['242-N']]
вагай,['101062-N'],"[['100022-N', '100079-N']]"
прическа_хвост,['154231-N'],[['109108-N']]
пастбищный_угодье,['937-N'],[['6901-N']]
интронизация,['143979-N'],"[['1155-N', '115624-N']]"
крахмал,['5493-N'],[['108767-N']]
милитаризация,['125676-N'],"[['833-N', '1527-N']]"
озадаченность,['119393-N'],"[['118563-N', '119391-N']]"
стрела,"['147281-N', '109336-N']","[['2320-N'], ['107233-N']]"
город_лозовая,['103035-N'],[['242-N']]
нижегородчин,['102516-N'],[['105301-N']]
актау,['101100-N'],[['8247-N']]
условный_наказание,['7345-N'],"[['2971-N', '140290-N']]"
восточно-сибирский_район,['105111-N'],"[['105349-N', '100076-N']]"
самопознание,['143669-N'],[['133979-N']]
коммунальный_строительство,['6959-N'],[['141920-N']]
больший_антильский_остров,['103520-N'],[['134508-N']]
кандагар,['103390-N'],[['134154-N']]
продвижение_на_рынок,['142317-N'],"[['3590-N', '147492-N']]"
фуцзянить,['128156-N'],[['128139-N']]
кратер,['107635-N'],[['107303-N']]
азимут,['113385-N'],[['111752-N']]
останкино,['101934-N'],[['101897-N']]
период,"['126921-N', '106731-N']","[['110284-N'], ['106723-N']]"
запеченый_рулет,['128981-N'],[['107778-N']]
мегабит,['138998-N'],[['129664-N']]
ливневый_сток,['147396-N'],[['487-N']]
сенатор,['7927-N'],[['123325-N']]
мюнхенец,['129366-N'],"[['4773-N', '106291-N']]"
джиу-джитсу,['109648-N'],[['9991-N']]
зеленый_горошек,['118660-N'],[['348-N']]
ночной_смена,['154124-N'],[['120632-N']]
тюменский_обл,['102936-N'],[['2640-N']]
снование,['135132-N'],[['106587-N']]
правящий_регент,['128896-N'],[['100097-N']]
талия_фигура,['123831-N'],[['133173-N']]
недоплата,['140584-N'],[['147768-N']]
древесина_грецкий_орех,['153991-N'],[['989-N']]
подражательница,['123541-N'],[['2149-N']]
кунда,['103216-N'],[['242-N']]
тушка_животное,['135444-N'],"[['107728-N', '115353-N']]"
господин,"['140702-N', '125654-N']","[['140701-N'], ['152714-N']]"
член_яблоко,['9960-N'],[['6629-N']]
пилопродукция,['5676-N'],"[['3710-N', '9059-N', '118071-N']]"
лимузин,['111154-N'],[['132016-N']]
исток,"['117727-N', '141382-N']","[['148413-N'], ['106488-N']]"
пихта,['5890-N'],"[['2524-N', '121680-N']]"
производство_молочный_продукт,['146165-N'],[['142734-N']]
состав_преступление,['7807-N'],[['106569-N']]
текучка_персонал,['134334-N'],[['2116-N']]
подскок,"['114658-N', '114659-N']","[['111978-N'], ['114578-N']]"
шерстяной_пряжа,['108665-N'],[['7837-N']]
свинка,"['939-N', '9239-N', '129043-N']","[['108007-N', '145215-N'], ['2046-N', '108862-N'], ['5669-N']]"
черкасский_область,['103094-N'],[['100054-N']]
категория,"['120138-N', '142485-N']","[['106846-N'], ['124901-N']]"
клоп,"['124117-N', '114764-N']","[['1605-N', '147301-N'], ['122221-N']]"
содержание_текст,['124339-N'],[['106569-N']]
боб_соя,['4592-N'],"[['4781-N', '108112-N']]"
неприступность,['118382-N'],"[['117050-N', '118168-N']]"
канонизация,"['136052-N', '116370-N']","[['7552-N'], ['106884-N', '111944-N']]"
запирание,['142056-N'],[['116677-N']]
перекачка,['137928-N'],[['106938-N']]
прецедент_по_дело,['3201-N'],[['113557-N']]
крайова,['104641-N'],[['242-N']]
рысь,"['111185-N', '8761-N']","[['111180-N'], ['110841-N']]"
стаптывание_обувь,['140830-N'],"[['116360-N', '129004-N', '120045-N']]"
психиатр,['5078-N'],[['1045-N']]
оборона_команда,['154463-N'],[['106627-N']]
грудной_клетка,['10231-N'],[['109221-N']]
самоотдача,['141336-N'],[['113867-N']]
петрозаводск,['101208-N'],[['123687-N']]
хмельницкий_область,['103050-N'],[['100054-N']]
смотрины_невеста,['153068-N'],[['107223-N']]
монреаль,['104172-N'],[['207-N']]
опочка,['102483-N'],[['136894-N']]
обмотка,"['154684-N', '115187-N']","[['106536-N'], ['107325-N', '112000-N']]"
опийный_мак,['5746-N'],"[['5745-N', '9672-N']]"
скромный_поведение,['129107-N'],[['110242-N']]
алымка,['101067-N'],"[['100022-N', '100079-N']]"
терраса_склон,['108062-N'],[['107219-N']]
ситец,['107623-N'],[['2138-N']]
ступня,"['107716-N', '113764-N']","[['107729-N'], ['107133-N', '113193-N', '133173-N']]"
активный_зона_реактор,['122138-N'],[['106555-N']]
кузбасс,['137773-N'],[['138291-N']]
безопасность_плавание,['3857-N'],[['1709-N']]
размах_колебание,['108913-N'],[['106841-N']]
римский_амфитеатр,['145816-N'],[['3776-N']]
футуристка,['113482-N'],[['8848-N']]
бытовой_колодец,['4986-N'],"[['6106-N', '107304-N']]"
тиамин,['140405-N'],[['2980-N']]
вычисление_на_компьютер,['140919-N'],"[['5474-N', '111735-N']]"
засаживание,"['115215-N', '120209-N']","[['110751-N'], ['114805-N']]"
ценз_оседлость,['9196-N'],[['3068-N']]
овен,"['148803-N', '125316-N']","[['148802-N'], ['125315-N', '125327-N']]"
плис,['110190-N'],"[['2138-N', '8962-N']]"
прыть,['119396-N'],"[['119102-N', '119286-N']]"
кантата,"['108478-N', '108791-N']","[['128067-N'], ['5163-N']]"
вязание_на_спица,['146629-N'],[['150184-N']]
банковский_ликвидность,['148986-N'],"[['148988-N', '151228-N']]"
ординатор,['115427-N'],[['1045-N']]
доярка,['114243-N'],[['114044-N']]
свидетель,"['107001-N', '2586-N', '142967-N']","[['2149-N'], ['137805-N'], ['107001-N']]"
бледность,"['119457-N', '152622-N', '118231-N']","[['125205-N'], ['118231-N', '122225-N'], ['114389-N', '115892-N']]"
уфтюга,['102641-N'],"[['100022-N', '100079-N']]"
ставка_акциз,['1774-N'],"[['4417-N', '133211-N']]"
фанатизм,['129444-N'],"[['118433-N', '119563-N', '127066-N']]"
шенгенский_договор,['127574-N'],[['1115-N']]
проня,['102305-N'],"[['100022-N', '100079-N']]"
возведение_в_куб,['147464-N'],[['110684-N']]
регистр_звук,['153488-N'],[['151454-N']]
территориальный_избирательный_округ,['10114-N'],[['3847-N']]
рецепт_успех,['148583-N'],"[['106840-N', '148582-N']]"
тоннаж,['5321-N'],[['147262-N']]
хозяйство_город,['123957-N'],[['123958-N']]
супер-эвм,['133521-N'],[['133757-N']]
стрелковый_тир,['5096-N'],[['3537-N']]
снегурочка,['113432-N'],[['132600-N']]
изнанка,"['123944-N', '124749-N']","[['118483-N'], ['107448-N']]"
дидактик,"['124116-N', '126050-N']","[['150737-N'], ['4315-N']]"
гурьевск,"['101307-N', '101124-N']","[['136778-N'], ['136773-N']]"
сидение_с_ребенок,['121211-N'],"[['1592-N', '118621-N']]"
синхронный_перевод,['143365-N'],[['137434-N']]
гарнитур_для_телефон,['142462-N'],[['2563-N']]
кремовый_десерт,['109052-N'],[['107831-N']]
серебряно-прудский_р-н,['147360-N'],[['147330-N']]
тромбон,['108530-N'],[['141893-N']]
огосударствление,['843-N'],[['5418-N']]
преклонение,"['143164-N', '118494-N', '118493-N']","[['106968-N'], ['113462-N', '150230-N', '120955-N'], ['111090-N']]"
аккордеонист,['110173-N'],[['6499-N']]
лесбиянка,['125917-N'],"[['132890-N', '134846-N']]"
суринам,['105050-N'],[['2062-N']]
скорлупка,['107231-N'],[['107071-N']]
словакия,['104705-N'],"[['2062-N', '142193-N']]"
пожарище,['133597-N'],[['106451-N']]
либеральный_партия,['8007-N'],[['2382-N']]
химический_опасность,['9137-N'],[['3856-N']]
загар,['120962-N'],[['106944-N']]
медицинский_трансплантация,['7278-N'],"[['5390-N', '123844-N']]"
сейсмологический_служба,['7567-N'],[['4174-N']]
бенгази,['104343-N'],[['207-N']]
возвышенность,"['107560-N', '125692-N']","[['7166-N', '107135-N', '152793-N'], ['123794-N']]"
формочка_для_песок,['146550-N'],[['109620-N']]
временный_исполнять_обязанность,['143304-N'],[['3361-N']]
впитывание,"['130169-N', '115965-N']","[['130167-N'], ['113962-N']]"
сумоистка,['131819-N'],"[['112758-N', '112759-N']]"
уводь,['101370-N'],"[['100022-N', '100079-N']]"
перекликание,"['135140-N', '125102-N']","[['106518-N'], ['107104-N', '137784-N']]"
визитка,"['125618-N', '125617-N', '125616-N']","[['112108-N'], ['107118-N'], ['109864-N', '124872-N']]"
полковник,['7773-N'],"[['805-N', '807-N']]"
домодедовский_район,['147335-N'],[['147330-N']]
фармацевтический_промышленность,['2919-N'],[['1069-N']]
деньга_в_касса,['116963-N'],[['1276-N']]
киренск,['101042-N'],[['134529-N']]
ноша,"['127180-N', '129685-N']","[['181-N'], ['106613-N']]"
пшено,['5729-N'],[['4318-N']]
наработка,['150591-N'],[['6872-N']]
липецк,['101703-N'],"[['100066-N', '136786-N']]"
ядовитый_цвет,['151572-N'],"[['117905-N', '118355-N']]"
щедрость,['120184-N'],[['106924-N']]
пролив_лаперуз,['134735-N'],[['100095-N']]
олимпийский_деревня,['9360-N'],[['6689-N']]
графство,"['130734-N', '150068-N']","[['2052-N'], ['4644-N']]"
картинность,['119543-N'],"[['118142-N', '119217-N']]"
санаторно-оздоровительный_комплекс,['1042-N'],"[['1041-N', '6324-N']]"
тимишоара,['104649-N'],[['242-N']]
заместитель_премьер-министр,['8473-N'],"[['6668-N', '116190-N']]"
грешный_человек,['125959-N'],"[['2149-N', '125624-N']]"
валентность,"['136109-N', '129692-N']","[['137259-N'], ['106768-N']]"
кубический_форма,['151283-N'],[['106559-N']]
шкафчик_индивидуальный_пользование,['148366-N'],[['107289-N']]
родос,['103770-N'],[['3465-N']]
парализация,"['117080-N', '137752-N']","[['3406-N'], ['106704-N', '111493-N', '120502-N']]"
краснокамск,['102403-N'],[['136893-N']]
рязанский_область,['102542-N'],[['2640-N']]
запальчивость,['125761-N'],"[['125685-N', '125686-N']]"
шинковка,['110799-N'],"[['107412-N', '111775-N']]"
трубачок,['111146-N'],[['6499-N']]
толстуха,['124264-N'],[['2149-N']]
сектор_газ,['106119-N'],"[['106120-N', '100076-N']]"
трепетание,"['114585-N', '120600-N']","[['114517-N'], ['150230-N', '130971-N']]"
минданао,['104829-N'],[['3465-N']]
дания,['103787-N'],"[['2062-N', '2812-N', '105334-N', '142193-N']]"
походный_выкладка,['130439-N'],[['144072-N']]
гомельский_область,['100726-N'],[['100055-N']]
омский_область,['102309-N'],[['2640-N']]
сдача_с_сумма,['115091-N'],"[['566-N', '106694-N', '107429-N']]"
порез,"['137683-N', '115935-N']","[['106451-N'], ['2292-N']]"
харьковщина,['103026-N'],[['100054-N']]
пацифизм,['127464-N'],[['119563-N']]
заблаговременность,['139482-N'],[['121522-N']]
гонолулу,['106368-N'],[['138831-N']]
награда_американский_киноакадемия,['141067-N'],[['143954-N']]
пава,['108947-N'],[['963-N']]
индонезийский_язык,['148225-N'],[['148223-N']]
витебский_область,['100548-N'],[['100055-N']]
аул,['4631-N'],[['4104-N']]
вкладчик,['1826-N'],[['305-N']]
теплота_цвет,['119972-N'],[['106944-N']]
ностальгия_по_прошлое,['139850-N'],[['114032-N']]
наноэлектроника,['144039-N'],"[['858-N', '3429-N']]"
видоискатель,['125613-N'],"[['3470-N', '4528-N', '131790-N']]"
чернобыль,"['106001-N', '10018-N']","[['242-N'], ['122137-N']]"
высотка,"['130515-N', '146447-N']","[['107560-N'], ['113333-N']]"
лебедка,"['121248-N', '107949-N']","[['2320-N'], ['8461-N', '107861-N']]"
река_сым,['100936-N'],"[['100022-N', '100079-N']]"
пони,['8765-N'],[['935-N']]
отвод_свой_кандидатура,['128994-N'],"[['127161-N', '147043-N']]"
подскакивание,"['114658-N', '114659-N']","[['111978-N'], ['114578-N']]"
пляс,"['110449-N', '110450-N']","[['110443-N'], ['8082-N']]"
пассионарность,['142988-N'],[['118371-N']]
амьен,['104859-N'],[['242-N']]
перекапывание,"['117359-N', '137141-N']","[['115184-N'], ['116248-N']]"
газораспределение,['151788-N'],[['111592-N']]
просветительство,['140755-N'],[['106542-N']]
китолов,['152891-N'],[['4233-N']]
ломбардия,['104081-N'],[['105110-N']]
эталон,"['117613-N', '139184-N']","[['106525-N'], ['106893-N']]"
вишня,"['149369-N', '139747-N', '144186-N']","[['141925-N'], ['107956-N', '144253-N'], ['107842-N', '144322-N']]"
сирия,['104695-N'],[['105456-N']]
летний_эстрада,['117612-N'],"[['107218-N', '107558-N']]"
распарывание,"['115938-N', '130183-N']","[['107410-N', '107417-N'], ['107412-N', '107416-N']]"
гомель,['100727-N'],[['8247-N']]
территория_избирательный_участок,['3779-N'],[['107135-N']]
безнаказанность,['153637-N'],[['125232-N']]
стрела_для_стрельба,['109336-N'],[['107233-N']]
фосфоритование_почва,['8627-N'],"[['6240-N', '6797-N']]"
выкатка,['125807-N'],[['110908-N']]
казнь_на_гильотина,['125874-N'],"[['3980-N', '120796-N']]"
профессиональный_самоопределение,['4088-N'],"[['117733-N', '123772-N']]"
потенциал,"['134046-N', '134045-N']","[['106487-N', '107695-N'], ['110871-N']]"
масло_животный_происхождение,['3587-N'],"[['371-N', '2008-N']]"
прямой_угол,['120201-N'],[['111752-N']]
гуарани,['104550-N'],[['1338-N']]
снегирь,['108072-N'],[['5681-N']]
долгано-ненецкий_ао,['105313-N'],[['105293-N']]
собака_порода_доберман,['109364-N'],[['107934-N']]
стартовый_линия,['147084-N'],[['106582-N']]
передергивание_факт,['140428-N'],[['117982-N']]
бенди,['7940-N'],[['109403-N']]
расчет_с_увольнять_работник,['128800-N'],[['147768-N']]
беготня_туда-сюда,['131896-N'],"[['107469-N', '118745-N']]"
рахит,['9238-N'],[['10055-N']]
буйнакск,['100813-N'],[['242-N']]
брешь,"['132068-N', '118701-N', '123535-N']","[['106499-N', '138237-N'], ['107551-N', '112428-N'], ['107498-N']]"
авторемонтный_предприятие,['2572-N'],"[['2573-N', '2878-N']]"
оскомина,['139550-N'],"[['106915-N', '115169-N']]"
призма,['107430-N'],[['107033-N']]
целина,['9166-N'],[['110-N']]
средство_борьба_с_вредитель,['5240-N'],[['2784-N']]
накатка,"['116045-N', '118190-N']","[['106698-N'], ['118191-N']]"
биопсия,['6161-N'],[['133167-N']]
грибок_от_солнце,['152766-N'],[['2525-N']]
строительный_костыль,['142132-N'],[['5466-N']]
беркут,"['154886-N', '113778-N']","[['145240-N'], ['107784-N']]"
швейцарский_валюта,['104938-N'],[['1338-N']]
старица,"['102860-N', '135173-N']","[['137145-N'], ['107303-N']]"
наро-фоминский_р-н,['147350-N'],[['147330-N']]
паутинка,['108600-N'],[['108599-N']]
нямунас,['102154-N'],[['100022-N']]
эпиляция,['130808-N'],"[['108870-N', '110911-N']]"
перезвон,['133632-N'],[['123878-N']]
инкрустирование,['113182-N'],[['109444-N']]
социолог,['6042-N'],"[['21-N', '140359-N']]"
протирка,"['121184-N', '118413-N']","[['112136-N', '115940-N'], ['107011-N', '114441-N']]"
меморандум,['3164-N'],[['4422-N']]
травматический_пистолет,['149362-N'],[['143312-N']]
внешний_имидж,['107544-N'],[['107543-N']]
программка,"['144548-N', '513-N']","[['111708-N'], ['112114-N']]"
защищать_сторона,['148391-N'],[['140250-N']]
отсесть,"['117783-N', '133503-N', '127398-N']","[['107417-N', '115756-N'], ['110909-N', '111690-N', '121187-N'], ['107429-N']]"
ключ_к_замок,['114704-N'],[['107233-N']]
сан-марино,['105583-N'],"[['2062-N', '139506-N', '142193-N']]"
автомобильный_шасси,['113959-N'],"[['106623-N', '121282-N']]"
воздержание_от_алкоголь,['136466-N'],"[['4230-N', '124124-N', '128181-N']]"
поместный_собор,['149845-N'],[['113290-N']]
государственный_премия,['114-N'],"[['2715-N', '6377-N']]"
батальон,['5337-N'],[['790-N']]
вооруженный_ограбление,['137836-N'],[['5285-N']]
государственный_обвинитель,['141393-N'],"[['688-N', '5328-N']]"
абсолютный_большинство,['141015-N'],[['3331-N']]
тертер,['105832-N'],[['137810-N']]
бювет_с_минеральный_вода,['146838-N'],"[['107517-N', '127430-N']]"
оркестровый_яма,['147094-N'],[['107303-N']]
лютеранка,['8287-N'],[['8124-N']]
нефтяной_поле,['4738-N'],[['3503-N']]
анкетный_лист,['124532-N'],"[['111709-N', '120754-N']]"
уход_за_волос,['149850-N'],[['143066-N']]
день_советский_армия,['135221-N'],[['2610-N']]
анахайма,['128963-N'],[['242-N']]
майами,['137912-N'],[['242-N']]
небесный_свод,['112832-N'],[['224-N']]
клиницист,['110088-N'],[['1045-N']]
переложение_для_оркестр,['117851-N'],[['115815-N']]
тумак,['126265-N'],[['107404-N']]
затихание,"['114833-N', '114834-N']","[['106484-N', '119625-N'], ['114833-N']]"
кобылица,['112673-N'],"[['935-N', '107861-N']]"
неотразимость,"['139765-N', '152746-N']","[['115077-N', '106775-N'], ['114019-N']]"
жокей,['113963-N'],[['151348-N']]
кураж,['148782-N'],"[['113857-N', '118974-N']]"
вескость,['120718-N'],"[['112920-N', '119001-N']]"
кромешный_ад,['147195-N'],[['106446-N']]
нелегалка,['138462-N'],[['648-N']]
ранчо,['134431-N'],"[['342-N', '3877-N', '4644-N']]"
взрывоопасный_ситуация,"['135531-N', '152975-N']","[['8193-N', '106547-N'], ['106547-N']]"
неприспособленность,['145441-N'],[['119313-N']]
рио-де-жанейро,['103536-N'],[['242-N']]
скумбрия,['9833-N'],[['9144-N']]
камера_наблюдение,['148466-N'],"[['9995-N', '142308-N']]"
проблеск,"['107497-N', '151232-N']","[['107237-N', '107241-N'], ['106768-N']]"
рыбоперерабатывающий_отрасль,['146399-N'],[['146401-N']]
крушение_летательный_аппарат,['8347-N'],"[['4151-N', '130453-N', '154643-N']]"
курский_битва,['136771-N'],[['136770-N']]
настройка,"['132848-N', '117992-N', '145868-N']","[['106490-N'], ['106490-N'], ['132848-N']]"
туберкулез,['4727-N'],"[['1054-N', '4658-N']]"
исполнение_караоке,['143864-N'],[['110453-N']]
клуб_любитель,['145188-N'],[['106667-N']]
отвоевание,['121473-N'],"[['116303-N', '118715-N']]"
швея,['138145-N'],[['138158-N']]
собрание_сочинение,['129479-N'],"[['3790-N', '141971-N']]"
обезьянник,"['112773-N', '146547-N']","[['4337-N', '111506-N'], ['7369-N', '8127-N']]"
электрогазосварочный_работа,['132448-N'],[['3288-N']]
малолитражка,['126897-N'],[['162-N']]
родина_возникновение,['139824-N'],"[['106451-N', '106488-N']]"
шегарка,['102272-N'],"[['100022-N', '100079-N']]"
река_омь,['101054-N'],"[['100022-N', '100079-N']]"
река_огайо,['104722-N'],"[['100022-N', '100079-N']]"
лекало,"['117219-N', '117220-N']","[['113634-N'], ['107397-N']]"
шалфей,['108932-N'],"[['4339-N', '4789-N']]"
реальность,"['120999-N', '126367-N', '106798-N']","[['106563-N'], ['118739-N'], ['153782-N']]"
запрыгивание,['114589-N'],"[['107454-N', '111845-N']]"
архаичность,['120805-N'],"[['118506-N', '119422-N']]"
хорда_окружность,['129267-N'],[['123770-N']]
оспаривание_в_судебный_порядок,['117469-N'],"[['127308-N', '137751-N']]"
республика_конго,['103400-N'],[['2062-N']]
дренаж,"['4340-N', '142973-N']","[['3844-N', '145527-N'], ['9725-N', '110908-N']]"
лесной_питомник,['4338-N'],[['138248-N']]
коммутация,['143731-N'],[['106557-N']]
безопасность_судовождение,['3857-N'],[['1709-N']]
приамурья,['141627-N'],"[['7091-N', '100076-N']]"
томограмма,['137654-N'],[['113532-N']]
фразеология,['111643-N'],[['1388-N']]
республика_куба,['104295-N'],"[['2062-N', '2521-N']]"
развилка_дорога,['151223-N'],"[['123547-N', '143448-N']]"
бачок_унитаз,['142806-N'],[['5693-N']]
лесной_прогалина,['132199-N'],[['2594-N']]
горно-алтайск,['105541-N'],[['242-N']]
экипаж_летательный_аппарат,['6294-N'],"[['2128-N', '129838-N']]"
ликвидатор,"['8907-N', '147599-N']","[['2550-N'], ['7238-N', '144431-N']]"
кордова,"['103368-N', '104040-N']","[['242-N'], ['242-N']]"
физический_свежесть,['154634-N'],"[['106567-N', '118786-N']]"
диагональ_между_вершина,['113846-N'],[['113845-N']]
болид,"['136077-N', '8192-N']","[['111151-N'], ['3540-N']]"
самара,['102564-N'],"[['100066-N', '136902-N']]"
дагестанка,['105561-N'],"[['3291-N', '133035-N']]"
честолюбие,['106929-N'],"[['106924-N', '106927-N']]"
овсянка,"['108189-N', '110559-N']","[['7396-N'], ['4318-N']]"
плод_айва,['144218-N'],"[['354-N', '154384-N']]"
солнечный_затмение,['147406-N'],[['131609-N']]
стрелец_по_знак_зодиак,['149401-N'],[['148802-N']]
обывательщина,['152541-N'],[['150507-N']]
мальм,['104982-N'],[['136276-N']]
откос_проесть,['152715-N'],"[['107313-N', '123457-N']]"
специалист_по_кадр,['138124-N'],[['2551-N']]
иммунный_механизм,['6681-N'],[['145815-N']]
удар_молния,['9364-N'],[['266-N']]
разрабатывание,"['140474-N', '119670-N']","[['106490-N'], ['146965-N']]"
армия,"['788-N', '146604-N', '772-N']","[['113365-N'], ['789-N'], ['106560-N']]"
зугдиди,['100779-N'],[['242-N']]
кинокритик,"['116454-N', '116455-N']","[['4683-N'], ['4929-N']]"
алый_цвет,['109600-N'],[['109437-N']]
травля_зверь,['129222-N'],"[['117530-N', '153127-N']]"
кожва,['102419-N'],"[['100022-N', '100079-N']]"
просвет,"['128405-N', '150064-N']","[['106755-N'], ['149778-N']]"
цепной_эффект,['151494-N'],[['137818-N']]
талия_одежда,['139532-N'],[['106582-N']]
абсурдность,['124893-N'],[['119178-N']]
арабский_язык,['126924-N'],[['148180-N']]
мочалка,['121268-N'],[['121266-N']]
ядро_кокосовый_орех,['136939-N'],"[['6382-N', '107492-N']]"
охра,['110711-N'],[['4987-N']]
перстенек,['107632-N'],[['107613-N']]
обмывание,"['118009-N', '143197-N']","[['107010-N'], ['2190-N']]"
книжный_червь,['124232-N'],[['110091-N']]
постовой_милиционер,['153573-N'],[['136183-N']]
мятость,"['132727-N', '120312-N']","[['107336-N', '151360-N'], ['119515-N']]"
высаживание,"['123950-N', '111019-N', '138216-N']","[['112548-N'], ['110908-N'], ['123622-N']]"
иллюзионист,['8682-N'],[['114700-N']]
мина-ловушка,['145545-N'],[['7416-N']]
переброс,"['115653-N', '115650-N']","[['106938-N'], ['111022-N']]"
переголосовка,['9938-N'],"[['10119-N', '107602-N']]"
бестолковость,"['118136-N', '119207-N', '119206-N']","[['118135-N'], ['118252-N', '119208-N'], ['115480-N']]"
краснокаменск,['103161-N'],[['136890-N']]
радужность,['121420-N'],[['114651-N']]
товарный_ярлык,['9108-N'],"[['8034-N', '112118-N']]"
вместительность,['119744-N'],[['114019-N']]
недооцененность,['142400-N'],"[['115032-N', '131407-N', '132922-N']]"
мерзкий_поступок,['111274-N'],"[['111260-N', '106548-N', '114934-N']]"
новокубанск,['101440-N'],[['137780-N']]
дурной_глаз,['121366-N'],"[['106548-N', '126176-N']]"
бокситогорск,['101695-N'],[['136785-N']]
баян,['9988-N'],"[['1449-N', '1450-N', '108985-N']]"
умывание,['114639-N'],"[['107010-N', '153216-N']]"
трахея,['9654-N'],[['6210-N']]
программа_минимум,['144880-N'],[['10175-N']]
глобализация_мировой_экономика,['140170-N'],"[['6145-N', '145399-N']]"
маршрутизатор,['147016-N'],[['144127-N']]
киселевск,['101310-N'],[['136778-N']]
нотный_пульт,['114081-N'],[['109023-N']]
рушение,"['117225-N', '118324-N']","[['111031-N', '137421-N'], ['111950-N']]"
обострение_чувство,['137975-N'],[['106630-N']]
драгун,['126104-N'],[['126102-N']]
меньшинство,"['143830-N', '139525-N']","[['140006-N'], ['106509-N']]"
комендантский_час,['3611-N'],[['106723-N']]
аргут,['101285-N'],"[['100022-N', '100079-N']]"
наконечник,['132785-N'],[['122141-N']]
степанакерт,['102136-N'],[['8247-N']]
палочка,"['107709-N', '112546-N', '151486-N']","[['106554-N'], ['4146-N', '146293-N'], ['106582-N', '107076-N']]"
сигнальный_ракета,['134429-N'],[['138366-N']]
кожуун,['146543-N'],[['2051-N']]
четырехлетие,"['148770-N', '129523-N']","[['106731-N'], ['125912-N']]"
параллельность,"['139508-N', '139763-N']","[['119376-N'], ['106584-N']]"
секрет_изготовление,['7373-N'],"[['1408-N', '3429-N', '107704-N']]"
сирет,['103819-N'],"[['100022-N', '100079-N']]"
липецк,['101703-N'],"[['100066-N', '136786-N']]"
суданец,['130118-N'],[['132681-N']]
йеменец,['106304-N'],[['139862-N']]
смоленский_область,['102704-N'],[['2640-N']]
вентилятор,['4873-N'],"[['4870-N', '145136-N']]"
табун,"['4884-N', '126765-N']","[['4882-N'], ['7601-N']]"
бесталанность,['120825-N'],[['138351-N']]
половина_минута,['153988-N'],[['106723-N']]
тулун,['101034-N'],[['134529-N']]
заочный_образование,['4087-N'],"[['1604-N', '144669-N']]"
уравнение,"['148447-N', '116789-N', '110687-N']","[['112114-N'], ['106817-N'], ['110676-N']]"
профессиональный_пригодность,['144517-N'],[['118235-N']]
улика,['116274-N'],"[['928-N', '143796-N']]"
мягкотелость,['118453-N'],[['106924-N']]
боливийский_песо,['103510-N'],[['1338-N']]
бульвар,['7077-N'],"[['109194-N', '109310-N']]"
донный_удочка,['110333-N'],[['110334-N']]
произвольность,"['134173-N', '134174-N']","[['125713-N'], ['130136-N']]"
музыкальный_кантата,['108478-N'],[['128067-N']]
город_сокольник,['105939-N'],[['242-N']]
пляс,"['110449-N', '110450-N']","[['110443-N'], ['8082-N']]"
мзда,['4629-N'],"[['566-N', '121697-N']]"
концентрирование_вещество,['146156-N'],"[['2385-N', '139819-N']]"
коряжма,['100334-N'],[['136750-N']]
алтай,"['100980-N', '105343-N']","[['5657-N'], ['100028-N']]"
океанография,['40-N'],[['5408-N']]
короткий_волна,['6134-N'],[['1369-N']]
стекловолокно,['109992-N'],"[['2493-N', '108670-N']]"
роялистка,['127010-N'],"[['6647-N', '107524-N']]"
гренада,"['104381-N', '104906-N']","[['3465-N'], ['2062-N']]"
унисон,['110052-N'],[['110027-N']]
ориентир,"['150297-N', '127297-N']","[['106645-N'], ['147133-N']]"
вечерня,['113164-N'],[['1155-N']]
канск,['101450-N'],[['136746-N']]
экспансионизм,['138169-N'],[['1208-N']]
камарилья,['126390-N'],[['106627-N']]
система_единица,['3272-N'],[['115790-N']]
монтеррей,['151264-N'],[['153062-N']]
живец_для_ловля,['126154-N'],[['126153-N']]
молл,['103692-N'],[['3465-N']]
отход_к_сон,['115313-N'],[['120956-N']]
больной_диабет,['113842-N'],[['4846-N']]
радиационный_след,['964-N'],[['124167-N']]
ватерполо,['9687-N'],"[['8594-N', '9816-N']]"
театр_абсурд,['126583-N'],"[['1420-N', '108333-N']]"
кустанай,['101542-N'],[['8247-N']]
министерство_экономический_развитие_и_торговля,['135189-N'],[['1559-N']]
река_сема,['101284-N'],"[['100022-N', '100079-N']]"
охотовед,['6341-N'],[['2550-N']]
невменяемость,['5786-N'],"[['7789-N', '7818-N']]"
провинция_сарагоса,['104033-N'],[['105119-N']]
электрический_привод,['142391-N'],"[['114436-N', '134084-N']]"
река_щучий,['102269-N'],"[['100022-N', '100079-N']]"
дуплет,"['130980-N', '130979-N']","[['152943-N'], ['2465-N']]"
ньюпорт,['138906-N'],[['247-N']]
демонизация,['144825-N'],[['116115-N']]
роликовый_конек,['117057-N'],[['2498-N']]
гашение,"['113648-N', '118422-N']","[['106817-N'], ['106531-N', '111493-N']]"
вата,['113508-N'],[['106536-N']]
ихтиолог,['113213-N'],[['10004-N']]
поросятина,['150561-N'],[['4572-N']]
шляпка_гриб,['149989-N'],"[['123866-N', '150414-N']]"
нечерноземный_регион,['105307-N'],"[['5591-N', '105349-N']]"
гексоген,['128570-N'],[['819-N']]
саратов,['102587-N'],"[['100066-N', '136899-N']]"
консервный_промышленность,['553-N'],[['367-N']]
барсетка,['125617-N'],[['107118-N']]
карлсбад,['134361-N'],[['134362-N']]
троллейбус,"['6853-N', '194-N']","[['191-N'], ['179-N', '4029-N', '141975-N', '144362-N']]"
рубрика_рубрикатор,['134615-N'],[['120138-N']]
гусар,['126105-N'],[['126102-N']]
новоуральск,['105926-N'],[['242-N']]
государственный_сбор,['6273-N'],[['144653-N']]
опыление_растение,['131136-N'],[['116610-N']]
папоротник,['110464-N'],[['108454-N']]
произведение,"['110697-N', '107669-N', '106473-N']","[['106482-N', '106515-N'], ['106505-N'], ['111611-N']]"
подъезд,"['113452-N', '127636-N', '107230-N']","[['106587-N', '111978-N'], ['106451-N'], ['107163-N']]"
ювелирный_проба,['5502-N'],[['3616-N']]
пропиточный_состав,['143054-N'],"[['3675-N', '107460-N']]"
иерархия_каста,['153973-N'],"[['139991-N', '141173-N']]"
избыточный_масса,['148837-N'],[['148836-N']]
линька,"['132996-N', '126632-N']","[['110416-N', '149602-N'], ['110416-N', '116388-N', '125011-N']]"
взаимовыгодность,['138413-N'],[['119280-N']]
антисептический_препарат,['146043-N'],[['3168-N']]
военный_карьера,['140205-N'],[['1614-N']]
подмешивание,"['118103-N', '117069-N']","[['111983-N'], ['111983-N']]"
цирковой_акробатика,['124977-N'],"[['4911-N', '5648-N', '126942-N']]"
комсомольск-на-амур,['105678-N'],[['136195-N']]
чукча,['106216-N'],"[['139862-N', '106215-N']]"
центр_тяжесть,['129506-N'],[['129505-N']]
самос,['105018-N'],[['3465-N']]
индий,['8693-N'],"[['2868-N', '132882-N', '145367-N']]"
вице-президент,['7412-N'],"[['6668-N', '116190-N']]"
кивание,"['147300-N', '119933-N', '123443-N']","[['106808-N', '120866-N'], ['119932-N'], ['111156-N']]"
турбина_газовый,['132432-N'],[['13-N']]
касса_шрифт,['142874-N'],[['5025-N']]
зыбкость,['123742-N'],[['133391-N']]
нечувствительность,['137675-N'],[['118203-N']]
дорожный_серпантин,['109735-N'],[['131009-N']]
пляж,['5084-N'],[['5039-N']]
подстановка,['140899-N'],[['106682-N']]
баян,['9988-N'],"[['1449-N', '1450-N', '108985-N']]"
валдай,"['106276-N', '102209-N']","[['100076-N'], ['136804-N']]"
уголовный_юстиция,['2456-N'],[['1853-N']]
манагуа,['104480-N'],[['3208-N']]
хайнань,['104251-N'],"[['3465-N', '128139-N']]"
политэмиграция,['136011-N'],[['2076-N']]
экспромт,['119992-N'],[['146608-N']]
красногорск_в_московский_область,['102087-N'],[['136788-N']]
артистический_деятельность,['129938-N'],[['2431-N']]
казанка,['100619-N'],"[['100022-N', '100079-N']]"
морковь,"['148898-N', '5482-N']","[['148896-N'], ['144212-N']]"
бобровый_мех,['125241-N'],[['109561-N']]
город_электросталь,['102091-N'],[['136788-N']]
грация,"['118951-N', '120079-N']","[['118950-N'], ['120078-N']]"
национальный_происхождение,['598-N'],"[['123721-N', '135046-N']]"
осада_троить,['132055-N'],[['128876-N']]
николаевский_область,['102202-N'],[['100054-N']]
тюменский_обл,['102936-N'],[['2640-N']]
сингал,['133600-N'],[['100046-N']]
палермо,['104124-N'],[['207-N']]
микронезия,['106307-N'],[['6943-N']]
электроотопительный_техника,['2098-N'],"[['2070-N', '5583-N', '136714-N']]"
методология,['132608-N'],[['142491-N']]
казанок,['107651-N'],"[['107039-N', '126838-N']]"
противопоставление,"['135619-N', '106520-N']","[['106882-N'], ['106517-N']]"
ухо,"['154022-N', '114152-N', '145664-N']","[['133133-N'], ['106580-N'], ['10117-N']]"
германий,['5644-N'],"[['974-N', '2868-N']]"
винницкий_область,['100531-N'],[['100054-N']]
отрезвление,"['130529-N', '117280-N']","[['129710-N'], ['116244-N', '124452-N']]"
почетный_эскорт,['120014-N'],[['106627-N']]
мерка,"['139813-N', '132586-N']","[['106717-N'], ['106488-N']]"
запеканка,['107915-N'],[['107778-N']]
взяточничество,['4522-N'],"[['660-N', '5585-N', '116296-N', '142493-N']]"
удаленный_доступ,['124024-N'],[['117776-N']]
оклад_икона,['128541-N'],"[['107608-N', '130726-N']]"
крапивница,"['109069-N', '109067-N']","[['109068-N'], ['8952-N']]"
санврач,['9331-N'],"[['1045-N', '114679-N']]"
добыча_урановый_сырье,['142691-N'],[['112640-N']]
анимационный_услуга,['152287-N'],"[['152286-N', '152288-N']]"
рыбинск,['103281-N'],[['136889-N']]
новороссийск,['101441-N'],"[['207-N', '137780-N']]"
уплотнение_жилец,['129364-N'],[['119994-N']]
глянцевый_журнал,['145701-N'],[['1346-N']]
коммуналка,"['123954-N', '3571-N']","[['106562-N'], ['481-N']]"
поджигатель,['114905-N'],"[['639-N', '125624-N']]"
ощущение_дискомфорт,['136603-N'],[['106651-N']]
маршрутизатор,['147016-N'],[['144127-N']]
алейск,['100231-N'],[['136753-N']]
прокладка_маршрут,['148523-N'],"[['106710-N', '111625-N']]"
вывих,"['125781-N', '130444-N', '119797-N']","[['111370-N', '115840-N'], ['106504-N'], ['119796-N']]"
развилка_дорога,['151223-N'],"[['123547-N', '143448-N']]"
отцепка,['115987-N'],[['107417-N']]
монашеский_послушание,['144618-N'],"[['106778-N', '118435-N', '135041-N']]"
призывный_возраст,['2710-N'],[['578-N']]
рыбообрабатывающий_комплекс,['146399-N'],[['146401-N']]
квадратный_километр,['139873-N'],[['109684-N']]
просвечивание,['116202-N'],[['112136-N']]
демографический_кризис,['9048-N'],"[['610-N', '9595-N', '110893-N']]"
скорлупа,['107231-N'],[['107071-N']]
эксплуатация_машина,['146727-N'],[['111762-N']]
водокачка,['5582-N'],[['6489-N']]
верстка,"['129765-N', '123596-N']","[['129766-N', '144888-N'], ['5931-N', '106585-N']]"
отбивной_котлета,['142420-N'],[['108097-N']]
гвоздь_программа,['154088-N'],"[['106549-N', '126282-N']]"
воспаление_почка,['9415-N'],"[['9454-N', '108862-N']]"
резец,"['107697-N', '134525-N']","[['139389-N', '141943-N'], ['109417-N']]"
документационный_обеспечение,['7052-N'],[['112144-N']]
под_шумок,['132919-N'],[['119024-N']]
рыхлость,"['140430-N', '115183-N']","[['118752-N'], ['128985-N']]"
левак,['146955-N'],[['6647-N']]
разлучение,['112855-N'],"[['107409-N', '108870-N']]"
европейский_экономический_сообщество,['128370-N'],"[['6734-N', '124069-N']]"
ерзание,['126137-N'],[['119502-N']]
голография,['130639-N'],[['107002-N']]
тогучин,['102229-N'],[['136801-N']]
книжный_дело,['1424-N'],[['144051-N']]
полоз,"['121350-N', '109872-N']","[['107309-N'], ['109754-N']]"
мостовая_пролет,['136293-N'],[['537-N']]
пекарь,"['125265-N', '8751-N']","[['108007-N'], ['110125-N']]"
сетевой_тролль,['154894-N'],[['136237-N']]
экранчик,"['112129-N', '137914-N', '145849-N']","[['107313-N'], ['111092-N', '114025-N'], ['107313-N']]"
устье,"['109459-N', '107333-N']","[['106451-N'], ['107087-N']]"
мех_кролик,['147583-N'],[['109561-N']]
трубочист,['140810-N'],[['110125-N']]
сырково-творожный_изделие,['111655-N'],[['4317-N']]
бекаа,['104341-N'],[['100105-N']]
оплата_жилье,['3336-N'],[['4659-N']]
никополь,['100851-N'],[['242-N']]
расистка,['113609-N'],"[['8087-N', '127065-N']]"
засаживание,"['115215-N', '120209-N']","[['110751-N'], ['114805-N']]"
прядильный_производство,['8323-N'],"[['114376-N', '142751-N']]"
ознакомительный_версия,['148722-N'],[['106847-N']]
опись,"['8226-N', '3475-N']","[['3513-N', '106990-N', '111634-N'], ['3474-N', '106989-N']]"
рапорт,['114960-N'],[['106605-N']]
составление_описание,['149340-N'],[['112078-N']]
форпост,"['139847-N', '115918-N']","[['139796-N'], ['115917-N']]"
просрочить_долг,['132296-N'],[['3165-N']]
плод_киви,['144246-N'],[['8534-N']]
сбалансирование,['140715-N'],[['129710-N']]
индекс,"['107546-N', '107547-N', '108261-N']","[['106989-N'], ['107519-N'], ['107583-N']]"
мордовский_асср,['102008-N'],"[['100028-N', '105300-N']]"
анонс,['106837-N'],[['106836-N']]
боцман,['8621-N'],[['237-N']]
крапивница,"['109069-N', '109067-N']","[['109068-N'], ['8952-N']]"
легион,"['138488-N', '146724-N']","[['124282-N'], ['138488-N']]"
молебствие,['110514-N'],[['1155-N']]
эстерсунд,['104973-N'],[['136271-N']]
переработка_скот,['554-N'],[['367-N']]
шакал,['108931-N'],[['107795-N']]
въезд_на_постоянный_жительство,['296-N'],"[['5387-N', '115714-N']]"
в_вид_исключение,['147474-N'],[['107592-N']]
соляровый_масло,['114937-N'],"[['145-N', '146-N']]"
кореновск,['101434-N'],[['137780-N']]
худжанд,['101665-N'],[['8247-N']]
аэроклуб,['7157-N'],[['7141-N']]
двигателист,['111143-N'],"[['110125-N', '110149-N']]"
экваториальный_африка,['105482-N'],[['100076-N']]
богатый_урожай,['146938-N'],[['114842-N']]
перебрасывание,"['115653-N', '137813-N', '115650-N']","[['106938-N'], ['111022-N', '117685-N'], ['111022-N']]"
город_аз,['102522-N'],"[['207-N', '136895-N']]"
пудинг,['109169-N'],[['107831-N']]
обтекаемость_корпус,['113759-N'],[['147262-N']]
лениногорск,"['105610-N', '106065-N']","[['242-N'], ['242-N']]"
мюнхен,['103715-N'],[['137904-N']]
братский_могила,['6188-N'],[['3422-N']]
постоянный_клиентура,['146755-N'],"[['2622-N', '106863-N']]"
лепетание,['109949-N'],[['107094-N']]
пленение,"['133714-N', '4997-N']","[['115072-N'], ['127129-N']]"
открытый_горный_работf,['126418-N'],[['3726-N']]
парадокс,"['133581-N', '152656-N']","[['107257-N'], ['148879-N']]"
заковывание,['131352-N'],[['118109-N']]
саламанка,['104048-N'],[['242-N']]
администрация_президент_рф,['141180-N'],[['444-N']]
дериват,['149407-N'],[['149406-N']]
вареник,['108582-N'],[['133424-N']]
нацистский_штурмовик,['147326-N'],[['113969-N']]
переподчинение,['141263-N'],[['118038-N']]
торговый_павильон,['2909-N'],[['3947-N']]
пясть,['131868-N'],[['133173-N']]
демонизация,['144825-N'],[['116115-N']]
жительница_сочи,['142944-N'],[['4773-N']]
невозмутимость,"['119341-N', '140529-N']","[['106924-N', '118995-N'], ['119602-N']]"
ортопед,['111070-N'],[['1046-N']]
паропровод,['146367-N'],[['146366-N']]
принстон,['138794-N'],[['138791-N']]
петарда,['127530-N'],[['153561-N']]
география,"['1702-N', '148690-N']","[['6945-N'], ['106584-N']]"
выборный_орган,['6709-N'],[['117041-N']]
сантименты,['134736-N'],[['106504-N']]
детоубийство,['114467-N'],[['4628-N']]
линия_электросеть,['11-N'],[['2068-N']]
подтасовка,"['143143-N', '127630-N']","[['113119-N'], ['117347-N', '117982-N']]"
смиренность,['125230-N'],"[['119431-N', '123512-N']]"
камеральный_налоговый_проверка,['149433-N'],[['147709-N']]
пластиковый_пуля,['153123-N'],[['153122-N']]
прорисовывание,['134199-N'],[['107005-N']]
блуждание,['116322-N'],[['107470-N']]
вуктыл,['101391-N'],[['242-N']]
гидролокация,['142061-N'],[['112514-N']]
седан,"['148534-N', '148385-N']","[['126573-N'], ['162-N']]"
обкатка,"['115181-N', '115180-N']","[['106587-N', '116157-N'], ['111931-N']]"
пятка,"['146645-N', '114031-N']","[['133173-N'], ['112766-N']]"
водоворот,"['125665-N', '126474-N']","[['106451-N'], ['123585-N']]"
хасид,['143341-N'],[['105335-N']]
сырково-творожный_изделие,['111655-N'],[['4317-N']]
сателлит,"['152711-N', '116356-N']","[['445-N', '129706-N'], ['3540-N']]"
ямка,['111376-N'],[['107303-N']]
воробей,['107809-N'],[['963-N']]
катманду,['105438-N'],[['3208-N']]
трикотажный_жакет,['142589-N'],"[['108468-N', '132389-N']]"
бирманка,['105414-N'],"[['8288-N', '132681-N', '139862-N']]"
лазурь,['109516-N'],[['109476-N']]
министерство_торговля,['5113-N'],[['1559-N']]
воровской_сходка,['154028-N'],[['106782-N']]
предвыборный_агитация,['9948-N'],[['4021-N']]
розыскной_собака,['5933-N'],[['5906-N']]
прошнуровка,['146659-N'],[['118048-N']]
фенамин,['140373-N'],"[['124322-N', '138379-N']]"
печора,"['101393-N', '102413-N', '102485-N']","[['242-N'], ['100022-N'], ['136894-N']]"
детский_пирамидка,['151434-N'],[['109620-N']]
гособвинение,['143825-N'],[['3496-N']]
блвосток,['105425-N'],[['100076-N']]
остров_гренада,['104381-N'],[['3465-N']]
конкурентка,['112693-N'],[['106960-N']]
от_кутюра,['10204-N'],[['9077-N']]
уран,"['122200-N', '947-N']","[['3660-N'], ['2868-N', '3836-N']]"
каталонка,['126422-N'],"[['100046-N', '105336-N', '106140-N']]"
томограмма,['137654-N'],[['113532-N']]
отключение_электричество,['124497-N'],[['137256-N']]
облицовщик,['5790-N'],[['133586-N']]
взлом_информация,['144462-N'],[['144461-N']]
тюрколог,['146440-N'],[['112105-N']]
организация_работа,['140773-N'],[['106599-N']]
аллах,['113702-N'],[['113701-N']]
подбор,"['121418-N', '127592-N', '121419-N']","[['112077-N'], ['121692-N'], ['121187-N']]"
скрытый_наблюдение,['143797-N'],[['118780-N']]
субабонент,['2321-N'],[['2622-N']]
лечебный_корсет,['142792-N'],[['4218-N']]
тенек,['135354-N'],[['106451-N']]
театроведение,['111139-N'],[['4683-N']]
эргономичность,['152899-N'],[['119746-N']]
нью-мексико,['106353-N'],[['100029-N']]
композиция_с_альбом,['148571-N'],[['4235-N']]
теплоноситель,['133245-N'],[['820-N']]
бизнес_класс,['136676-N'],[['149363-N']]
религиозный_канон,['148425-N'],[['116369-N']]
астроном,['10241-N'],[['21-N']]
химический_чистка,['4479-N'],"[['1250-N', '1251-N']]"
вылов,"['137952-N', '114364-N']","[['106515-N'], ['115072-N']]"
самоа,['104508-N'],[['6943-N']]
синьцзян,['136741-N'],[['136737-N']]
конфиденциальность,['3578-N'],[['150495-N']]
очаков,['102204-N'],[['242-N']]
зона_пограничный_режим,['2670-N'],[['107508-N']]
предрассудок,['115553-N'],[['112293-N']]
хвалынск,['102597-N'],[['136899-N']]
неослабность,['127145-N'],[['118598-N']]
закручивание_гайка,['150072-N'],[['106636-N']]
каверзность,['119681-N'],[['118448-N']]
проводимость_тепло,['143534-N'],"[['128358-N', '135357-N']]"
зависть,['107232-N'],"[['106647-N', '107061-N']]"
аденский_залив,['105215-N'],[['100111-N']]
советчица,['115310-N'],[['2149-N']]
мансардный_этаж,['9675-N'],[['478-N']]
склянка,['137242-N'],"[['4556-N', '109266-N']]"
холера,['3073-N'],[['4955-N']]
кнопка_переключение,['131923-N'],"[['109008-N', '131921-N']]"
крен,"['126546-N', '121474-N']","[['115906-N'], ['106682-N']]"
вишера,['101162-N'],"[['100022-N', '100079-N']]"
столица_новый_зеландия,['104483-N'],[['3208-N']]
монтаж_снимка,['151720-N'],[['116074-N']]
детсадик,['131-N'],[['130-N']]
просачивание,"['139436-N', '114550-N', '139673-N']","[['111845-N', '153471-N'], ['111845-N'], ['119125-N']]"
укроп,"['154222-N', '144228-N']","[['153883-N'], ['124049-N']]"
славгород,"['100235-N', '101979-N']","[['136753-N'], ['242-N']]"
хомут,"['135629-N', '155135-N', '129685-N']","[['116588-N'], ['129099-N'], ['106613-N']]"
журавль,"['107767-N', '121171-N']","[['7396-N'], ['2320-N', '108001-N']]"
садистка,['134705-N'],"[['126278-N', '136369-N']]"
бювет,['146838-N'],"[['107517-N', '127430-N']]"
коллаж,['136982-N'],"[['4908-N', '107182-N']]"
говерла,['100978-N'],[['3484-N']]
поручение,"['121094-N', '106866-N']","[['121096-N'], ['106817-N', '121095-N']]"
городской_строительство,['541-N'],[['55-N']]
оборона_в_команда,['154463-N'],[['106627-N']]
служащий_альтернативный_служба,['129907-N'],[['145302-N']]
ухо,"['154022-N', '114152-N', '145664-N']","[['133133-N'], ['106580-N'], ['10117-N']]"
навешивание,['116886-N'],[['113352-N']]
восточно-китайский_море,['105176-N'],[['241-N']]
гол_в_матч,['121049-N'],"[['121048-N', '126070-N']]"
шлягер,['118796-N'],"[['7372-N', '110024-N', '140844-N']]"
саппоро,['105077-N'],[['242-N']]
универсальность,['119641-N'],[['119640-N']]
станкомаш,['6345-N'],[['121655-N']]
кьят,['103463-N'],[['1338-N']]
округ_колумбия,['106342-N'],"[['100029-N', '100030-N']]"
конденсатор,"['131951-N', '131953-N']","[['106555-N', '146395-N'], ['2070-N']]"
таинственность,['119306-N'],[['118135-N']]
горячий_ключ,['105623-N'],[['137780-N']]
медвежатник,"['146731-N', '136375-N', '115366-N']","[['111506-N'], ['121980-N'], ['4233-N']]"
киренск,['101042-N'],[['134529-N']]
долгожительница,['126083-N'],"[['2149-N', '106579-N']]"
шлейф_платье,['139585-N'],[['113762-N']]
ореол,"['132960-N', '137323-N', '120172-N']","[['107238-N', '109470-N'], ['114897-N'], ['133063-N']]"
зависимый_страна,['126380-N'],"[['1906-N', '129706-N']]"
кипарис,['110044-N'],"[['2524-N', '121680-N']]"
ствол_оружие,['114974-N'],[['109522-N']]
реверанс,['111403-N'],[['111401-N']]
неман,"['101117-N', '102154-N']","[['136773-N'], ['100022-N']]"
хождение_по_канат,['151857-N'],"[['107470-N', '114326-N']]"
дизентерия,['3700-N'],[['4955-N']]
гуманитарный_катастрофа,['149743-N'],[['608-N']]
парализование,"['117080-N', '137752-N']","[['3406-N'], ['106704-N', '111493-N', '120502-N']]"
манипулирование,['137787-N'],"[['106607-N', '116390-N']]"
маммограф,['138980-N'],[['3082-N']]
кухня_предприятие_общественный_питание,['109848-N'],[['107211-N']]
управделами,['130402-N'],[['7240-N']]
нуга,['108565-N'],[['1224-N']]
мединститут,['129164-N'],"[['764-N', '2982-N']]"
эскадрилья,['5618-N'],[['790-N']]
пролитие,"['110727-N', '115744-N']","[['110726-N'], ['115745-N']]"
тамиш,['103820-N'],"[['100022-N', '100079-N']]"
таунхаус,['147515-N'],[['3641-N']]
найти_свободный_время,['125810-N'],"[['118193-N', '118282-N']]"
внешний_рубеж,['674-N'],[['673-N']]
болезненность,"['119945-N', '118489-N']","[['117322-N', '151752-N'], ['118490-N', '119060-N']]"
предостережение,['106708-N'],[['106707-N']]
лечебный_чай,['146041-N'],"[['109423-N', '147992-N']]"
бутан,"['136097-N', '103552-N']","[['461-N'], ['2062-N', '8049-N']]"
стаффорд,"['153504-N', '103575-N']","[['108524-N', '143352-N'], ['242-N']]"
электрозавод,['2097-N'],[['121655-N']]
конференц-зал,['108884-N'],[['107517-N']]
выгребной_туалет,['153660-N'],[['120599-N']]
кочанный_капуста,['144349-N'],[['144176-N']]
направление_вверх,['150416-N'],[['119720-N']]
социолог,['6042-N'],"[['21-N', '140359-N']]"
перу,['104551-N'],[['2062-N']]
послушный_овца,['150187-N'],[['111392-N']]
бум_деторождение,['153869-N'],[['145430-N']]
иисус_христос,['1151-N'],"[['113701-N', '134858-N']]"
борьба_с_организовать_преступность,['133957-N'],[['6952-N']]
кагальник,['100888-N'],"[['100022-N', '100079-N']]"
кариес,['5423-N'],[['5905-N']]
романтизм,"['134611-N', '108338-N']","[['107264-N', '116752-N'], ['108333-N']]"
квтч,['133903-N'],[['147614-N']]
цинкование,['124796-N'],[['107325-N']]
вираж_трек,['124587-N'],[['121250-N']]
застилание,['131594-N'],"[['107325-N', '128665-N']]"
судостроительный_промышленность,['2455-N'],[['5357-N']]
вов,['1666-N'],"[['128876-N', '128878-N']]"
приветливость,['118933-N'],"[['118678-N', '118932-N']]"
флексия,['110614-N'],[['113860-N']]
доцент,['44-N'],"[['1386-N', '2147-N']]"
завтрак,"['6019-N', '113614-N']","[['108890-N'], ['153493-N']]"
меломан,['113187-N'],[['110091-N']]
щитовидка,['6415-N'],[['126930-N']]
полуостров_флорида,['106367-N'],[['3392-N']]
призвание,['113940-N'],[['112995-N']]
медицинский_полис,['4473-N'],"[['4134-N', '7061-N']]"
барвиха,['136795-N'],[['136794-N']]
способ_держание,['124537-N'],[['106828-N']]
дипломатичность,['126057-N'],"[['116816-N', '117958-N', '123798-N']]"
штепсельный_вилка,['120565-N'],"[['120564-N', '132868-N']]"
распродажа,['112184-N'],[['2055-N']]
фляга,"['109263-N', '109264-N']","[['6103-N'], ['107039-N', '146231-N']]"
фантасмагория,['129448-N'],[['129447-N']]
вычисление,"['140919-N', '139620-N', '111735-N']","[['5474-N', '111735-N'], ['106710-N', '106898-N'], ['106710-N', '106885-N']]"
лютеранство,['1121-N'],[['1123-N']]
дели,['103895-N'],"[['3208-N', '132070-N']]"
шаньсить,['128151-N'],[['128139-N']]
двухполосный_движение,['166-N'],"[['170-N', '106587-N']]"
сглаживание,"['116159-N', '118895-N', '116161-N']","[['111931-N'], ['118894-N'], ['116160-N']]"
добродетель,['130870-N'],"[['106924-N', '113276-N']]"
сглаживание,"['116159-N', '118895-N', '116161-N']","[['111931-N'], ['118894-N'], ['116160-N']]"
прихожанка,['111474-N'],[['4474-N']]
столяр,['8770-N'],[['110125-N']]
мазари-шариф,['134155-N'],[['134154-N']]
созерцание,['119655-N'],[['106916-N']]
застилка,['131594-N'],"[['107325-N', '128665-N']]"
лесозаводск,['102446-N'],[['137781-N']]
уголовный_судебный_разбирательство,['142669-N'],[['2458-N']]
шинкование,['110799-N'],"[['107412-N', '111775-N']]"
эмаль,"['126796-N', '4171-N', '146031-N']","[['4170-N', '126797-N'], ['126929-N'], ['107423-N']]"
штрих,"['113019-N', '123459-N']","[['106582-N'], ['928-N']]"
воскресенский_район,['147333-N'],[['147330-N']]
майор,['5603-N'],"[['805-N', '807-N']]"
дряхлость,"['129760-N', '118080-N']","[['118079-N', '133391-N'], ['119946-N', '129760-N']]"
заражение,"['121272-N', '116741-N', '153570-N']","[['116079-N', '116746-N'], ['111615-N'], ['111370-N']]"
ствига,['102462-N'],"[['100022-N', '100079-N']]"
снимка_экран,['148726-N'],[['148724-N']]
желе,['108989-N'],[['107778-N']]
лубок,['128530-N'],[['110920-N']]
санный_повозка,['111080-N'],"[['4821-N', '142547-N']]"
вахтовый_бригада,['5557-N'],"[['120633-N', '121719-N']]"
совмещение,"['141574-N', '112012-N']","[['111427-N'], ['112011-N']]"
астрология,['123909-N'],"[['106562-N', '139289-N']]"
кокчетавский_область_казахстан,['106072-N'],[['100056-N']]
переброс,"['115653-N', '115650-N']","[['106938-N'], ['111022-N']]"
плавный_эволюция,['129582-N'],[['106588-N']]
бакуриани,['105878-N'],[['242-N']]
обобщение,"['127211-N', '124899-N']","[['106777-N'], ['106456-N']]"
меркурий,['122196-N'],[['3660-N']]
намибия,['103407-N'],[['2062-N']]
блок_для_подъем,['116320-N'],[['2320-N']]
электрический_разъем,['132869-N'],[['132868-N']]
перерождение,"['142367-N', '112455-N']","[['106951-N'], ['106633-N']]"
автобус_паз,['153492-N'],"[['156-N', '138593-N']]"
транспортир,['113635-N'],[['113634-N']]
вооруженный_налет,['137836-N'],[['5285-N']]
функциональность,"['153265-N', '120124-N']","[['124552-N'], ['106562-N']]"
низание,['120389-N'],[['118109-N']]
сноска,['124510-N'],[['124511-N']]
диалектика_изменение,['150048-N'],[['106629-N']]
буржуазия,['583-N'],[['140004-N']]
колея_железный_дорога,['146600-N'],[['145048-N']]
рыбопромышленный_деятельность,['995-N'],[['367-N']]
ремесленник,['126585-N'],[['111238-N']]
татарский_язык,['146083-N'],[['141038-N']]
тоскливость,"['119622-N', '114032-N']","[['116683-N'], ['106661-N']]"
автограф,['124917-N'],"[['3401-N', '107542-N']]"
многоэтапность,['149956-N'],[['150752-N']]
подвязывание,['117966-N'],[['112286-N']]
паркетный_пол,['143232-N'],[['107147-N']]
оттава,"['148992-N', '104152-N']","[['100022-N'], ['3208-N']]"
незамысловатость,"['118869-N', '118090-N']","[['106768-N'], ['112688-N', '118089-N']]"
государственный_герб,['87-N'],"[['82-N', '2022-N']]"
стаффордшир,['121760-N'],[['121752-N']]
джемпер,['108534-N'],[['132389-N']]
компьютерный_операционный_система,['4508-N'],[['9225-N']]
сползание,['114961-N'],[['114452-N']]
химки,['102038-N'],[['136788-N']]
спица,"['118016-N', '118017-N']","[['107233-N'], ['111960-N']]"
лимонник,['107873-N'],[['107872-N']]
магистр,"['141707-N', '120058-N']","[['4860-N', '106606-N'], ['1392-N']]"
смотр,['140628-N'],[['6544-N']]
марха,['100528-N'],"[['100022-N', '100079-N']]"
свобода_вероисповедание,['2019-N'],[['276-N']]
чернение,"['135653-N', '116126-N']","[['107458-N'], ['107325-N', '146751-N']]"
подача_сигнал,['134890-N'],[['106542-N']]
якутка,['106151-N'],"[['3291-N', '139862-N', '106148-N']]"
палермо,['104124-N'],[['207-N']]
ивановский_обл,['101000-N'],[['2640-N']]
бабка_ежка,['111222-N'],"[['111309-N', '112925-N']]"
обелиск,['114371-N'],"[['114370-N', '128056-N']]"
княжеский_дружина,['140446-N'],[['135192-N']]
река_шилка,['100263-N'],"[['100022-N', '100079-N']]"
тигровый_окраска,['117549-N'],[['117548-N']]
шайба_крепление,['121551-N'],"[['5464-N', '107309-N', '107630-N']]"
бессистемность,['118254-N'],[['118252-N']]
мосток,['118265-N'],[['107176-N']]
контроль_качество,['138222-N'],[['3513-N']]
неизлечимый_пациент,['137388-N'],"[['4846-N', '5417-N']]"
воровской_сходка,['154028-N'],[['106782-N']]
резец,"['107697-N', '134525-N']","[['139389-N', '141943-N'], ['109417-N']]"
обвальный_снижение,['149461-N'],"[['8529-N', '144032-N']]"
перинатальный_патология,['133823-N'],[['616-N']]
выкидыш,['139084-N'],[['5137-N']]
гриф_музыкальный_инструмент,['125953-N'],[['107233-N']]
противоаварийный_работа,['2882-N'],[['114040-N']]
опознание,"['117370-N', '8269-N']","[['117369-N'], ['2559-N', '117370-N', '117681-N']]"
порт_кливленд,['139569-N'],"[['207-N', '242-N']]"
массив,"['107343-N', '108597-N']","[['107135-N'], ['5657-N', '107560-N']]"
беглец,['125186-N'],[['152714-N']]
действовать_армия,['3715-N'],[['789-N']]
молитвослов,['114178-N'],"[['114052-N', '114322-N']]"
лебедка,"['121248-N', '107949-N']","[['2320-N'], ['8461-N', '107861-N']]"
опрыскиватель,['144689-N'],[['106555-N']]
ус_на_лицо,['108973-N'],[['148805-N']]
судовой_рубка,['110532-N'],[['5825-N']]
долинск,['105768-N'],[['136903-N']]
лесозаготовительный_промышленность,['9181-N'],[['3940-N']]
иракец,['105426-N'],"[['105413-N', '132681-N']]"
консолидация,"['107533-N', '111483-N', '111486-N']","[['106557-N'], ['111489-N'], ['144027-N']]"
золотой_юбилей,['126295-N'],"[['134329-N', '138331-N']]"
расистка,['113609-N'],"[['8087-N', '127065-N']]"
бутовый,['101899-N'],[['101897-N']]
подбородок,['116845-N'],[['113193-N']]
разноска,"['115388-N', '123939-N']","[['108870-N', '116610-N'], ['149352-N']]"
циклон,['6328-N'],[['111-N']]
суданец,['130118-N'],[['132681-N']]
вечерний_час,['106737-N'],[['106723-N']]
эмульгатор,['145520-N'],[['820-N']]
предъявитель,['117031-N'],[['152714-N']]
проиграть_деньга,['145838-N'],"[['566-N', '106486-N']]"
спасск-дальний,['105633-N'],[['137781-N']]
оттиск_штемпель,['128027-N'],[['116570-N']]
растягивание,"['123923-N', '121061-N']","[['111586-N', '119152-N', '130131-N'], ['115978-N', '131616-N']]"
нержавейка,['131286-N'],[['65-N']]
орган_следствие,['2557-N'],[['3381-N']]
станичница,['117745-N'],"[['589-N', '3791-N']]"
филейный_вырезка,['144272-N'],"[['108653-N', '132274-N']]"
разгерметизация,"['142930-N', '142931-N']","[['118046-N'], ['106665-N']]"
поэтика,"['153195-N', '134060-N']","[['147103-N'], ['4778-N']]"
откос_проесть,['152715-N'],"[['107313-N', '123457-N']]"
алаколь,['102803-N'],[['105264-N']]
плетень,['110235-N'],[['109525-N']]
львовский_область,['101839-N'],[['100054-N']]
генерал_армия,['5637-N'],[['7308-N']]
темный_очки,['146866-N'],[['113555-N']]
нефтехранилище,['534-N'],[['106625-N']]
отваживание,['116386-N'],[['106817-N']]
прямизна,['113827-N'],[['113828-N']]
параллельный_слалом,"['152031-N', '152030-N']","[['111663-N'], ['143135-N']]"
реактивный_авиация,['9118-N'],[['199-N']]
мур,"['100578-N', '138466-N', '125133-N']","[['136764-N'], ['7691-N'], ['124894-N']]"
литр,['109784-N'],[['109783-N']]
влажность,"['130093-N', '114000-N']","[['106841-N'], ['106563-N']]"
лечебный_прогревание,['128319-N'],"[['115797-N', '152599-N']]"
комрат,['101991-N'],[['242-N']]
строгий_выговор,['147387-N'],[['3697-N']]
колокольчик,"['116508-N', '116509-N']","[['113113-N', '151345-N'], ['965-N', '4789-N']]"
обшивка_поверхность,['115007-N'],[['107325-N']]
землеройный_работа,['144621-N'],"[['546-N', '111791-N', '135041-N']]"
вертикальный_солярий,['124756-N'],[['1320-N']]
генетика,['5355-N'],[['32-N']]
коньковый_часть,['148649-N'],[['110742-N']]
приангарий,['141300-N'],[['100076-N']]
содержание_текст,['124339-N'],[['106569-N']]
ньюсмейкер,['141338-N'],[['131682-N']]
неказистость,['114815-N'],[['114408-N']]
бюллетень_для_голосование,['121814-N'],[['2428-N']]
привкус,"['134087-N', '128288-N']","[['106768-N', '130864-N'], ['130064-N']]"
подстановка,['140899-N'],[['106682-N']]
человекоподобный_инопланетянин,['131691-N'],[['128346-N']]
прощение_задолженность,['135838-N'],[['117915-N']]
латакия,['104704-N'],"[['207-N', '140734-N']]"
соглядатай,['124631-N'],[['111212-N']]
есаул,['124347-N'],[['7079-N']]
гуманитарный_кризис,['149743-N'],[['608-N']]
колония-поселение,"['4284-N', '135013-N']","[['590-N'], ['3761-N']]"
дискомфортность,['136603-N'],[['106651-N']]
калла,['129040-N'],"[['965-N', '6883-N']]"
оденсе,['103794-N'],[['207-N']]
бесполезный_трата_время,['152691-N'],[['120358-N']]
люстрация,['143104-N'],"[['601-N', '7638-N', '114441-N']]"
звонарь,['144614-N'],[['113266-N']]
лук,"['108010-N', '144347-N', '144182-N']","[['784-N'], ['144182-N'], ['348-N', '6878-N', '107867-N']]"
мозырь,['100732-N'],[['242-N']]
ужин,"['113397-N', '6021-N']","[['153493-N'], ['108890-N']]"
паства,['111474-N'],[['4474-N']]
художественный_холст,['148233-N'],[['109259-N']]
правотворческий_деятельность,['4251-N'],[['7194-N']]
противодействие_коррупция,['129932-N'],[['6952-N']]
азов,"['102522-N', '105133-N']","[['207-N', '136895-N'], ['241-N']]"
камчатский_полуостров,['101165-N'],[['3392-N']]
поминовение,['140463-N'],[['110517-N']]
климактерий,['124676-N'],[['125011-N']]
риэлтерский_услуга,['7274-N'],"[['1026-N', '1245-N', '149219-N']]"
пушкиноведение,['136921-N'],[['4778-N']]
увенчивание,['117775-N'],[['115786-N']]
гараж,['160-N'],"[['1313-N', '106573-N']]"
рио-де-жанейро,['103536-N'],[['242-N']]
воск,['117554-N'],[['820-N']]
экотуризм,['140408-N'],"[['1633-N', '152367-N']]"
выпуск_хлебобулочный_изделие,['113079-N'],"[['113078-N', '142734-N']]"
завещание,"['3988-N', '147547-N']","[['2428-N'], ['107124-N', '141350-N']]"
телесериал,['143035-N'],"[['7543-N', '121264-N']]"
темечко,['110030-N'],[['108799-N']]
мьянма,['103461-N'],[['2062-N']]
особый_примета,['114292-N'],[['106769-N']]
негорючий_шкаф,['126777-N'],"[['106625-N', '107289-N']]"
пресыщение,['116064-N'],[['107065-N']]
дисбаланс,['136602-N'],"[['118046-N', '136605-N']]"
венесуэла,['103620-N'],[['2062-N']]
лесовоз,['132128-N'],"[['9178-N', '144363-N']]"
мертвый_море,['105324-N'],[['105264-N']]
епископский_кафедра,['140798-N'],[['889-N']]
блокшота,['152855-N'],[['125235-N']]
колхоз,['339-N'],"[['2530-N', '4825-N', '134279-N']]"
эмир,['104206-N'],[['110193-N']]
сиюминутность,['134906-N'],[['119561-N']]
буквальность,"['119568-N', '145792-N']","[['106797-N', '150737-N'], ['106797-N']]"
безрукий_инвалид,['155132-N'],[['113698-N']]
живот_животное,['152921-N'],[['112889-N']]
дисбактериоз,['132281-N'],[['9337-N']]
разработчик,"['134420-N', '143307-N']","[['2720-N'], ['57-N']]"
вывод_информация,['153266-N'],[['106457-N']]
вязание_крючок,['150185-N'],[['150184-N']]
зубец,['107506-N'],[['107203-N']]
гроза,"['10208-N', '130732-N']","[['6147-N', '111132-N'], ['106474-N']]"
аэроплан,['139405-N'],[['212-N']]
сука,"['143259-N', '116483-N']","[['107499-N'], ['115541-N']]"
валяние,"['129695-N', '123757-N']","[['127466-N'], ['106888-N', '117094-N']]"
микроклимат,"['143213-N', '126990-N', '126989-N']","[['106563-N'], ['106446-N'], ['78-N']]"
комсомольск_ивановский_область,['101015-N'],[['136772-N']]
шафран,"['142329-N', '109573-N', '142330-N']","[['965-N', '4789-N', '107867-N'], ['144185-N'], ['5735-N']]"
колчан,['126479-N'],[['107924-N']]
итальянский_столица,['104065-N'],[['3208-N']]
приковывание,"['128291-N', '110792-N']","[['106817-N', '118036-N'], ['110790-N']]"
коммуникационный_коллектор,['4748-N'],"[['3405-N', '112313-N']]"
трубач,['111146-N'],[['6499-N']]
внутренний_расположение,['119754-N'],[['106584-N']]
нязепетровск,['103088-N'],[['242-N']]
юдофобия,['8099-N'],"[['600-N', '2801-N']]"
паникерша,['146697-N'],[['150507-N']]
поливинилхлорид,['9006-N'],[['142431-N']]
в_форма_клин,['149007-N'],[['106559-N']]
математический_тождество,['110706-N'],[['110676-N']]
филейный_часть,['144272-N'],"[['108653-N', '132274-N']]"
реклама_на_радио,['145331-N'],[['1343-N']]
трек,"['124586-N', '140534-N', '148571-N']","[['3240-N', '146980-N'], ['146467-N'], ['4235-N']]"
задувка,['131220-N'],"[['107440-N', '111794-N']]"
ливия,['104342-N'],[['2062-N']]
проедание,['128375-N'],[['106715-N']]
сибирский_регион,['105108-N'],[['100076-N']]
образность,['119852-N'],"[['119851-N', '119853-N']]"
мягкий_порно,['136015-N'],[['7561-N']]
поджелудочный_железо,['9488-N'],"[['109844-N', '126930-N']]"
ларец,['108126-N'],[['107051-N']]
перечитывание,"['116700-N', '150364-N']","[['107602-N', '114267-N'], ['114267-N']]"
завязка,"['123869-N', '116418-N', '123868-N']","[['107442-N', '132253-N'], ['115394-N'], ['106554-N', '107478-N', '112567-N']]"
национальный_ценность,['6930-N'],[['1427-N']]
мультик,['5130-N'],[['1440-N']]
амфибия,"['9195-N', '121708-N', '121707-N']","[['144174-N'], ['4975-N'], ['169-N']]"
снежинск,['105953-N'],[['242-N']]
кривизна,['119338-N'],[['137927-N']]
остановка_кровь,['148860-N'],"[['1062-N', '120502-N']]"
газоочистка,['4743-N'],"[['4288-N', '112139-N']]"
инженерный_войско,['3638-N'],"[['788-N', '113365-N']]"
чарт,['137527-N'],[['128556-N']]
нигерийка,"['139006-N', '130115-N']","[['132681-N'], ['132681-N']]"
новация_обязательство,['149169-N'],"[['119170-N', '149168-N']]"
раздражитель,['128625-N'],[['137418-N']]
музыкальный_струна,['129266-N'],[['108669-N']]
свертка,"['114858-N', '142136-N']","[['106554-N'], ['123389-N']]"
взаимоисключение,['139684-N'],[['132940-N']]
правотворческий_деятельность,['4251-N'],[['7194-N']]
молибден,['8189-N'],"[['974-N', '2868-N', '145367-N']]"
сестра_муж,['126292-N'],"[['132893-N', '141020-N']]"
перекройка,"['117565-N', '142398-N']","[['111861-N'], ['106785-N']]"
рак_кожа,['9649-N'],"[['4035-N', '9457-N']]"
завтрашний_день,"['150163-N', '150164-N']","[['106734-N'], ['142856-N']]"
мыслимость,['119269-N'],[['118739-N']]
учур,['100203-N'],"[['100022-N', '100079-N']]"
подстановка,['140899-N'],[['106682-N']]
осетия,['105604-N'],[['100076-N']]
газотурбинный_установка,['132432-N'],[['13-N']]
перехватывание,"['134342-N', '116697-N']","[['115072-N', '116303-N', '120319-N'], ['115593-N']]"
избыточность,['120627-N'],[['118607-N']]
калининск,['105753-N'],[['136899-N']]
вознесенск,['102205-N'],[['242-N']]
автоматизация_банковский_деятельность,['152251-N'],[['152250-N']]
кагосима,['105092-N'],[['207-N']]
биотуалет,['143613-N'],"[['5693-N', '120599-N']]"
титул_чемпион,['152570-N'],"[['3057-N', '154161-N']]"
горестность,['118662-N'],[['118307-N']]
коломенский,['101942-N'],[['101897-N']]
анекдот,"['107970-N', '113678-N']","[['107658-N'], ['106576-N']]"
нло,['124563-N'],"[['211-N', '143955-N']]"
плинтус,['120215-N'],[['107401-N']]
верфь,['4414-N'],"[['3389-N', '121655-N']]"
терминал_по_перевалка_нефть,['7076-N'],[['144375-N']]
столярный_работа,['138473-N'],[['138474-N']]
чванство,['117470-N'],[['117968-N']]
подворотня,"['114078-N', '114077-N']","[['107149-N'], ['107089-N']]"
отопление_воздух,['142827-N'],[['144-N']]
табель,"['3196-N', '107464-N']","[['3474-N'], ['106989-N', '107463-N']]"
форма_окружность,['150663-N'],[['123557-N']]
изюм,['108544-N'],[['7519-N']]
оперный_театр,['126788-N'],[['8487-N']]
бенефис,['112021-N'],"[['112022-N', '144510-N']]"
перекройка,"['117565-N', '142398-N']","[['111861-N'], ['106785-N']]"
непростительность,['118705-N'],[['118704-N']]
белый_карлик,['151466-N'],[['109931-N']]
отекание,['115484-N'],[['115485-N']]
смокинг,['108380-N'],"[['108381-N', '136155-N']]"
мышеловка,"['140554-N', '121310-N']","[['106965-N', '131479-N'], ['117890-N']]"
внешний_расположение,['119753-N'],[['106584-N']]
сетчатый_сумка,['117898-N'],[['107118-N']]
пирог,"['111720-N', '107283-N']","[['108790-N'], ['107282-N']]"
омлет,['109243-N'],[['109235-N']]
забайкалье,['105208-N'],[['100076-N']]
междоусобица,['124880-N'],[['107328-N']]
сапфир,['5819-N'],"[['103-N', '108681-N']]"
глянцевитость,['124862-N'],[['151360-N']]
миндаль,"['146507-N', '10090-N']","[['6104-N'], ['6879-N']]"
в_последний_время,['132923-N'],"[['114314-N', '124019-N']]"
меркантилизм,['124636-N'],"[['106926-N', '121498-N']]"
квадроцикл,['148604-N'],[['6921-N']]
линеечка,"['118898-N', '113719-N', '113718-N']","[['118485-N'], ['2489-N', '120285-N'], ['106582-N']]"
ноша,"['127180-N', '129685-N']","[['181-N'], ['106613-N']]"
гороскоп,['124748-N'],[['117703-N']]
цинк,['981-N'],"[['948-N', '2868-N']]"
подбор,"['121418-N', '127592-N', '121419-N']","[['112077-N'], ['121692-N'], ['121187-N']]"
фельдшерица,['7762-N'],[['7761-N']]
недра,['81-N'],[['106451-N']]
ультразвуковой_волна,['113733-N'],[['107584-N']]
японский_гейша,['130555-N'],"[['756-N', '7718-N', '105449-N']]"
виртуозный_умение,['119050-N'],[['123740-N']]
страшный_сила,['138306-N'],[['114019-N']]
исступление,['142401-N'],[['107254-N']]
карлсруэ,['103730-N'],[['137904-N']]
иджеван,['100316-N'],[['134142-N']]
спецпосланник,['143086-N'],[['129591-N']]
огурец,"['144184-N', '144338-N']","[['348-N', '107871-N'], ['143519-N']]"
крыло_колесо,['149926-N'],[['107496-N']]
кофеин,['9050-N'],"[['1067-N', '135809-N', '138379-N']]"
нематериальный_душа,['142810-N'],"[['106569-N', '135446-N']]"
тампонада,['120933-N'],"[['9725-N', '110813-N']]"
шлифование,"['3037-N', '117550-N']","[['5429-N'], ['106632-N']]"
гулкость,['130752-N'],[['114607-N']]
секретарь,"['118365-N', '118366-N', '138311-N']","[['106606-N'], ['139497-N'], ['106857-N']]"
монотонность,['119363-N'],[['118553-N']]
наркокурьерша,['123970-N'],[['123972-N']]
облизывание_губа,['121035-N'],[['111866-N']]
кинокамера,['8318-N'],"[['4530-N', '117406-N']]"
сечь,['106742-N'],"[['8647-N', '106723-N']]"
массовый_гибель,['136281-N'],[['111612-N']]
река_камчатка,['100455-N'],[['100022-N']]
задувка_доменный_печь,['131220-N'],"[['107440-N', '111794-N']]"
психофизиология,['7915-N'],"[['2921-N', '4178-N']]"
фисташка,"['108658-N', '145539-N']","[['6104-N'], ['6879-N']]"
киргизский_язык,['146089-N'],[['141038-N']]
дозатор,['130885-N'],[['106555-N']]
прессовка,['112680-N'],"[['106534-N', '111192-N']]"
оперативность,['137688-N'],"[['117942-N', '134790-N']]"
шасси,"['113959-N', '145693-N', '115619-N']","[['106623-N', '121282-N'], ['510-N', '106623-N'], ['106555-N', '143441-N']]"
греческий_драхма,['103757-N'],[['1338-N']]
музейно-выставочный_деятельность,['6948-N'],"[['5849-N', '111759-N']]"
служба_скорый_медицинский_помощь,['151375-N'],"[['1037-N', '7635-N']]"
столица_украина,['102960-N'],"[['3208-N', '8247-N']]"
юный_преступник,['1846-N'],"[['648-N', '4022-N']]"
павловск,"['102582-N', '100687-N']","[['100053-N'], ['136766-N']]"
атмосферный_сточный_вода,['132398-N'],[['497-N']]
поп-рок,['143708-N'],[['143709-N']]
надежда,['107145-N'],[['107144-N']]
полевой_севооборот,['5009-N'],[['122085-N']]
тушенка,['129329-N'],"[['9810-N', '108097-N', '150041-N']]"
зажиточность,['118977-N'],[['118975-N']]
переоформление_документ,['137872-N'],"[['120969-N', '137871-N']]"
дезоксирибонуклеиновый_кислота,['135975-N'],[['5992-N']]
высотный_мачта,['142563-N'],[['2525-N']]
облизывание_губа,['121035-N'],[['111866-N']]
методичность,['119901-N'],[['119900-N']]
львовский_область,['101839-N'],[['100054-N']]
юниор,['124599-N'],"[['1626-N', '152902-N']]"
аллергический_больной,['111906-N'],[['4846-N']]
ручной_молотый,['118033-N'],[['114975-N']]
аспирантка,['1342-N'],"[['2196-N', '129140-N']]"
кандалакша,['102111-N'],[['242-N']]
палладий,['5412-N'],"[['2868-N', '6392-N']]"
размолвка,['124610-N'],[['124609-N']]
наружный_освещение,['9555-N'],"[['4221-N', '9172-N']]"
консоль,"['131957-N', '133579-N']","[['107203-N', '145619-N'], ['510-N']]"
конструкция,['139509-N'],[['106575-N']]
перетирание,"['116690-N', '116691-N']","[['107410-N'], ['111994-N']]"
недооцененность,['142400-N'],"[['115032-N', '131407-N', '132922-N']]"
шлиссельбург,['101697-N'],[['136785-N']]
коридор_здание,['107286-N'],"[['107091-N', '129993-N']]"
черный_волос,['115331-N'],[['115326-N']]
полпред,['134002-N'],[['106891-N']]
патио,['151750-N'],[['120100-N']]
швыряние,"['111022-N', '117400-N']","[['106938-N'], ['111022-N']]"
разделение_на_зона,['147933-N'],[['107410-N']]
выигрыш,"['143088-N', '114328-N', '125786-N']","[['588-N', '106660-N', '138598-N'], ['113796-N'], ['116303-N']]"
молебствие,['110514-N'],[['1155-N']]
рдение,"['111004-N', '110417-N']","[['106646-N'], ['110416-N']]"
демограф,['8974-N'],[['140359-N']]
швабра,['146879-N'],[['146878-N']]
искатель,"['131790-N', '131789-N']","[['107496-N'], ['150507-N']]"
дорожный_чек,['141251-N'],[['135511-N']]
аят,['102897-N'],"[['100022-N', '100079-N']]"
поп-ансамбль,['136014-N'],[['121687-N']]
