год	18161
спутник	9792
аппарат	8354
полёт	5894
орбита	5862
ракета	5452
система	5219
запуск	4842
корабль	4767
двигатель	4449
земля	4443
станция	3677
время	3420
космос	3276
носитель	3267
программа	3228
луна	3152
исследование	2950
проект	2917
работа	2901
поверхность	2825
миссия	2648
модуль	2377
марс	2175
связь	2100
мочь	2095
масса	2009
примечание	2006
союз	1997
помощь	1953
атмосфера	1850
посадка	1845
диапазон	1744
ссылка	1669
компания	1639
скорость	1618
серия	1614
ступень	1578
часть	1574
прибор	1573
создание	1566
эксперимент	1554
высота	1553
экипаж	1546
энергия	1533
май	1531
управление	1503
телескоп	1484
цель	1479
наса	1474
камера	1465
сша	1427
космодром	1396
декабрь	1389
результат	1368
испытание	1368
апрель	1351
разработка	1348
космонавт	1347
планета	1343
минута	1342
сентябрь	1335
март	1304
октябрь	1268
июль	1265
блок	1260
центр	1248
изучение	1245
использование	1234
август	1232
день	1220
обращение	1210
топливо	1183
ссср	1182
батарея	1182
комплекс	1174
нагрузка	1166
платформа	1163
ноябрь	1163
состав	1160
наблюдение	1160
конструкция	1131
аппаратура	1129
февраль	1127
задача	1122
установка	1122
дата	1089
история	1087
час	1083
венера	1081
январь	1080
июнь	1072
измерение	1062
солнце	1039
режим	1029
мкс	1028
расстояние	1026
излучение	1025
астронавт	1020
борт	1008
старт	1005
комета	992
метр	977
информация	974
зонд	940
место	933
качество	933
секунда	913
возможность	882
разрешение	874
антенна	871
точка	869
тяга	862
тип	854
изображение	850
оборудование	850
поле	849
человек	844
период	840
россия	837
пространство	834
начало	821
температура	817
инструмент	810
объект	807
институт	803
рамка	799
область	796
сторона	783
мир	781
размер	778
звезда	770
течение	761
источник	761
раз	752
луч	748
прогресс	747
аполлон	746
сигнал	734
агентство	734
пуск	730
база	725
траектория	723
ориентация	722
грунт	722
диаметр	713
стыковка	712
космонавтика	706
марсоход	704
частица	701
роскосмос	700
число	698
спектрометр	696
выход	691
мощность	690
ход	690
отсек	686
датчик	681
название	681
момент	681
передача	678
технология	678
состояние	665
срок	657
образец	655
сайт	654
площадка	652
конец	640
малый	636
проведение	632
слой	627
имя	627
условие	624
устройство	623
снимок	623
спектр	620
проблема	618
обсерватория	617
давление	615
млн	614
основа	611
тело	610
элемент	605
специалист	603
список	602
астероид	600
рабочий	599
команда	595
процесс	593
груз	592
кратер	589
детектор	589
движение	589
вариант	586
длина	582
решение	580
страна	578
экспресс	573
характеристика	570
параметр	568
обеспечение	568
экспедиция	567
байконур	561
подготовка	556
вода	550
гамма	550
средство	544
корпус	539
количество	537
определение	536
газ	532
компонент	530
район	527
учёный	524
месяц	519
поток	511
эксплуатация	508
материал	508
километр	506
изменение	497
протон	497
командир	495
этап	492
университет	488
развитие	488
наука	485
восток	485
сутки	484
случай	477
организация	474
причина	469
съёмка	467
производство	467
частота	466
кислород	463
группа	461
панель	459
вывод	456
доставка	454
манёвр	452
вид	447
сила	444
интеркосмос	442
положение	441
стоимость	439
план	435
океан	433
получение	429
наклонение	427
лаборатория	424
образ	422
нпо	420
схема	420
тонна	420
импульс	413
класс	412
вес	410
литература	408
форма	406
зона	404
уровень	403
канал	399
направление	394
луноход	393
описание	392
транспондёр	386
волна	385
коррекция	383
самолёт	383
версия	379
анализ	378
модификация	377
европа	373
точность	373
юпитер	372
попытка	372
шаттл	372
бак	371
ветер	370
апогей	366
техника	365
сравнение	364
доллар	364
сопло	363
контракт	362
градус	362
спуск	362
счёт	359
служба	359
назначение	354
ран	354
возвращение	350
копия	348
зеркало	347
поиск	345
сближение	344
капсула	342
включение	341
ресурс	340
угол	340
среда	339
территория	338
совет	337
ряд	337
ось	337
участие	336
плоскость	334
карта	333
питание	333
ровер	333
оригинал	332
авария	332
участок	329
свет	326
узел	324
член	324
контроль	322
галактика	322
салют	318
перигей	316
применение	315
проверка	314
объём	314
предел	309
отделение	309
защита	308
пилот	307
обзор	307
частность	307
жизнь	306
вращение	304
выведение	303
млрд	302
небо	301
действие	299
журнал	299
выполнение	298
модель	296
площадь	295
фотография	292
оборона	290
мина	290
номер	290
вещество	290
поколение	289
ариан	289
зенит	289
воздействие	288
существование	286
оценка	285
порядок	284
водород	283
отработка	283
ядро	281
друг	280
электрон	280
структура	280
ионосфера	279
событие	279
зрение	278
контейнер	277
оператор	277
приём	276
миллион	276
парашют	275
финансирование	275
пыль	274
продолжительность	274
министерство	271
метод	270
сотрудничество	269
окб	268
отличие	268
море	268
вопрос	267
китай	267
бортинженер	266
полоса	265
путь	265
позиция	264
достижение	263
маринер	262
разработчик	260
пара	259
наличие	258
сми	256
тысяча	255
аккумулятор	254
окислитель	254
руководитель	253
торможение	253
исследователь	252
сгорание	252
распределение	252
особенность	251
реализация	250
завершение	250
руководство	250
пролёт	250
цикл	249
плотность	248
академия	248
изготовление	248
снижение	247
значение	247
угловой	245
инженер	245
директор	245
конструктор	244
падение	244
прототип	243
зондирование	241
глава	240
плазма	238
влияние	238
воздух	238
отказ	237
виток	236
концепция	236
ускорение	235
академик	234
новость	233
радиация	233
запас	232
передатчик	232
итог	232
координата	229
деятельность	228
строй	228
реактор	227
увеличение	227
обнаружение	226
компьютер	225
сообщение	225
услуга	225
владимир	224
франция	224
регистрация	224
обработка	224
сфера	223
вертолёт	223
рекорд	222
стабилизация	219
президент	217
оао	217
предприятие	217
расчёт	216
плесецк	216
обозначение	215
лёд	215
семейство	215
дельта	215
сеть	214
порода	214
проектирование	213
комиссия	213
ускоритель	213
парус	212
лавочкин	212
столкновение	211
телеметрия	210
физика	209
освоение	209
мыс	209
группировка	209
вход	207
камень	207
облако	206
скотт	206
ширина	205
пояс	205
покрытие	204
ситуация	204
макет	203
юрий	202
федерация	201
разведка	201
канаверал	201
строительство	200
потеря	200
взрыв	200
принцип	198
сборка	198
честь	198
титан	198
свойство	198
скафандр	198
навигация	196
рубль	196
долгота	195
идея	194
требование	194
пионер	194
глубина	193
слово	192
пункт	191
необходимость	191
сбой	191
чанъэ	191
япония	189
охлаждение	189
мониторинг	189
переход	189
полюс	188
расход	186
статья	185
предложение	185
перелёт	185
оппортьюнити	184
сатурн	183
половина	183
спейс	183
сбор	183
интерес	181
королёв	181
александр	180
линия	180
орион	180
вспышка	180
взаимодействие	179
способ	179
замена	179
магнитометр	179
безопасность	178
эффект	177
обтекатель	177
открытие	176
янг	176
ошибка	176
хьюстон	176
функционирование	175
основание	175
завод	175
штат	174
мера	173
эффективность	173
каталог	173
москва	173
кура	173
атлас	173
германия	173
тыс	173
фгуп	172
квт	171
набор	171
вселенная	171
очередь	171
невесомость	170
сегмент	170
приёмник	169
ретранслятор	169
сеанс	169
длительность	169
неделя	169
середина	168
мкм	168
экран	168
город	168
счётчик	168
наклон	167
буран	167
трос	167
механизм	165
радиометр	165
величина	164
способность	164
отсутствие	164
украина	164
реакция	164
бюро	163
заряд	163
зависимость	163
энциклопедия	163
приземление	162
продукт	162
общество	162
пресс	162
армстронг	162
горизонт	161
обслуживание	160
ион	160
килограмм	160
активность	160
функция	160
подача	160
пребывание	160
рейс	159
появление	158
квант	157
полигон	157
галлей	156
нии	155
будущее	155
поддержка	155
участник	155
сернана	155
концентрация	154
ямал	154
хроника	154
вояджер	153
выбор	153
молния	153
электропитание	152
деталь	152
соответствие	152
ввс	152
сергей	151
магнитосфера	151
всплеск	151
сложность	149
тестирование	149
фаза	149
конкурс	149
ёмкость	148
шмитта	148
задание	147
учёт	147
операция	147
хронология	146
радар	146
азот	146
фактор	145
широта	145
правительство	145
память	145
плутон	145
меркурий	145
кабина	145
отклонение	144
джеймс	144
корпорация	142
бюджет	142
происхождение	142
восход	142
электроника	142
гелий	141
сведение	141
опыт	141
представитель	141
прогноз	141
видео	140
окончание	140
содержание	140
фотон	140
осуществление	140
экватор	139
электроэнергия	139
роль	139
прохождение	139
крыло	139
астроном	139
главное	138
явление	138
ночь	138
удар	137
пиксель	137
отношение	137
дьюк	137
формирование	136
кит	136
снабжение	136
сотня	136
соглашение	135
экзопланета	135
степень	135
орёл	135
лифт	135
интернет	134
авиация	134
образование	133
водяной	133
страница	133
целое	133
минимум	133
конференция	133
развёртывание	133
машиностроение	133
мнение	132
кадр	132
век	131
манипулятор	131
стадия	131
остров	131
астрономия	131
агрегат	130
клапан	130
великобритания	130
граница	130
колесо	130
америка	130
взлёт	130
большинство	130
неудача	129
сокра	129
дыра	129
фильм	128
фирма	128
запись	127
обломок	127
экз	126
надёжность	126
поддержание	126
соединение	126
люк	126
индия	125
ред	125
путешествие	125
нейтрон	125
министр	125
исса	124
дмитрий	124
гагарин	124
буря	124
заместитель	122
организм	122
риск	122
недостаток	121
регион	121
облёт	121
затрата	121
ангара	121
бриз	120
изделие	120
толщина	120
заказ	120
комплект	120
пора	119
вакуум	119
гравитация	119
проба	119
вега	118
расширение	118
смесь	118
миллиард	118
диск	118
вооружение	118
наведение	118
доступ	118
циклон	117
теория	117
музей	117
повышение	116
оборот	116
келдыш	116
стояние	116
знак	116
мусор	115
италия	115
отражатель	115
преимущество	115
стрела	114
решетнёв	114
кристалл	114
крышка	114
уменьшение	113
ооо	113
местность	113
энергомаш	113
слежение	113
олдрина	113
дальность	112
сплав	112
африка	112
ретрансляция	112
бион	111
факт	111
радиус	111
курс	111
плёнка	111
динамика	110
книга	110
пример	110
расстыковка	110
подсистема	110
перегрузка	110
лагранж	110
край	109
напряжение	109
контакт	109
глонасс	109
чанчжэн	108
боковой	108
тень	108
вектор	108
успех	108
катастрофа	108
микроспутник	108
спирит	108
вклад	107
предоставление	107
сотрудник	107
вещание	107
отдел	107
маневрирование	107
задержка	107
неисправность	107
повреждение	107
джеминь	106
ток	106
жизнеобеспечение	106
окно	106
спасение	106
медаль	106
алмаз	105
перемещение	105
собака	105
погода	105
гироскоп	104
телевидение	104
формат	104
война	104
аджена	104
рельеф	103
выброс	103
индекс	103
документация	103
оружие	103
ирвин	103
рука	102
оболочка	102
телекамера	102
чувствительность	101
хранение	101
построение	101
сумма	101
распространение	101
высадка	101
насос	101
кольцо	101
коэффициент	101
яркость	100
матрица	100
дело	100
показатель	100
отрасль	100
перенос	100
аналог	100
контур	99
канада	99
азия	99
джон	99
казахстан	99
генератор	99
перспектива	98
штанга	98
продолжение	98
метан	98
демонстрация	98
государство	98
цилиндр	98
подъём	97
минотавр	97
человечество	97
истечение	96
альфа	96
реголит	96
расположение	96
промышленность	96
правило	96
производитель	96
планетоход	96
кабель	96
удаление	96
калибровка	95
фотографирование	95
стенка	95
наноспутник	94
след	94
договор	94
перечень	94
кеннеди	93
доля	93
конус	93
улучшение	93
запад	93
калифорния	93
исключение	93
захват	92
сохранение	92
гвиана	92
рогозин	92
галилео	92
конфигурация	92
фрагмент	92
анализатор	92
пакет	92
картографирование	91
сканирование	91
перигелий	91
усиление	91
прекращение	91
заказчик	90
борис	90
остановка	90
неполадка	90
модернизация	90
множество	90
радиосвязь	90
телестудия	90
уэбба	90
секция	89
работоспособность	89
разрушение	89
перевод	89
снимка	89
кандидат	89
комитет	89
окрестность	89
кьюриосити	89
гдр	89
кндр	89
терморегулирование	88
центавро	88
размещение	88
разделение	88
трасса	87
австралия	87
заявление	87
масштаб	87
чандраяна	87
материя	87
сервейер	86
гора	86
сброс	86
ограничение	86
протяжение	86
кубсат	86
посещение	86
созвездие	85
экзомарс	85
сокращение	85
тест	85
автор	85
виктор	85
видимость	85
турбина	85
апертура	84
цена	84
процессор	84
доза	84
лётчик	84
викинг	84
валун	84
профиль	83
колумбия	83
анатолий	83
астрофизик	83
преобразование	83
ауос	83
заря	82
обмен	82
таблица	82
природа	82
галерея	82
циолковский	82
глушко	82
маринера	82
валерий	81
космоплан	81
цупа	81
тяньгун	81
документ	81
габарит	81
постановление	81
конгресс	81
рейнджер	81
планирование	80
животное	80
десяток	80
колебание	80
загрязнение	80
привод	80
опора	80
хаббл	80
адаптер	80
радуга	80
вероятность	79
цвет	79
стенд	79
председатель	79
порт	79
корея	79
машина	79
ксенон	78
интенсивность	78
маяк	78
фотокамера	78
раскрытие	78
прибытие	78
алюминий	78
хвост	78
фай	78
днепр	78
фотометр	78
студент	77
литий	77
характер	77
уран	77
отправка	77
сейсмометр	77
ферма	77
процедура	77
экземпляр	76
сантиметр	76
летие	76
шаг	76
евро	76
транспортировка	76
афина	76
климат	76
лента	76
метеорит	75
предмет	75
сход	75
предшественник	75
роберт	75
заседание	75
полушарие	75
госкорпорация	75
годдард	75
микрометеорит	75
михаил	75
кресло	75
подтверждение	74
днепропетровск	74
культура	74
знание	74
лазер	74
последствие	74
чсср	74
прилунение	73
постройка	73
шар	73
обстановка	73
керосин	73
пульсар	73
тор	73
корректировка	73
розетта	73
встреча	72
соотношение	72
отчёт	72
ремонт	72
радиолокатор	71
радиолиния	71
эволюция	71
нахождение	71
капустин	71
исполнение	71
нагрев	71
ванденберг	71
железо	71
кеплер	71
челленджер	71
фото	70
потенциал	70
отключение	70
радиоволна	70
газогенератор	70
удержание	70
труба	70
выработка	70
приводнение	70
внимание	70
титов	70
строение	70
инфраструктура	70
готовность	70
афанасьев	70
индевора	70
коронас	70
остаток	69
возраст	69
скопление	69
фрегат	69
выпуск	69
аму	69
поставка	68
антарес	68
ватт	68
майкл	68
тема	68
иллюминатор	68
трубка	68
фотосъёмка	68
хруничев	67
олег	67
звездолёт	67
заявка	67
разгон	67
кнр	66
стандарт	66
президиум	66
фильтр	66
испания	66
роман	66
корона	66
газета	66
маховик	66
артемида	66
радиосигнал	66
премия	66
предположение	65
автоматика	65
челнок	65
комментарий	65
макс	65
шэньчжоу	65
радиотелескоп	65
яэда	65
радио	65
глаз	64
наименование	64
категория	64
тяжесть	64
орган	64
распад	64
объектив	64
оон	64
грамм	63
никель	63
отверстие	63
рост	63
право	63
возврат	63
аномалия	63
николай	63
трудность	63
войско	63
робот	63
практика	63
покров	63
республика	63
алексей	62
координация	62
отражение	62
смена	62
флорида	62
угроза	62
моделирование	62
рокот	62
подразделение	62
кора	62
жидкость	62
склон	62
усилие	62
звание	62
волков	62
поездка	62
интервал	61
вып	61
иванович	61
восстановление	61
трансляция	61
лето	61
местоположение	61
отстыковка	61
единица	61
интервью	61
ярд	61
ствол	61
мачта	61
флаг	61
вариация	61
почва	61
закон	60
мышь	60
пользователь	60
возмущение	60
пылевой	60
поведение	60
монитор	60
панорама	60
энергоснабжение	59
шум	59
публикация	59
цниимаш	59
десятилетие	59
север	59
миля	59
предупреждение	59
нога	59
метеор	58
лицо	58
долл	58
ячейка	58
размах	58
кассинь	58
сообщество	58
опасность	58
смещение	58
буксир	58
фонд	58
днище	58
мишень	58
филиал	58
баллон	58
пушка	58
дискаверер	58
орбитер	58
подход	57
скайлэб	57
ответ	57
облучение	57
прочность	57
начальник	57
энергетика	57
посылка	57
феникс	57
эксплорер	57
подрядчик	57
признак	57
спектрограф	57
скиф	57
пол	56
карлик	56
доработка	56
долина	56
проработка	56
грузоподъёмность	56
дэвид	56
тасс	56
павел	56
второе	56
влажность	56
нептун	56
астронавтика	56
язык	56
гонка	56
авангард	56
освещённость	56
фантастика	56
игорь	55
расследование	55
женщина	55
кубсата	55
клипер	55
крепление	55
представление	55
канопус	55
партнёр	55
гринвич	55
озеро	55
бур	55
вальтер	55
иран	55
молоток	55
доклад	54
тренировка	54
гипотеза	54
конюхов	54
газа	54
нарушение	54
мткк	54
грузовик	54
приближение	54
геология	54
награда	54
костюм	54
зажигание	54
показание	53
выдача	53
рынок	53
гибель	53
оптико	53
побережье	53
объединение	53
закрытие	53
сопротивление	53
дом	53
шасси	53
эксперт	53
радиатор	53
стекло	53
отслеживание	52
инициатива	52
механика	52
георгий	52
янгель	52
возникновение	52
железняк	52
код	52
понимание	52
сооружение	52
интелсат	52
гидразин	52
заправка	52
микроорганизм	52
снег	52
утечка	52
массив	52
спираль	52
грань	52
гюйгенс	52
леонид	51
выключение	51
скиапарелли	51
буква	51
отбор	51
принятие	51
весна	51
пиньинь	51
польза	51
юнона	51
электроснабжение	51
притяжение	51
ввод	51
дублёр	51
кремний	51
устойчивость	51
звук	51
горение	51
эфир	51
наддув	51
фил	51
связка	51
суд	51
чарльз	50
решётка	50
картина	50
минерал	50
росс	50
углерод	50
оптика	50
американец	50
кусок	50
кпсс	50
дискавери	50
лодка	50
коллинза	50
уточнение	50
енисей	50
атом	49
арсенид	49
нпп	49
присутствие	49
геннадий	49
энергопотребление	49
башня	49
рама	49
колонизация	49
дополнение	49
следствие	49
нил	49
поляризация	48
струя	48
коллиматор	48
алгоритм	48
кгс	48
тетраоксид	48
кооперация	48
ричард	48
перицентр	48
дорога	48
кбит	48
забор	48
дбвт	48
дрейф	47
разряд	47
учреждение	47
сера	47
мероприятие	47
пластина	47
планк	47
причал	47
стол	47
турист	47
флот	47
отсчёт	47
доктор	47
бразилия	47
орден	47
растение	47
судно	47
леонов	47
радиопередатчик	47
мгу	47
фюзеляж	47
ловушка	47
ракетоплан	47
магион	47
эванс	47
факел	46
интеграция	46
усилитель	46
генерал	46
российско	46
выставка	46
сияние	46
тяньвэнь	46
металл	46
потребитель	46
приказ	46
архив	46
классификация	46
общественность	46
помеха	46
наблюдатель	46
фотоэлемент	46
эмблема	46
уорден	46
физико	45
предотвращение	45
десятка	45
осень	45
выявление	45
составление	45
скала	45
вертикаль	45
гражданин	45
молекула	45
испытатель	45
позиционирование	45
сечение	45
бомба	45
часовой	45
сан	45
дедал	45
кассета	44
изд	44
промежуток	44
головка	44
аспект	44
пятно	44
архитектура	44
демонстратор	44
гигант	44
термин	44
методика	44
пирс	44
персонал	44
атлантиса	44
гармония	44
компоновка	44
попадание	44
постановщик	44
поворот	44
ручка	43
гкнпц	43
сон	43
клетка	43
минь	43
перегрев	43
песня	43
аллен	43
захоронение	43
шлем	43
сенсор	43
бомбардировщик	43
бурение	43
веста	43
базальт	43
строка	43
козлов	43
холм	42
измеритель	42
нуль	42
попов	42
преобразователь	42
кузнецов	42
швейцария	42
обновление	42
томас	42
власть	42
теплозащита	42
отряд	42
вулкан	42
переходник	42
целина	42
терраформирование	42
синтез	41
радиолюбитель	41
биосфера	41
здоровье	41
заключение	41
армия	41
продление	41
дозаправка	41
переговоры	41
различие	41
победитель	41
аэронавтика	41
герой	41
париж	41
цскб	41
улица	41
любитель	41
магнитофон	41
произведение	41
заслуга	41
профессор	41
купол	41
кванмёнсон	41
фалкон	41
график	40
смос	40
бельгия	40
сочетание	40
компенсация	40
телеканал	40
экспозиция	40
экономика	40
коллектив	40
регулирование	40
константин	40
разница	40
население	40
болгария	40
предназначение	40
мешок	40
командование	40
стабильность	40
департамент	40
игра	40
аэрозоль	40
деградация	40
добровольский	40
лунары	40
гаофэнь	39
василиевич	39
рюмин	39
надпись	39
производительность	39
дизайн	39
пожар	39
ганимед	39
александрович	39
соловей	39
ткань	39
ритэг	39
невозможность	39
израиль	39
квартал	39
польша	39
призма	39
экономия	39
спорт	39
биология	39
аэродром	39
эиима	39
отмена	38
конрад	38
фотоплёнка	38
сопровождение	38
погрешность	38
трубопровод	38
идентификация	38
исполнитель	38
поломка	38
рассмотрение	38
школа	38
спектроскопия	38
интерферометр	38
инцидент	38
василий	38
лебедев	38
ньютон	38
прогнозирование	38
николаевич	38
венгрия	38
радиомаяк	38
потребность	38
круг	38
пища	38
гало	38
циклограмма	38
крикалёва	38
эклиптика	38
уравнение	38
озон	38
тритон	38
касание	37
игла	37
адаптация	37
павлович	37
журналист	37
сюжет	37
микрогравитация	37
спокойствие	37
сценарий	37
поперечник	37
утверждение	37
акселерометр	37
здание	37
указ	37
печать	37
электро	37
марк	37
добыча	37
семья	37
разгерметизация	37
хаябуса	37
концерн	37
создатель	37
бора	37
судьба	36
бедствие	36
ожидание	36
ротор	36
равнина	36
вица	36
сервис	36
насадка	36
изготовитель	36
работник	36
статус	36
движитель	36
маска	36
туризм	36
графика	36
жизнедеятельность	36
нидерланды	36
виноградов	36
маршрут	36
комплектующие	36
поражение	36
руль	36
марка	36
передвижение	36
автомобиль	36
введение	36
залив	36
сжатие	36
кпд	36
плата	36
лев	36
амос	36
сканер	36
мкср	36
базирование	35
обшивка	35
санкт	35
наработка	35
швеция	35
штаб	35
уничтожение	35
портал	35
совещание	35
фоторазведка	35
колония	35
приоритет	35
боинг	35
пропускание	35
основатель	35
устранение	35
ореол	35
вашингтон	35
браун	35
дождь	35
одиссей	35
стабилизатор	35
бцвма	35
геолог	35
обучение	34
труд	34
аист	34
рекомендация	34
пресса	34
романенко	34
тандем	34
гпкс	34
критика	34
авиабаза	34
вершина	34
сомнение	34
цивилизация	34
полковник	34
периселений	34
формула	34
рак	34
плита	34
вещь	34
освещение	34
изотоп	34
снаряд	34
пассажир	34
фотоснимок	34
аргон	34
фрг	34
дефект	34
уильям	34
акс	34
надежда	34
эрос	34
семя	34
хозяйство	33
внииэм	33
черток	33
кран	33
дуга	33
перепад	33
фотогалерея	33
препятствие	33
плутоний	33
сетка	33
эхо	33
ведомство	33
иванов	33
поглощение	33
пучок	33
гелиосфера	33
прыжок	33
письмо	33
внр	33
медицина	33
линза	33
трал	33
абонент	33
мэи	33
челомей	33
разворот	33
гейгера	33
эдвард	33
щит	33
дно	33
испарение	33
геодезия	33
стойка	33
монголия	32
михаилович	32
колограф	32
ископаемое	32
ведение	32
геофизик	32
страхование	32
речь	32
затмение	32
око	32
викра	32
продажа	32
рубеж	32
марсотрясение	32
магнитуда	32
утро	32
легенда	32
перехват	32
фунт	32
замечание	32
телевещание	32
уильямс	32
переключение	32
гирда	32
коммуникация	32
замыкание	32
потребление	32
сто	32
излучатель	32
куба	32
пустота	32
бигль	32
виталий	32
искра	32
елисеев	31
аммиак	31
воспоминание	31
королева	31
дожигание	31
надир	31
премьер	31
накопление	31
направленность	31
загрузка	31
подключение	31
треть	31
имбп	31
кровь	31
рефлектор	31
карман	31
боков	31
разгрузка	31
последовательность	31
перехватчик	31
консорциум	31
держава	31
одежда	31
мвт	31
каркас	31
секретарь	31
ракетостроение	31
радиокомплекс	31
вибрация	31
участница	31
измиран	31
микродвигатель	31
землетрясение	31
акция	31
форсунка	31
космолёт	31
кома	31
апас	31
кондор	31
отвод	30
выделение	30
агап	30
видеокосмос	30
указание	30
борьба	30
ответственность	30
петербург	30
бассейн	30
облик	30
подарок	30
синхронизация	30
психея	30
электричество	30
темп	30
вылет	30
художник	30
рождение	30
крен	30
шарик	30
калий	30
пересечение	30
повод	30
существо	30
голова	30
миллиметрон	30
ломоносов	30
савин	30
истребитель	30
усовершенствование	30
алан	30
беляев	30
субспутник	30
туманность	30
шлемофон	30
цзюцюань	29
альбедо	29
осколок	29
закупка	29
поступление	29
рдтта	29
трение	29
форум	29
школьник	29
огнев	29
тулуза	29
охват	29
антивещество	29
квазар	29
эпоха	29
радиоизлучение	29
эра	29
сектор	29
апоцентр	29
часы	29
довыведение	29
еда	29
грау	29
символ	29
транзистор	29
обоснование	29
праздник	29
чехословакия	29
транспорт	29
сериал	29
чжужун	29
винт	29
приз	29
кислота	29
катушка	29
раздел	29
предсказание	29
цереры	29
имитация	29
инспектор	29
поход	29
вымпел	29
маттингли	29
настройка	29
мессенджер	29
ребризёра	29
янтарь	28
обследование	28
химия	28
процент	28
пустыня	28
арсенал	28
альтиметр	28
сдвиг	28
евпатория	28
ад	28
сцинтиллятор	28
евгений	28
бактерия	28
энергопитание	28
внедрение	28
джеффри	28
подрыв	28
метеорология	28
полгода	28
свечение	28
тяньчжоу	28
резерв	28
воспроизведение	28
петрович	28
известие	28
писатель	28
ключ	28
провинция	28
преодоление	28
чёрно	28
аннигиляция	28
полусфера	28
монтаж	28
цепь	28
радиовысотомер	28
альтернатива	28
лестница	28
ранец	28
подлёт	28
рацион	28
ущерб	27
презентация	27
коллектор	27
прибыль	27
текст	27
герман	27
соловьёв	27
коллега	27
секретность	27
хопкинс	27
жан	27
кальций	27
разновидность	27
вмф	27
срабатывание	27
табличка	27
приложение	27
мишин	27
цех	27
дос	27
напряжённость	27
кик	27
натрий	27
вычисление	27
шифр	27
отход	27
противник	27
привлечение	27
шлюз	27
перекись	27
ассоциация	27
нужда	27
иридиум	27
идентификатор	27
цюэцяо	27
фиксация	27
койперо	27
газпром	27
протяжённость	26
галлия	26
зарядка	26
льший	26
диоксид	26
баланс	26
смысл	26
бок	26
житель	26
арес	26
релиз	26
недра	26
джанибеков	26
дорогой	26
смерть	26
голос	26
тягач	26
турбонасос	26
атака	26
повторение	26
комплектация	26
свидетельство	26
привязь	26
песок	26
авионика	26
партнёрство	26
опасение	26
помещение	26
отдых	26
цифра	26
макаров	26
намерение	26
кромка	26
вернер	26
распоряжение	26
магний	26
казсат	26
пульт	26
юг	26
мост	26
коронограф	26
радиоканал	26
магнит	26
астр	26
конструирование	25
лях	25
близость	25
плечо	25
гермес	25
возобновление	25
деформация	25
офицер	25
издание	25
хребет	25
сант	25
риа	25
белок	25
персеверанс	25
теплообменник	25
провал	25
спасатель	25
теплоноситель	25
взрывчатка	25
рисунок	25
эрозия	25
оаэ	25
поставщик	25
палла	25
политика	25
осмотр	25
кризис	25
ильич	25
избежание	25
харон	25
комбинация	25
мпа	25
реальность	25
просьба	25
терморегуляция	25
инструкция	25
макеев	25
попович	25
фиан	25
искажение	25
автомат	25
доказательство	25
турция	25
химавтоматика	25
квартира	25
численность	25
топаз	25
магеллан	25
джотто	25
ролм	25
планетология	25
стрелка	25
приведение	24
гречко	24
подписание	24
слияние	24
гидразинов	24
позитрон	24
развёртка	24
гендиректор	24
руб	24
ндмг	24
врач	24
рассеяние	24
апоселений	24
джонс	24
аризона	24
оксид	24
перерыв	24
твэл	24
прошедшее	24
партия	24
сибирь	24
боеголовка	24
уайт	24
комар	24
резолюция	24
стратегия	24
выгрузка	24
эймс	24
манекен	24
пётр	24
герметичность	24
алексеевич	24
рнии	24
гукос	24
ликвидация	24
пнр	24
погружение	24
санкция	24
клиент	24
искусство	24
разведчик	24
наступление	24
маск	24
эдвин	24
черепаха	24
высотомер	24
румыния	24
антиматерия	24
дейтерий	24
биоспутник	24
прецессия	24
гравиметр	24
дидим	24
тярд	24
вестник	23
прошлое	23
сатиша	23
теплоизоляция	23
каньон	23
лаваль	23
дистанция	23
сертификация	23
улисс	23
шанс	23
обстоятельство	23
обсуждение	23
рассказ	23
диазот	23
холодное	23
эксцентриситет	23
картирование	23
марафон	23
телекоммуникация	23
норма	23
заход	23
диаграмма	23
запрос	23
стр	23
трада	23
шапка	23
микрофон	23
стена	23
река	23
радиостанция	23
совершение	23
мартин	23
берег	23
аниме	23
герб	23
герасименко	23
диамант	23
понятие	23
льшуя	23
инвестиция	23
каманин	23
мифь	23
диметилгидразин	23
миг	23
сидзук	23
материаловедение	23
фтор	23
пробоотборник	23
гершель	23
относительность	23
рис	23
миллисекунда	23
охладитель	23
мая	22
александров	22
совместимость	22
радиосистема	22
планет	22
протокол	22
дхаван	22
ковалёнка	22
толчок	22
крыса	22
объяснение	22
установление	22
дюйм	22
самара	22
андрей	22
исчерпание	22
добавление	22
предпосылка	22
экзосфера	22
ловелла	22
минобороны	22
собрание	22
обитание	22
маленченко	22
тяготение	22
банк	22
нуклон	22
коротей	22
сириус	22
эллипс	22
эвм	22
гигиена	22
четверть	22
шина	22
рассвет	22
аббревиатура	22
превышение	22
привязка	22
пегас	22
награждение	22
радиоастрон	22
фут	22
контроллер	22
илона	22
дайсон	22
сичан	22
термопара	22
изоляция	22
космотрас	22
простота	22
окружность	22
норвегия	22
зао	22
гордон	22
зенгера	22
блеск	22
никсон	22
церер	22
интерфейс	22
ясность	22
очистка	22
скважина	22
карантин	22
капля	22
джонсон	22
татьяна	22
зима	22
интербол	22
интершок	22
дефис	22
дания	21
викторович	21
тур	21
перестыковка	21
фурье	21
эквивалент	21
волокно	21
соджорнер	21
тайна	21
оснащение	21
топография	21
паркер	21
куб	21
концепт	21
наследие	21
приёмная	21
госзакупка	21
монометилгидразин	21
ежегодник	21
каспер	21
марко	21
генерация	21
южмаш	21
альф	21
плато	21
авдеев	21
тайконавт	21
акватория	21
пенетратор	21
нагреватель	21
шкала	21
колорграф	21
отстрел	21
оказание	21
съезд	21
светимость	21
крест	21
лампа	21
лист	21
размерность	21
имитатор	21
магистраль	21
лицензия	21
темпель	21
чурюмов	21
космология	21
пылев	21
град	21
деньга	21
стерилизация	21
авианосец	21
гейзер	21
ультрафиолет	21
холодильник	21
литтров	21
опрос	21
договорённость	21
ниияф	21
обсервер	21
орлёнок	21
ионизация	20
егоров	20
сергеевич	20
амортизатор	20
владимирович	20
эдвардс	20
тангаж	20
спейслэб	20
вторжение	20
корреспондент	20
центрифуга	20
поляк	20
огонь	20
бог	20
дыхание	20
электростанция	20
радиовидимость	20
раствор	20
препарат	20
терминатор	20
градиент	20
целеуказание	20
мексика	20
кизима	20
подробность	20
инерция	20
рвсна	20
периодичность	20
исаев	20
ураган	20
первушин	20
пропасть	20
лопасть	20
пик	20
рентген	20
регистратор	20
австрия	20
рига	20
финляндия	20
маршалл	20
приращение	20
библиотека	20
дюна	20
катализатор	20
турбин	20
кретьен	20
статистика	20
дозиметр	20
брекчия	20
значимость	20
регулировка	20
перевозка	20
спитцер	20
дон	20
ампер	20
модуляция	20
предприниматель	20
свч	20
миллиметр	20
луномобиль	20
подножие	20
таймер	20
болезнь	20
йорк	20
аэростат	20
водолаз	20
англия	20
сикисай	20
фотоаппарат	20
упаковка	20
никиэта	20
росатом	20
декарт	19
азимут	19
увод	19
яоганя	19
дмитриевич	19
митрофанов	19
старший	19
победа	19
электродвигатель	19
вхождение	19
происшествие	19
аврора	19
обитаемость	19
энцелада	19
путин	19
функциональность	19
космопорт	19
отображение	19
юнить	19
сборник	19
юджин	19
вмс	19
сейсмограф	19
одобрение	19
обогрев	19
майор	19
стержень	19
нападение	19
лидар	19
радиоконтроль	19
памятник	19
облачность	19
мгту	19
бауман	19
разъём	19
лекция	19
подвеска	19
лондон	19
гроза	19
ческий	19
док	19
ассамблея	19
франклин	19
стивен	19
итокава	19
литр	19
владелец	19
перчатка	19
коперник	19
приостановка	19
отметка	19
преемник	19
революция	19
тренажёр	19
гарпун	19
видеокамера	19
поправка	19
пацай	19
феоктистов	19
колонка	19
мах	19
дональд	19
веб	19
альфред	19
виктория	19
уоллопс	19
переработка	19
шэньлуна	19
створка	19
выяснение	19
терешков	19
шторм	19
курьер	19
спецификация	19
уттх	19
цубамэ	19
окружение	19
шицзянить	19
нейман	19
гёктюрк	19
мангальяна	19
юзга	19
меч	18
продукция	18
нехватка	18
причаливание	18
подавление	18
независимость	18
содействие	18
пристыковка	18
неоднородность	18
зависание	18
уход	18
гудилин	18
соль	18
грегори	18
маршал	18
григориевич	18
бизнес	18
метеоспутник	18
совершенствование	18
администрация	18
пост	18
максим	18
серебро	18
молодёжь	18
конверт	18
режиссёр	18
джо	18
колледж	18
равновесие	18
юбилей	18
традиция	18
мозг	18
близнец	18
фотоэмульсия	18
калориметр	18
отель	18
перезапуск	18
пар	18
ландшафт	18
николаев	18
противостояние	18
глобус	18
полчаса	18
гальпер	18
торпеда	18
викторенко	18
борман	18
бомбардировка	18
аляска	18
карат	18
крушение	18
меридиан	18
замбия	18
важность	18
кронштейн	18
свобода	18
предыстория	18
нато	18
коламбусы	18
лайман	18
линейка	18
калери	18
инасан	18
переключатель	18
лата	18
тарелка	18
ценность	18
антипротон	18
магнетизм	18
летопись	18
критерий	18
взятие	18
эйнштейн	18
рэлек	18
гонец	18
глоб	18
геоскан	18
кибо	17
катапульта	17
фотопреобразователь	17
перезагрузка	17
выхлоп	17
мохава	17
накопитель	17
публика	17
математика	17
битва	17
белые	17
отдача	17
тактико	17
спектрофотометр	17
слабкий	17
финалист	17
люси	17
цельсий	17
шрихарикота	17
деление	17
выравнивание	17
акт	17
иван	17
соображение	17
пентагон	17
альтаир	17
цандёр	17
объявление	17
годовщина	17
ветеран	17
парусник	17
противовес	17
розалинда	17
цкбэма	17
телефон	17
мышца	17
избыток	17
разброс	17
яхта	17
либрация	17
индикатор	17
навигатор	17
физик	17
лия	17
приборостроение	17
радиодиапазон	17
разложение	17
лазарев	17
обогреватель	17
уокер	17
вумера	17
клуб	17
черта	17
проход	17
мидорь	17
дросселирование	17
выращивание	17
радиозатмение	17
йена	17
фёдор	17
харрисон	17
взгляд	17
бета	17
ковчег	17
икар	17
савицкий	17
дежурство	17
воронка	17
диморф	17
видикон	17
электромагнит	16
киловатт	16
субподрядчик	16
спейсбас	16
голосование	16
калуга	16
рыскание	16
штука	16
оптимизация	16
голдстоун	16
мусабай	16
энергообеспечение	16
согласование	16
подвес	16
вьетнам	16
нить	16
инновация	16
нанесение	16
кинокамера	16
мексико	16
капитан	16
цистерна	16
бельё	16
разнообразие	16
кампания	16
резонанс	16
разрыв	16
изобретение	16
вячеслав	16
биография	16
квадрат	16
косми	16
достоинство	16
офис	16
фонтан	16
джордж	16
файл	16
феномен	16
кривая	16
пузырь	16
лихачёв	16
затопление	16
полость	16
цнии	16
отрезок	16
издательство	16
историк	16
регулятор	16
инвестор	16
извлечение	16
дешифратор	16
дорнбергер	16
жюля	16
азиасат	16
спина	16
тюрин	16
ангар	16
профилирование	16
диагностика	16
срр	16
качание	16
шпион	16
бар	16
планер	16
мэриленд	16
циркуляция	16
опор	16
морфология	16
дневник	16
анизотропия	16
вездеход	16
птица	16
коспас	16
окраина	16
замок	16
конфликт	16
антарктида	16
светлана	16
пиксел	16
геккон	16
кожух	16
лук	16
смайл	16
химаваря	16
микрон	16
киноплёнка	16
рутан	16
кипа	16
актуатор	16
бассард	16
посёлок	15
пион	15
снятие	15
послание	15
собственность	15
бериллий	15
зевс	15
эпсилон	15
справка	15
регенерация	15
карл	15
мантия	15
компрессор	15
сезон	15
факультет	15
континент	15
атолл	15
энергоустановка	15
смирнов	15
шлейф	15
сторонник	15
эньер	15
чили	15
возгорание	15
подполковник	15
городок	15
колорадо	15
нация	15
валентина	15
соб	15
зал	15
микроскоп	15
империя	15
дух	15
гибсон	15
кбхма	15
сотопанель	15
местонахождение	15
питер	15
многообразие	15
нанометр	15
трещина	15
редакция	15
вебархив	15
сафира	15
подзарядка	15
кожа	15
редактор	15
биосигнатура	15
елена	15
картография	15
хроматограф	15
действительность	15
изобретатель	15
вал	15
зритель	15
мид	15
стойкость	15
полуостров	15
фрэнк	15
днк	15
нумерация	15
комаров	15
геохимия	15
минимизация	15
арт	15
ребро	15
сварка	15
фёдоров	15
проставка	15
сопля	15
адитие	15
логотип	15
вызов	15
картинка	15
порошок	15
фигурка	15
церемония	15
владислав	15
микроконтроллер	15
демонтаж	15
электрод	15
техас	15
лантрат	15
залежь	15
аэрофотосъёмка	15
пацаева	15
вднх	15
базза	15
параллакс	15
радиоаппаратура	15
манар	15
коридор	15
ида	15
селигер	15
яхсат	15
бауманец	15
ваго	15
дилюэнт	15
холл	14
катод	14
морозов	14
электра	14
франко	14
андреев	14
палец	14
расхождение	14
утиноура	14
совокупность	14
шарнир	14
галилеев	14
гбайт	14
треугольник	14
амплитуда	14
золото	14
локация	14
лейтенант	14
наращивание	14
провайдер	14
обязанность	14
баллистика	14
эпизод	14
барбара	14
гелиос	14
рыба	14
езеро	14
падалка	14
аренда	14
исправление	14
плавление	14
конюх	14
горбатко	14
формация	14
ковш	14
пьер	14
влага	14
запрет	14
укладка	14
дракон	14
афелий	14
мим	14
тихонрав	14
спирт	14
записка	14
пересчёт	14
фотоумножитель	14
поднятие	14
замедление	14
кларк	14
лес	14
охрана	14
словарь	14
подушка	14
вольт	14
вилёд	14
желание	14
импакт	14
арбуз	14
шугуан	14
упоминание	14
поляриметр	14
мбайт	14
чандра	14
осадки	14
фокусировка	14
сырьё	14
микрометр	14
растительность	14
заяц	14
теплота	14
редуктор	14
самоуничтожение	14
клементина	14
дрозофила	14
иофф	14
диплом	14
болванка	14
мужчина	14
подпись	14
арин	14
высыпание	14
торий	14
землянин	14
светофильтр	14
тракт	14
воспламенение	14
бкрло	14
инспекция	14
щиток	14
эмбрион	14
нивелир	14
добротность	14
лидер	14
метка	14
руда	14
триангуляция	14
паром	14
джей	14
апеннины	14
пироболт	14
дверь	14
нос	14
азербайджан	14
эвакуация	14
яйцо	14
колодка	14
бармин	14
снг	14
обнажение	14
сходство	14
фред	14
шаталов	14
резервуар	14
венероход	14
телефотометр	14
энтузиаст	14
сачок	14
омэр	14
блюдо	14
нигерия	13
галс	13
выплата	13
иванченков	13
шпангоут	13
торец	13
тендер	13
снтк	13
выступ	13
рокетдайна	13
флёша	13
должность	13
подшипник	13
столетие	13
акцент	13
село	13
визит	13
евгениевич	13
гранат	13
плитка	13
свинец	13
индонезия	13
аналогия	13
богиня	13
орлан	13
скачок	13
зазор	13
телерадиовещание	13
пенемюнд	13
софора	13
пекин	13
вэньчан	13
жертва	13
управляемость	13
вече	13
травма	13
сердце	13
громов	13
довывод	13
укрепление	13
математик	13
аргумент	13
придание	13
опорожнение	13
родина	13
подъёмник	13
нанотрубка	13
пригодность	13
бумага	13
прорыв	13
соревнование	13
туннель	13
артур	13
фантаст	13
терминал	13
калининград	13
ветвь	13
синдром	13
кость	13
заражение	13
альберт	13
форель	13
сокол	13
аберрация	13
телок	13
дунфан	13
геометрия	13
старое	13
неустойчивость	13
упрощение	13
тираж	13
соя	13
сжигание	13
оберт	13
жена	13
разгонщик	13
аванпроект	13
выгода	13
рим	13
оливин	13
находка	13
страничка	13
освобождение	13
рубин	13
альбом	13
мяч	13
пиропатрон	13
обезьяна	13
муха	13
разрядка	13
порох	13
сиэтл	13
лопёс	13
сарсат	13
сопоставление	13
гряда	13
ощущение	13
крутизна	13
грабли	13
сакигакэ	13
тритий	13
стратосфера	13
строп	13
муса	13
скб	13
чехия	13
лайк	13
траншея	13
дифракция	13
слейтон	13
рубашка	13
газкома	13
резервирование	13
беркут	13
мозаика	13
углепластик	13
увлечение	13
саган	13
инхий	13
полоска	13
дьюар	13
ирак	13
киса	13
диод	13
интегрирование	13
дежуров	13
удлинитель	13
журна	12
патент	12
катапультирование	12
нтв	12
заведение	12
репортаж	12
ленгмюр	12
предпочтение	12
мадрид	12
водоём	12
прилив	12
интерферометрия	12
проекция	12
крым	12
знамя	12
чёткость	12
соседство	12
интеграл	12
экранирование	12
физиология	12
целесообразность	12
малайзия	12
телефония	12
талгат	12
углеводород	12
анджелес	12
прагъян	12
гаганьян	12
графит	12
медь	12
фигура	12
спутникс	12
аргентина	12
борозда	12
уплотнение	12
циблий	12
чувство	12
пополнение	12
закрутка	12
аркад	12
сожаление	12
боулдёр	12
противодействие	12
джозеф	12
прерывание	12
беларусь	12
перминов	12
вентилятор	12
штырь	12
пауза	12
стрельба	12
делегация	12
впечатление	12
квалификация	12
неожиданность	12
коммутация	12
лауреат	12
дарвин	12
сессия	12
обозрение	12
проп	12
хокинг	12
празднование	12
истощение	12
тематика	12
гидрокомбинезон	12
бигелоу	12
холдинг	12
выдержка	12
ферми	12
лариса	12
рассеивание	12
гейл	12
кельвин	12
шпионаж	12
электромеханик	12
тайюань	12
флуктуация	12
краб	12
немец	12
народ	12
зуд	12
фёдорович	12
союзник	12
дисциплина	12
оптик	12
прозвище	12
ребёнок	12
администратор	12
параллелепипед	12
геоха	12
пересмотр	12
дочь	12
мария	12
кот	12
акционер	12
газификация	12
симпозиум	12
эйбл	12
евросоюз	12
хоффман	12
брайан	12
учредитель	12
темнота	12
коспар	12
кристофер	12
проникновение	12
логика	12
удобство	12
юрчихина	12
райтер	12
хромосфера	12
гость	12
гиродина	12
персонаж	12
урок	12
телетрансляция	12
симптом	12
реклама	12
мироведение	12
протест	12
геомагнетизм	12
аэрономия	12
чертёж	12
радиооборудование	12
бушуев	12
лунцзян	12
пакистан	12
артефакт	12
вебба	12
отставание	12
вена	12
округ	12
проксим	12
синьхуа	12
брат	12
самонаведение	12
директива	12
палата	12
матильда	12
масгрейв	12
отклик	12
энергоблок	12
астрон	12
дисд	12
сок	12
халонг	12
ребризёр	12
джек	11
осипов	11
гимн	11
разность	11
льшея	11
массо	11
визуализация	11
стереоизображение	11
инструктор	11
инициатор	11
пользование	11
детализация	11
углекислота	11
детектирование	11
реализуемость	11
нана	11
киев	11
ленин	11
дармштадт	11
бор	11
чтение	11
автоматизация	11
блошенко	11
защищённость	11
провиант	11
синтина	11
улитка	11
теплопроводность	11
лунотрясение	11
медведев	11
фольга	11
воронеж	11
навык	11
прирост	11
провод	11
проживание	11
зеландия	11
бункер	11
военнослужащий	11
берлин	11
композиция	11
мембрана	11
кевин	11
лебедь	11
суперземля	11
парсек	11
кластер	11
бригада	11
пилюгин	11
хрущёв	11
радиоуправление	11
исчезновение	11
полдень	11
товарищ	11
повесть	11
юрьев	11
кеннет	11
шамсутдин	11
присвоение	11
грудь	11
износ	11
лоуренс	11
импактор	11
двигателестроение	11
облегчение	11
семёрка	11
локхид	11
астерикс	11
фотоматериал	11
петер	11
неготовность	11
вывоз	11
андромеда	11
издержка	11
дальномер	11
локатор	11
флэш	11
экология	11
мегаватт	11
ниокра	11
воплощение	11
поглотитель	11
секрет	11
телеконтроль	11
масло	11
дискуссия	11
валентин	11
кирилл	11
транзит	11
щель	11
срез	11
конкурент	11
месторождение	11
аррокот	11
замысел	11
греция	11
ртсофт	11
диафрагма	11
амаль	11
спица	11
превращение	11
доступность	11
лазерно	11
мюллер	11
нколосо	11
ледник	11
воспламенитель	11
сустав	11
нестабильность	11
приход	11
меморандум	11
алабама	11
менеджер	11
углубление	11
орбикрафт	11
боб	11
геоид	11
укун	11
термоизоляция	11
ориентир	11
гермошлем	11
фронт	11
совок	11
фамилия	11
таблетка	11
видеоконференция	11
вели	11
комната	11
теплообмен	11
размножение	11
эгида	11
выживание	11
верификация	11
возрождение	11
трейс	11
магнитопауза	11
апофис	11
радиообмен	11
продвижение	11
севастьянов	11
пво	11
эпас	11
сбрасывание	11
главкосмос	11
ангстрем	11
николь	11
радиопротектор	11
шумейкер	11
написание	11
радиоконтакт	11
ирина	11
колибри	11
можаец	11
колонист	11
подскок	11
заселение	11
престиж	10
анод	10
ким	10
обозреватель	10
лис	10
прометей	10
пружина	10
шутка	10
аэропорт	10
претендент	10
бич	10
стереокамера	10
фокус	10
утилизация	10
пономарёв	10
корка	10
удалённость	10
джерри	10
прохоров	10
мстислав	10
нцуикс	10
окик	10
законодательство	10
обязательство	10
пластика	10
висмут	10
подсчёт	10
арктика	10
сергеев	10
агат	10
согласие	10
египет	10
орлов	10
консервация	10
грант	10
спектрометрия	10
календарь	10
мифология	10
росавиакосмос	10
завеса	10
основоположник	10
дерево	10
рупия	10
горизонталь	10
россиянин	10
slбф	10
океанология	10
фрид	10
авиалайнер	10
харьков	10
манаковы	10
перестройка	10
контекст	10
вечер	10
прогулка	10
ёсиноб	10
упор	10
шмидт	10
квест	10
ленинград	10
тихонравов	10
ленгирда	10
разбирательство	10
отец	10
трек	10
мотив	10
диагональ	10
поселение	10
технико	10
одиссея	10
бударин	10
конечность	10
программирование	10
брэнсон	10
гавайи	10
авиакатастрофа	10
микропроцессор	10
отпечаток	10
пластинка	10
пульс	10
индустрия	10
ингосстрах	10
переменность	10
осцилляция	10
концентратор	10
магелланов	10
гигабайт	10
радиочастота	10
интерпретация	10
аукцион	10
успешность	10
приготовление	10
иллюстрация	10
отладка	10
чибис	10
электромотор	10
хладагент	10
многоразовость	10
иск	10
фрадкина	10
телесигнализация	10
вмешательство	10
нефть	10
пузырёк	10
рейх	10
юар	10
греча	10
степанович	10
приёмка	10
оорт	10
теплов	10
шашка	10
амур	10
голландия	10
кварц	10
впадина	10
отложение	10
выгорание	10
кипение	10
вред	10
обход	10
токио	10
соприкосновение	10
переворот	10
кассиопея	10
михайло	10
спор	10
израсходование	10
уверенность	10
карбид	10
периметр	10
эскиз	10
ансари	10
сульфат	10
моряк	10
кедр	10
пособие	10
вэнс	10
бранд	10
проволока	10
течь	10
маскон	10
рукоятка	10
медик	10
ухудшение	10
фотоаппаратура	10
митио	10
кака	10
бачок	10
коллегия	10
батурин	10
родник	10
разведение	10
ларри	10
складывание	10
шарипов	10
линдон	10
унификация	10
кан	10
биомаркер	10
верещетин	10
взор	10
извержение	10
чайка	10
георадар	10
помощник	10
стоянка	10
салахов	10
росгидромет	10
поуга	10
райт	10
диего	10
етмс	10
хейза	10
дымка	10
соколов	10
сихэ	10
затруднение	10
перераспределение	10
ринер	10
ношение	10
эталон	10
радиоприёмник	10
биус	10
упмк	10
аунг	10
денисов	10
приёмопередатчик	9
иосифьян	9
хондрит	9
госкомиссия	9
тележка	9
хартрон	9
профессия	9
вуз	9
видеоматериал	9
покупка	9
склад	9
аэроджет	9
прогрев	9
конвекция	9
толща	9
солёность	9
юнит	9
цдкс	9
кгб	9
недобор	9
кадмий	9
алжир	9
камчатка	9
воля	9
усачёв	9
пролив	9
стюарт	9
инструментарий	9
холод	9
останки	9
астро	9
гатель	9
тфярд	9
эпицентр	9
невад	9
скайхук	9
таиланд	9
ниир	9
вина	9
блог	9
барьер	9
рукавишник	9
спрн	9
дегтярёв	9
смазка	9
активация	9
ранение	9
полка	9
артиллерия	9
мик	9
вирджиния	9
порог	9
иоганн	9
цэнк	9
понижение	9
баку	9
малышев	9
проявка	9
узбекистан	9
радиопередача	9
разговор	9
филателия	9
сын	9
гашение	9
инженерия	9
андре	9
телесериал	9
раса	9
торговля	9
манга	9
внесение	9
звёздочка	9
смешивание	9
скандал	9
мечта	9
аэрогель	9
стопка	9
ливень	9
протяжка	9
эмульсия	9
лэнгли	9
окраска	9
косой	9
эрг	9
начинка	9
рождественский	9
терабайт	9
угодье	9
экосистема	9
себестоимость	9
энергосистема	9
ослабление	9
поезд	9
григорий	9
зубрина	9
неон	9
волга	9
эмират	9
каплина	9
пгт	9
конденсатор	9
гитлер	9
козырев	9
пропаганда	9
кристаллизация	9
штернфельд	9
плавание	9
занятие	9
сирия	9
симонить	9
волк	9
консоль	9
фотополяриметр	9
аркалык	9
заполнение	9
рейган	9
вставка	9
возрастание	9
воронов	9
анортозит	9
глина	9
кобальт	9
стереопара	9
ессс	9
сигнус	9
рефлектометр	9
краска	9
шнур	9
раскрутка	9
восполнение	9
билл	9
переделка	9
популяция	9
туман	9
коробка	9
стив	9
проводы	9
серов	9
радиолокация	9
эндрю	9
хлор	9
рихтер	9
фредерик	9
скаттерометр	9
употребление	9
пейзаж	9
нагревание	9
поручень	9
чемоданчик	9
ступенька	9
сидение	9
изыскание	9
уклон	9
полметра	9
канавка	9
отрезка	9
камешек	9
кино	9
эдгар	9
минитмен	9
приспособление	9
разум	9
карра	9
дефицит	9
екатерина	9
вернадский	9
русь	9
членство	9
верх	9
реконструкция	9
почта	9
висение	9
перспективность	9
атьковы	9
уитсон	9
салижан	9
реликт	9
губарев	9
сгау	9
наружное	9
лимон	9
яблоко	9
чеснок	9
спонсор	9
пандемия	9
изобилие	9
цинк	9
рональд	9
троянец	9
танкер	9
ориентирование	9
куйбышев	9
вычислитель	9
никита	9
триллион	9
просмотр	9
фторид	9
туркмения	9
композит	9
сдкм	9
тормоз	9
гондола	9
никитин	9
лунник	9
риф	9
аксиома	9
ролик	9
сср	9
перерасход	9
деймоса	9
сосуд	9
капуста	9
аэродинамика	9
нейтрино	9
гарантия	9
стотт	9
достоверность	9
обама	9
трлн	9
алтай	9
фэнъюня	9
отлёт	9
плазмосфера	9
полувысота	9
шахта	9
компас	9
жолобов	9
танюша	9
барнард	9
любина	9
винд	9
угата	9
гана	8
курчатов	8
афанасиевич	8
визир	8
новичок	8
локализация	8
эшелл	8
клин	8
проходимость	8
специальность	8
чудо	8
захаров	8
воскресение	8
салон	8
изложение	8
зарождение	8
мербольд	8
рсдб	8
генконструктор	8
снос	8
цезий	8
кожевник	8
принтер	8
маринин	8
ложемент	8
биотехнология	8
сделка	8
кируна	8
гриф	8
нака	8
дестиня	8
светило	8
чистота	8
гидзенко	8
кононенко	8
ангола	8
страховка	8
толкатель	8
химки	8
тысячелетие	8
вкус	8
метеороид	8
терра	8
поляков	8
видеоконференцсвязь	8
дворец	8
гласность	8
спб	8
славина	8
ожог	8
госпиталь	8
ниип	8
рукав	8
доход	8
семёнов	8
реле	8
клавдиевич	8
победоносцев	8
ттрд	8
продувка	8
простейшее	8
постановка	8
эйзенхауэр	8
беседа	8
беркли	8
акацук	8
полотно	8
шаров	8
денвер	8
переселение	8
утопия	8
кемурджиан	8
цкбм	8
деревня	8
скульптор	8
организатор	8
бук	8
обогащение	8
переохлаждение	8
сознание	8
алкантар	8
хаммагир	8
студия	8
сверхдержава	8
стрелец	8
выборка	8
карла	8
уссурийск	8
прилёт	8
звездообразование	8
аналитик	8
смягчение	8
свод	8
расшифровка	8
перс	8
крыша	8
бренд	8
конкуренция	8
мткс	8
подсветка	8
товар	8
восприятие	8
пробуждение	8
топчий	8
проницаемость	8
калибр	8
сохэ	8
столица	8
итар	8
термостат	8
нефелометр	8
силикат	8
перегородка	8
кибальчич	8
боливия	8
ярус	8
просвечивание	8
скобка	8
сураев	8
порция	8
кол	8
микоян	8
лозино	8
лозинский	8
эпос	8
молибден	8
филипченко	8
гелиопауза	8
окись	8
макартур	8
иртыш	8
эрстед	8
кадьяк	8
смарт	8
ретрорефлектор	8
карбонат	8
настойчивость	8
пожелание	8
макгрегор	8
анонс	8
целостность	8
веха	8
колин	8
рычаг	8
аспирант	8
нарастание	8
сервопривод	8
признание	8
корма	8
микроволна	8
конденсация	8
телеграмма	8
дэниел	8
опоздание	8
сублимация	8
насекомое	8
джим	8
берн	8
убыток	8
богомолов	8
дейвид	8
спектроанализатор	8
акроним	8
ануша	8
распознавание	8
лава	8
гаусс	8
крылов	8
тревога	8
гиродин	8
микросекунда	8
эфемерида	8
баранов	8
панска	8
первооткрыватель	8
рилла	8
фосфен	8
лука	8
ремень	8
одиночка	8
статуэтка	8
анимация	8
видеозапись	8
пращ	8
шайба	8
скаут	8
посетитель	8
шаблон	8
суйсэя	8
фраза	8
манометр	8
хорнет	8
доводка	8
муратов	8
яковлевич	8
рао	8
удостоверение	8
тенденция	8
лагерь	8
аэлит	8
соисполнитель	8
ильин	8
пегги	8
секвестр	8
возмездие	8
прозрачность	8
апельсин	8
овал	8
кмоп	8
болт	8
пер	8
редколлегия	8
ода	8
васютин	8
перекрытие	8
портрет	8
соландёр	8
джонатан	8
дион	8
эквадор	8
боль	8
шахаб	8
приглашение	8
роналда	8
очки	8
сумка	8
криптон	8
тироса	8
радионаблюдение	8
тавро	8
хитэн	8
стёрн	8
майк	8
кагосима	8
воздухоплавание	8
резерфорд	8
смола	8
ата	8
циннера	8
юаньчжэн	8
корм	8
мясо	8
климука	8
проектировщик	8
мораторий	8
симулятор	8
выражение	8
моль	8
балансировка	8
тесис	8
пингвин	8
геологоразведка	8
эмаль	8
шавит	8
персона	8
мёртвый	8
стори	8
трафик	8
альфонс	8
маккей	8
фургон	8
колено	8
мешочек	8
радиотень	8
трактат	8
микросхема	8
завтрак	8
нансен	8
фримя	8
дюза	8
кия	8
замедлитель	8
кэйль	8
брод	8
гленелга	8
эдельвейс	8
нодзомь	8
покеткуб	8
байндёр	8
борзенко	8
бангладеш	7
кюсю	7
содружество	7
урожайность	7
соударение	7
душа	7
мысль	7
акари	7
стационар	7
преднасос	7
справочник	7
турбулентность	7
аркадий	7
олимп	7
нкау	7
кюрий	7
лечение	7
солнцев	7
задействование	7
станислав	7
теллурид	7
вольфрам	7
оповещение	7
экспертиза	7
туалет	7
новизна	7
саткома	7
токсичность	7
муга	7
ксения	7
фотосфера	7
доналд	7
жак	7
дифференциация	7
роберто	7
виттори	7
франк	7
поручение	7
аким	7
диффузия	7
самочувствие	7
рефракция	7
осуществимость	7
электропроводность	7
словакия	7
фоул	7
радиовещание	7
термосфера	7
мерка	7
редстоун	7
консультация	7
мак	7
напарник	7
загадка	7
успокоение	7
отравление	7
осташева	7
парк	7
формулировка	7
кладбище	7
артемьев	7
часок	7
содержимое	7
милитаризация	7
субъект	7
корректор	7
норман	7
фланец	7
мосгирда	7
сталин	7
завоевание	7
затухание	7
приключение	7
спячка	7
лепесток	7
натяжение	7
лидерство	7
рейнольдс	7
ранобэ	7
амил	7
подкомитет	7
запаздывание	7
лыжа	7
марчук	7
преемственность	7
ветерок	7
вентиляция	7
радиоактивность	7
термоэлектрогенератор	7
тарасенко	7
полураспад	7
жалюзи	7
селекция	7
урал	7
комбинезон	7
покидание	7
сертификат	7
рашид	7
вольтер	7
брифинг	7
щётка	7
волос	7
фотодиод	7
совершенство	7
антон	7
андриян	7
пашков	7
планетолог	7
зерно	7
символика	7
гарри	7
колесников	7
тундра	7
отскок	7
царь	7
птолемей	7
карандаш	7
рунцо	7
водоизмещение	7
подлодка	7
ранг	7
русло	7
тэпходон	7
хранилище	7
преддверие	7
распространённость	7
виргиния	7
остапенко	7
метеоусловия	7
байкал	7
эксмо	7
утрата	7
тепловыделение	7
инопланетянин	7
исход	7
понтёс	7
обруч	7
генри	7
магнетометр	7
бас	7
гренландия	7
ртуть	7
кауфман	7
инжектор	7
пироксен	7
выстрел	7
срыв	7
абдул	7
моманда	7
помехозащищённость	7
отставка	7
буй	7
карьера	7
иена	7
андерс	7
хеопс	7
арианэспас	7
произношение	7
скайлоно	7
бомбометание	7
сенатор	7
опережение	7
франсуа	7
засветка	7
астрометрия	7
джеральд	7
взаимопонимание	7
рафаэль	7
общение	7
цепочка	7
магма	7
зигмунд	7
астана	7
кафедра	7
шарль	7
сервер	7
бортдокументация	7
финк	7
теплопередача	7
скульптура	7
кэтрин	7
торнтон	7
алегриа	7
пирамида	7
лимб	7
перебой	7
совпадение	7
считывание	7
следование	7
фотограмметрия	7
аполло	7
возражение	7
гидроксид	7
кусочек	7
клейка	7
гамак	7
перо	7
роджер	7
теодор	7
пылесос	7
обед	7
слух	7
коммерциализация	7
продюсер	7
рон	7
медиум	7
зельдович	7
пискипер	7
бабочка	7
шлюпка	7
пероксид	7
пермь	7
пенетрометр	7
парка	7
телесюжет	7
фал	7
проф	7
регуляция	7
полимер	7
инсталляция	7
стоун	7
хохлов	7
нора	7
мазер	7
засов	7
самсат	7
водитель	7
путешественник	7
жанр	7
эйткен	7
фалькон	7
каскад	7
тепловизор	7
изменчивость	7
балласт	7
чип	7
антиводород	7
свидание	7
песчанка	7
пэктусан	7
взрыватель	7
сохранность	7
андерсон	7
корзун	7
теплоёмкость	7
расстройство	7
декомпрессия	7
стаффорд	7
ниимп	7
ник	7
горбунов	7
сеятель	7
нейтрализация	7
фудзь	7
иркутск	7
набросок	7
сократ	7
универсат	7
ниша	7
термометр	7
керн	7
убежище	7
поповкин	7
новосибирск	7
досягаемость	7
гермоадаптер	7
стерлинг	7
якорь	7
ограниченность	7
комптон	7
мезосфера	7
мирослав	7
метеостанция	7
азбука	7
экспансия	7
сервейор	7
сфинкс	7
гера	7
сапиенец	7
кровообращение	7
обилие	7
монополь	7
пеленгация	7
атлантика	7
принадлежность	7
бэнк	7
радиобиология	7
агент	7
базилевский	7
спецаппаратура	7
синь	7
соблюдение	7
контраст	7
ударник	7
элмера	7
иока	7
периферия	7
википедия	7
жёсткость	7
кометография	7
цаги	7
страх	7
лимит	7
возвышение	7
хлеб	7
тупицын	7
творог	7
видеосигнал	7
тан	7
стресс	7
надзор	7
микроускорение	7
монпелье	7
взрыволёт	7
евклид	7
окина	7
сейт	7
кен	7
нектар	7
высвобождение	7
первенство	7
смотр	7
ребризёров	7
суп	7
лаусма	6
запоминание	6
радиотехник	6
патронаж	6
кампус	6
сцепка	6
стягивание	6
пришелец	6
транспортёр	6
люлина	6
аравия	6
стеннис	6
переворачивание	6
нииар	6
нилакт	6
красноярск	6
рассогласование	6
вадим	6
ульф	6
строитель	6
симферополь	6
выпускник	6
каюта	6
юстировка	6
профилактика	6
тора	6
флуоресценция	6
запах	6
супруг	6
мать	6
поинт	6
брошюра	6
терминология	6
фарадей	6
чиао	6
цирконий	6
покой	6
хром	6
премьера	6
залётина	6
заглушка	6
согаз	6
лекарство	6
вулф	6
сура	6
автопилот	6
брсд	6
мкрц	6
подогрев	6
метеокомплекс	6
газоанализатор	6
скп	6
шумилин	6
солдат	6
прах	6
театр	6
осведомлённость	6
боеприпас	6
форд	6
барокамера	6
этаж	6
лир	6
мегапиксель	6
полуось	6
плеяда	6
фотометрия	6
дооснащение	6
стык	6
прокладка	6
резина	6
осоавиахим	6
репрессия	6
имущество	6
отрыв	6
замерзание	6
штернберг	6
мелодия	6
адрес	6
пустынь	6
сталь	6
удовлетворение	6
паутина	6
ген	6
молоко	6
углеволокно	6
лори	6
тимоти	6
шелкопряд	6
йер	6
бейкер	6
современность	6
уголёк	6
претензия	6
люксембург	6
фоторазведчик	6
бензин	6
старсем	6
альфастрахование	6
килоэлектронвольт	6
очерёдность	6
шея	6
полировка	6
сверхскопление	6
тайвань	6
гибкость	6
гранула	6
бутылка	6
предвестник	6
смит	6
примесь	6
конвертация	6
миасс	6
экзамен	6
составитель	6
жизнепригодность	6
астробиология	6
ральф	6
аста	6
фильтрация	6
клеопатра	6
иероглиф	6
ирландия	6
опрокидывание	6
гинзбург	6
центрполиграф	6
координатор	6
барстер	6
пхеньян	6
кккт	6
очаг	6
лавейкина	6
герметизация	6
барсук	6
оконечность	6
жук	6
глеб	6
яуза	6
тефий	6
мегабайт	6
токарев	6
расписание	6
хартсфилд	6
крао	6
лавренов	6
колюбакина	6
европеец	6
кваджалейн	6
лэндис	6
пульсация	6
манёвренность	6
дрон	6
дуглас	6
афганистан	6
пит	6
смолдерс	6
популяризация	6
дятел	6
однородность	6
выручка	6
приобретение	6
обвинение	6
менеджмент	6
беспилотник	6
королевство	6
кёльн	6
рыжков	6
радиоантенна	6
робонавт	6
пробег	6
рефрактор	6
щуп	6
самец	6
хантсвилле	6
спейсхэб	6
канко	6
мара	6
радиозондирование	6
фотоархив	6
оползень	6
брак	6
репортёр	6
десантирование	6
возмещение	6
перестрахование	6
котельник	6
гфярд	6
сапфир	6
зонтик	6
изумруд	6
стек	6
покрывало	6
джефф	6
купер	6
доп	6
магнетит	6
штемпель	6
отправление	6
кнопка	6
дальнометрия	6
шмиттом	6
переноска	6
снаряжение	6
перестроение	6
дисплей	6
палочка	6
сверло	6
ноготь	6
пот	6
шланг	6
спар	6
бытие	6
музыка	6
кратное	6
традесканция	6
спин	6
шов	6
заметка	6
людмила	6
наталия	6
коррозия	6
тель	6
церковь	6
мироведа	6
преследование	6
станок	6
инфракоса	6
гордость	6
иосиф	6
давыдов	6
буксировка	6
савельев	6
биообъект	6
неопределённость	6
балег	6
проявление	6
григга	6
скьеллеруп	6
плен	6
интенсиметр	6
суббуря	6
чукотка	6
пастер	6
текстура	6
медиа	6
кристиан	6
врата	6
корректив	6
заслонка	6
суррей	6
гермоконтейнер	6
эндьюранс	6
эребус	6
одометр	6
перепрошивка	6
грязь	6
киносъёмка	6
свалка	6
вавилон	6
обл	6
кэш	6
ширма	6
подсолнух	6
кгмс	6
взаимосвязь	6
инвентаризация	6
геркулес	6
георгиевич	6
дороговизна	6
нэнси	6
левченко	6
рукопожатие	6
петров	6
печь	6
фабрика	6
раушенбах	6
артюхин	6
кирилина	6
радиокоманда	6
фиксирование	6
стекловолокно	6
энгл	6
неточность	6
шкафчик	6
скобельцын	6
досааф	6
гидра	6
буревестник	6
нииэм	6
акиям	6
берт	6
полибутадиен	6
напиток	6
фосфор	6
гермокорпус	6
перхлорат	6
заинтересованность	6
чехол	6
радиоскаф	6
драгунов	6
пптс	6
стерадиан	6
монокристалл	6
фотин	6
оперение	6
обитатель	6
штамм	6
желудок	6
потомок	6
чжан	6
трап	6
допуск	6
восьмёрка	6
радиомитигатор	6
репарация	6
опухоль	6
сцена	6
медальон	6
валик	6
наушник	6
столб	6
сара	6
закрылок	6
адрон	6
фок	6
помидор	6
удешевление	6
ссвп	6
ушко	6
офка	6
мегабит	6
обрыв	6
амальдь	6
перемешивание	6
заготовка	6
пламя	6
авиасалон	6
ртрс	6
цянить	6
наркомат	6
зажим	6
нилсат	6
борелли	6
диалог	6
меню	6
мгновение	6
улавливание	6
овощ	6
полукомплект	6
робототехника	6
обеспокоенность	6
аристотель	6
звѣзд	6
периапсис	6
технион	6
бод	6
перкин	6
поселенец	6
перекачка	6
клервуа	6
хитомь	6
рапан	6
макнота	6
варп	6
телепортация	6
инклинометр	6
сейтаха	6
боровичи	6
невель	6
радиоисточник	6
маунтина	6
миномёт	6
бархотка	6
слом	6
микроб	6
энвисат	6
тайроса	6
слайд	6
спец	6
траугера	6
антарктика	6
пюре	6
соус	6
уайтц	5
перезарядка	5
стакан	5
счастие	5
пропорция	5
мороз	5
декстр	5
закат	5
мерзлота	5
манипуляция	5
кврд	5
лотос	5
экспорт	5
наследник	5
лаплас	5
альтиметрия	5
шоу	5
актив	5
платина	5
всеволодович	5
телепрограмма	5
коллапс	5
больша	5
микрин	5
выступление	5
стапель	5
госконтракт	5
миллиардер	5
гриб	5
заболевание	5
броня	5
интеллект	5
петрукович	5
уникальность	5
электрик	5
фот	5
именование	5
бой	5
лера	5
протопланета	5
железа	5
расплавление	5
хинди	5
сента	5
шейх	5
перу	5
расплав	5
ставка	5
джезказган	5
интерферон	5
здравоохранение	5
френель	5
эйартц	5
белла	5
реагирование	5
мишель	5
баландин	5
ляхов	5
прожига	5
ивкина	5
главнокомандующий	5
полк	5
неделин	5
увековечение	5
мужество	5
подвиг	5
взрослый	5
звено	5
превосходство	5
деятель	5
насыщение	5
леонардо	5
гайка	5
эдуардович	5
фридрих	5
лангемак	5
политбюро	5
вибростенд	5
уведомление	5
курт	5
сэм	5
проспект	5
кассегрена	5
сакля	5
сахар	5
радиан	5
выигрыш	5
деймос	5
известность	5
крюк	5
бесконечность	5
прицел	5
эллен	5
зимовка	5
лазуткин	5
руслан	5
посев	5
миф	5
тони	5
слава	5
планетарий	5
соавтор	5
отдельность	5
картер	5
радиоразведка	5
триколор	5
ют	5
вскрытие	5
аминокислота	5
памела	5
мультимедиа	5
ученик	5
финал	5
экономичность	5
трудоёмкость	5
надевание	5
укрытие	5
вэйсин	5
прёдель	5
харт	5
герметик	5
коллаборация	5
пойнт	5
голод	5
диссипация	5
адамс	5
сити	5
турель	5
дрель	5
ческай	5
пан	5
электромобиль	5
полупроводник	5
электропотребление	5
астробиолог	5
мотор	5
бернацкий	5
монография	5
семёнович	5
анатолиевич	5
стартап	5
украин	5
микрокамера	5
затенение	5
антисовпадение	5
конвертер	5
курносов	5
интерфакс	5
интеркий	5
акуумулятор	5
бюллетень	5
астроориентация	5
гельмут	5
парогаз	5
франц	5
копирование	5
виталиевич	5
модем	5
сеул	5
инфографик	5
денисович	5
анкета	5
ари	5
подобие	5
дёмин	5
центрнаучфильм	5
барратта	5
джина	5
макака	5
хлорелла	5
спрос	5
сувенир	5
уэст	5
миранда	5
бленда	5
маркос	5
кук	5
трансивер	5
пересылка	5
отсоединение	5
половинка	5
полиэтилен	5
закись	5
омск	5
селиван	5
компьютерра	5
микрометеороид	5
круговорот	5
хайнань	5
плагиоклаз	5
хаябусы	5
стереосъёмка	5
пылинка	5
франциско	5
гусев	5
коммерсантъ	5
фрс	5
железногорск	5
океания	5
слот	5
девушка	5
афронавт	5
заверение	5
айсберг	5
собственник	5
протечка	5
пожаротушение	5
архипелаг	5
радиотелеметрия	5
мащенко	5
паппо	5
корыстина	5
сэндвич	5
спектроскоп	5
арианспейс	5
минералогия	5
нтуа	5
несовершенство	5
сдерживание	5
заклинивание	5
грей	5
рок	5
глазар	5
вместимость	5
патрон	5
скандинавия	5
грин	5
верность	5
юань	5
массачусетс	5
перемычка	5
млекопитающее	5
хантсвилл	5
кондиционирование	5
фара	5
спекуляция	5
излишек	5
детонация	5
пасадин	5
монотопливо	5
гумбольдт	5
терапия	5
реабилитация	5
гироплатформа	5
неработоспособность	5
телеуправление	5
семипалатинск	5
полвека	5
голля	5
голль	5
руденко	5
инфортекст	5
диполь	5
самоликвидация	5
перераб	5
сульфид	5
чиновник	5
райса	5
дизайнер	5
семинар	5
кент	5
макдауэлла	5
кардан	5
тайфун	5
дук	5
король	5
фотопластинка	5
болото	5
секстант	5
пилотирование	5
сель	5
езда	5
элбоу	5
демпфирование	5
трубочка	5
оттенок	5
телезритель	5
мистер	5
чаффи	5
грисс	5
клифтон	5
термозащита	5
аквалангист	5
экспонат	5
хэнкс	5
кварк	5
алма	5
отсрочка	5
пшеница	5
светов	5
регата	5
пин	5
исправность	5
автономность	5
бездействие	5
колодец	5
тагарда	5
прогар	5
штатив	5
лоток	5
фингер	5
реестр	5
террор	5
кулак	5
тенг	5
наполнение	5
альто	5
глазков	5
лебёдка	5
половой	5
биофизприбор	5
генетика	5
кречет	5
парламент	5
термостатирование	5
луис	5
корпускула	5
кардашёв	5
инфляция	5
уголь	5
диссертация	5
зак	5
ртр	5
расторжение	5
нпцап	5
луи	5
эмиссия	5
ростов	5
троицк	5
взнос	5
собис	5
дроссель	5
инжекция	5
развлечение	5
дрожжи	5
спрайт	5
впрыск	5
компромисс	5
гигабит	5
ариабхата	5
многогранник	5
экспонирование	5
филиппина	5
недопущение	5
двойник	5
предосторожность	5
запылённость	5
теплоизолятор	5
власов	5
метилгидразин	5
обложка	5
ливэя	5
доведение	5
восс	5
путаница	5
номенклатура	5
райнхольд	5
эвальд	5
деорбитация	5
блокировка	5
сад	5
враг	5
реутов	5
заикина	5
керим	5
монополия	5
цитирование	5
порыв	5
белка	5
стеклопластик	5
рампа	5
перетирание	5
отдаление	5
скребок	5
колпачок	5
мостовая	5
тектоника	5
умножение	5
штрих	5
корреляция	5
череп	5
подложка	5
сетчатка	5
тошнота	5
идеал	5
радиопросвечивание	5
каптон	5
радиоэксперимент	5
быстродействие	5
урезание	5
краснодар	5
спэйс	5
бинни	5
префектура	5
перец	5
телесъёмка	5
битов	5
яма	5
цру	5
сост	5
юбка	5
аммоний	5
сыр	5
нордвейк	5
сборщик	5
берсеркёр	5
брейсвелла	5
глобал	5
мариетта	5
бэйдоу	5
картофель	5
похищение	5
нимик	5
мезон	5
лёт	5
магистр	5
дьявол	5
радиообсерватория	5
урожай	5
озабоченность	5
уезд	5
анри	5
мкзва	5
маркер	5
толстой	5
столовая	5
налёт	5
планка	5
интерферограмма	5
гнпркца	5
потепление	5
фейерверк	5
философ	5
потолок	5
истра	5
барак	5
резистор	5
дитрих	5
деннис	5
тито	5
манат	5
викрам	5
омид	5
неман	5
тяговооружённость	5
турин	5
эдоардо	5
опробование	5
параллель	5
компьюлента	5
губанов	5
султан	5
эпитеплов	5
трибуна	5
сюэсэнить	5
мар	5
квтк	5
рецептор	5
цвета	5
телецентр	5
мираж	5
доразгон	5
гарнитур	5
коллекция	5
лей	5
скрытность	5
труакс	5
фладь	5
кронка	5
стеркоу	5
мозес	5
беннетт	5
родоначальник	5
санузел	5
оренбург	5
урличича	5
макдивитта	5
пробка	5
отбой	5
сводка	5
матрёшка	5
патрубок	5
гкпкм	5
восьмигранник	5
газо	5
ястреб	5
рождество	5
хроник	5
пропуск	5
бысть	5
видеоигра	5
вниит	5
серьёзность	5
кривизна	5
починка	5
эфиопия	5
глиза	5
искривление	5
субматрица	5
эрик	5
психология	5
ногинск	5
обстрел	5
всплытие	5
ганьс	5
кавошгар	5
каплан	5
сэйя	5
кадет	5
приветствие	5
ножницы	5
камелот	5
этанол	5
перенаправление	5
селена	5
зея	5
португалия	5
саманта	5
оз	5
прокрутка	5
заплатка	5
цанетос	5
гелидром	5
интерференция	5
синко	5
мими	5
маккула	5
лгнс	5
миллибар	5
сдержанность	5
аэроклуб	5
нанозонд	5
горшков	5
гидропривод	5
томск	5
бцвк	5
шарп	5
путткамера	5
фьюстела	5
ккал	5
вдох	5
кесслера	5
сычёв	5
лита	5
равенство	4
специфика	4
распыление	4
гаофэ	4
ассигнование	4
смартфон	4
кошка	4
промах	4
соратник	4
мемуары	4
якутия	4
тайга	4
виза	4
госиспытание	4
гидротурбина	4
пропан	4
этан	4
анастигмат	4
залегание	4
переименование	4
несоответствие	4
девочка	4
стереоснимок	4
склонение	4
пенсия	4
видеоизображение	4
сибгау	4
меньшиков	4
учитель	4
стечение	4
гэрриот	4
витино	4
пос	4
бернард	4
подчинение	4
аннексия	4
командующий	4
винокуров	4
назаров	4
аксёнов	4
электрооборудование	4
расщепление	4
иодид	4
гермоотсек	4
чел	4
расконсервация	4
универсальность	4
воронцов	4
виртанена	4
афродита	4
сердечник	4
собеседование	4
электролиз	4
долговечность	4
крор	4
оплата	4
марганец	4
музафар	4
шукор	4
втб	4
энергосбережение	4
криостат	4
прошествие	4
патрулирование	4
гафар	4
судак	4
фаркаша	4
туан	4
пневматика	4
приток	4
подвешивание	4
ханс	4
форвард	4
живучесть	4
нтц	4
тониня	4
полещука	4
юаньван	4
печка	4
фотоприёмник	4
макетирование	4
невыполнение	4
парад	4
стажировка	4
училище	4
главком	4
носов	4
сержант	4
могила	4
увековечивание	4
гвардия	4
долг	4
личинка	4
дождевой	4
барабан	4
посол	4
помехоустойчивость	4
небосвод	4
субгигант	4
уилсон	4
закругление	4
сунита	4
калипсо	4
витязь	4
ковалёв	4
грингауз	4
полуоболочка	4
терморель	4
популяризатор	4
тихомиров	4
яков	4
перельман	4
устинов	4
бэсм	4
огонёк	4
дуайт	4
монумент	4
покоритель	4
кинематограф	4
подборка	4
японец	4
уклонение	4
кевлар	4
растяжение	4
графен	4
константа	4
хайнлайна	4
личность	4
трилогия	4
джейсон	4
верфь	4
рекс	4
спасание	4
конвенция	4
прекорт	4
данбар	4
парабола	4
венок	4
чайковский	4
автодорога	4
обелиск	4
гранит	4
разделитель	4
подвижность	4
пилотаж	4
верхушка	4
авиакомпания	4
экскурсия	4
сахара	4
брюс	4
вынос	4
гидрокостюм	4
плавучесть	4
змея	4
аэроспейс	4
страховщик	4
репетиция	4
сюняева	4
внииэфа	4
банкротство	4
перепрограммирование	4
замещение	4
двухчасовой	4
кек	4
антонио	4
малаперт	4
диспетчер	4
кодирование	4
запятая	4
осрв	4
дуля	4
субсидия	4
йодид	4
бромид	4
сурьма	4
сумерки	4
кратность	4
сокб	4
сдача	4
марченко	4
эмка	4
аналитика	4
оседание	4
закрепление	4
нияу	4
колдашов	4
чеботарёв	4
энергоноситель	4
лопатка	4
антипин	4
цунами	4
разгар	4
стимулирование	4
астродинамика	4
философия	4
рукопись	4
триумф	4
вагриус	4
фарис	4
недостаточность	4
воротник	4
балка	4
брюссель	4
твиттер	4
бецис	4
гран	4
вязкость	4
лукашевич	4
странствие	4
топливопровод	4
рид	4
филлипс	4
бром	4
эстакада	4
подпитка	4
грамота	4
парафойло	4
проводок	4
мгсс	4
резиденция	4
полномочие	4
чуэйри	4
радон	4
норита	4
минерв	4
почёт	4
шип	4
ютуба	4
блокирование	4
флагман	4
мкрч	4
провизия	4
мэр	4
авторство	4
промысл	4
митник	4
юстиция	4
рен	4
колумбусы	4
упражнение	4
аделаида	4
шпицберген	4
нано	4
сингапур	4
пиллинджер	4
транслитерация	4
динозавр	4
сикорский	4
заполнитель	4
мидас	4
лофстрома	4
читатель	4
компенсатор	4
добавка	4
окупаемость	4
сычуаня	4
катыс	4
скорпион	4
марсден	4
накано	4
венесуэла	4
аресибо	4
арахис	4
нордвейка	4
гольф	4
энтузиазм	4
наложение	4
прояснение	4
тройка	4
пропадание	4
пауль	4
цейс	4
дружба	4
суммирование	4
закладка	4
пзу	4
преподаватель	4
крисс	4
обороноспособность	4
истекание	4
учебник	4
обладание	4
энерговооружённость	4
рецензирование	4
уэнди	4
шпат	4
хейг	4
безос	4
парогазогенератор	4
эллипсоид	4
фотоизображение	4
гарант	4
волнение	4
стирлинг	4
прощание	4
педро	4
высотометр	4
миигаик	4
эйч	4
кандидатура	4
силвера	4
правильность	4
штурм	4
повязка	4
уборка	4
полотенце	4
изгиб	4
подставка	4
локоть	4
совка	4
слив	4
выключатель	4
галилея	4
алфавит	4
бондаренко	4
тоннель	4
визирование	4
окинава	4
митчелла	4
уолтер	4
посредник	4
рассказчик	4
клей	4
евсеевич	4
тюрата	4
призыв	4
кормление	4
сосна	4
ячмень	4
водоросль	4
клон	4
брольо	4
рита	4
кения	4
альпина	4
литва	4
иевлев	4
тантал	4
подстраховка	4
самоа	4
чернышёв	4
фракция	4
трагедия	4
лесгафт	4
терентиевич	4
фенология	4
рынина	4
ветчинкин	4
зарплата	4
фламмариона	4
титул	4
номинал	4
левочкин	4
форсирование	4
плотномер	4
клиффорд	4
землепользование	4
пикоспутник	4
термодатчик	4
каньяд	4
хейл	4
синнамарь	4
тенгиз	4
сут	4
обрез	4
кондратьев	4
сктб	4
плазмида	4
электроген	4
усов	4
шарм	4
юриевич	4
орлец	4
кондаков	4
рекомбинация	4
вольф	4
сахалин	4
рассеиватель	4
ласточка	4
джоунс	4
умножитель	4
отождествление	4
раскачивание	4
финченко	4
калам	4
сейсмология	4
зашумление	4
уткин	4
совмин	4
экзобиология	4
кораблёва	4
гибернация	4
дейв	4
пул	4
брага	4
микроэлектроника	4
линзирование	4
вознесение	4
эльф	4
тропосфера	4
шок	4
визуализатор	4
рассол	4
дань	4
хакутё	4
минор	4
гребень	4
инициирование	4
кросс	4
разворачивание	4
спецоборудование	4
снв	4
стилет	4
пепел	4
полиуретан	4
достопримечательность	4
грызун	4
нодон	4
тонхэ	4
дешевизна	4
вейлера	4
предохранение	4
удача	4
гриль	4
эсперанс	4
хаутен	4
шубин	4
власко	4
сэндс	4
правление	4
переоборудование	4
грек	4
председательство	4
одесса	4
зонт	4
мерлина	4
радиометрия	4
полиамид	4
тамара	4
джерниган	4
линенджер	4
термистор	4
сюрприз	4
крафт	4
шлюзование	4
монета	4
новшество	4
нудельман	4
орудие	4
схожесть	4
повтор	4
гуляев	4
белоус	4
зам	4
карась	4
беспокойство	4
ахмет	4
фомин	4
барри	4
вымирание	4
палуба	4
компактность	4
косберг	4
конотори	4
кролик	4
павильон	4
олдрином	4
грансфелд	4
прибавка	4
стандартизация	4
транскрипция	4
гайя	4
электрокабель	4
пористость	4
весы	4
неровность	4
биоматериал	4
артемий	4
мутация	4
питерсон	4
перестановка	4
биомасса	4
логистика	4
отбрасывание	4
энерговыделение	4
чен	4
мясищев	4
калашников	4
окисел	4
дауни	4
шторка	4
перт	4
шарман	4
вильгельм	4
соджонёр	4
разногласие	4
рыцарь	4
мелвилл	4
лямбда	4
гонконг	4
геопортал	4
вниитрансмаш	4
мчс	4
хартия	4
минск	4
аванесов	4
русалка	4
габбро	4
барион	4
кюри	4
схип	4
брежнев	4
ерёменко	4
телесигнал	4
китаец	4
флойда	4
вмис	4
размотка	4
телеизображение	4
армада	4
рекордсмен	4
осциллятор	4
берсеркер	4
львович	4
платонов	4
кбайт	4
четырёхокись	4
заговор	4
луковица	4
витамин	4
радиосредство	4
интервидение	4
салат	4
рада	4
горох	4
пирозамок	4
рико	4
тяньто	4
налогоплательщик	4
суббота	4
варшава	4
ефремов	4
стругацкий	4
чолл	4
мушка	4
бакалавр	4
катаракта	4
крис	4
джодрелла	4
полководец	4
ир	4
филиппины	4
неравномерность	4
радиосенсибилизатор	4
радионуклид	4
больница	4
вулканизм	4
децибел	4
пронин	4
ржига	4
броневой	4
танк	4
разрез	4
династия	4
ракетчик	4
катюша	4
допущение	4
гидродинамика	4
фрунзе	4
нагнетание	4
сенат	4
ссрня	4
фосвич	4
гиподинамия	4
золочение	4
мультфильм	4
тяньтун	4
рипа	4
розетка	4
филипп	4
филин	4
корнеев	4
консистенция	4
обвод	4
токтара	4
остывание	4
троицкий	4
контрастность	4
репутация	4
флемстида	4
цикада	4
бабакина	4
джейк	4
данилов	4
фано	4
шуай	4
байд	4
куратор	4
казбек	4
бонум	4
функционал	4
энцелад	4
равномерность	4
унос	4
магазин	4
гостиница	4
кубик	4
отрывок	4
амазонка	4
подлипка	4
учёба	4
бонд	4
марина	4
уголок	4
клаус	4
недовольство	4
калпан	4
масуччи	4
тополь	4
лопот	4
недоработка	4
аудитория	4
пляж	4
радиопереговоры	4
полпути	4
наддуля	4
хикэма	4
турне	4
скатывание	4
кинотеатр	4
присуждение	4
засорение	4
орех	4
юрисдикция	4
сальватор	4
окампо	4
хэдфилд	4
штерн	4
вампир	4
олово	4
брацлавец	4
послесвечение	4
двухосной	4
оазис	4
иней	4
колмыковы	4
ростёха	4
манциня	4
понтекулан	4
буш	4
гинга	4
кауэлла	4
кроммелина	4
кианг	4
мэн	4
ханьша	4
проѧвлѧш	4
паоло	4
марочник	4
опция	4
немецко	4
иврит	4
кодак	4
переориентация	4
микромеханика	4
микрозатвор	4
гибрид	4
ампула	4
лансдорп	4
непригодность	4
боезаряд	4
подозрение	4
примат	4
симург	4
турбокомпрессор	4
барнер	4
воевода	4
сколково	4
приют	4
проектор	4
сернаном	4
овермайер	4
высокогорье	4
каролина	4
дубль	4
эскарп	4
россыпь	4
деактивация	4
планетолёт	4
заблуждение	4
специализация	4
кристофоретти	4
единство	4
коса	4
кета	4
шаган	4
мейер	4
радиолампа	4
кегостров	4
моржовец	4
колея	4
телефотокамера	4
барельеф	4
плама	4
мюль	4
тумблер	4
гидросистема	4
сальто	4
квиро	4
аланга	4
лемоние	4
проводимость	4
сотбис	4
хасбанда	4
кремнезём	4
великомученица	4
вард	4
вуалирование	4
оумуамуа	4
алегрия	4
сапара	4
моторостроитель	4
повторяемость	4
таутатис	4
виго	4
тренинг	4
альдебаран	4
волновод	4
энерго	4
микрочастица	4
фишер	4
аго	4
ухур	4
драгун	4
гмисс	4
сввп	4
протекание	4
мильнер	4
эльст	4
писарро	4
торада	4
консультант	4
кихот	4
кинескоп	4
аэроторможение	4
бухарест	4
филип	4
ацетилен	4
гидрология	4
гарлингтон	4
морковь	4
горчица	4
келли	4
археология	4
хейдонк	4
ребризер	4
обжим	4
селфмиксер	4
галлон	4
крошка	4
сиранджело	4
крамаров	4
мариус	3
ротация	3
видеомагнитофон	3
гарбук	3
верба	3
турука	3
замлеобзор	3
гюнтер	3
транспарант	3
защёлка	3
гнездо	3
палло	3
стильбен	3
различение	3
аркос	3
электросвязь	3
дунаевцы	3
аэроспайк	3
рециркуляция	3
сужение	3
пасфайндер	3
коннектикут	3
борец	3
стереосистема	3
патфайндер	3
пробел	3
градация	3
центровка	3
финансы	3
шойгу	3
сардиния	3
оснастка	3
штифт	3
парадигма	3
сложение	3
полынь	3
вложение	3
разлом	3
брюстер	3
онип	3
покушение	3
цкик	3
нипа	3
щёлково	3
демилитаризация	3
ширшак	3
чашка	3
самарин	3
видеорепортаж	3
дюк	3
нуклеосинтез	3
германат	3
трата	3
эскадра	3
типоразмер	3
микрофлора	3
норильск	3
интерьер	3
мантур	3
замгендиректор	3
радиопомеха	3
фотоэлектрон	3
убыль	3
фемид	3
возложение	3
маккомас	3
ховард	3
вэлли	3
иносми	3
планетезималь	3
маю	3
бангалор	3
шаттлворт	3
лончаков	3
итальянец	3
куала	3
лумпур	3
внешэкономбанк	3
коммуна	3
перенаведение	3
гярд	3
рейдер	3
киви	3
очерк	3
берталан	3
венг	3
бел	3
форт	3
джером	3
проводник	3
вшэ	3
сочи	3
телеобъектив	3
элизия	3
герц	3
сигнатура	3
леопольд	3
корректность	3
цыган	3
мэтт	3
итерация	3
марио	3
биомедицина	3
выдвижение	3
кастор	3
наладка	3
чэнь	3
донна	3
собрат	3
загруженность	3
солдатенков	3
очевидец	3
примерка	3
григорьянц	3
гарнизон	3
кукла	3
фестиваль	3
рыбка	3
черви	3
кульминация	3
венец	3
коми	3
актуальность	3
трамп	3
мощь	3
противоборство	3
касательная	3
ориентировка	3
мининептун	3
стефани	3
информатика	3
лаппо	3
чекун	3
блик	3
госкомитет	3
радиоэлектроника	3
архангельск	3
лагер	3
докладная	3
сахаров	3
пятница	3
великое	3
зрелость	3
седов	3
начинание	3
бессмертие	3
сидней	3
монино	3
джонстон	3
вгтрк	3
цсдф	3
романович	3
кодировщик	3
стратостат	3
кориолис	3
лэйн	3
шестигранник	3
петька	3
дилогия	3
бездна	3
теракт	3
подсадка	3
хаос	3
аэрозина	3
ознаменование	3
повестка	3
копуос	3
посольство	3
рка	3
бауэрсокс	3
аудио	3
коммутатор	3
америк	3
ции	3
география	3
поощрение	3
лавров	3
булавка	3
гончаров	3
ижевск	3
осадка	3
мускулатура	3
бивер	3
диспенсер	3
авиатранспорт	3
самописец	3
разгоной	3
галлий	3
наполнитель	3
доброволец	3
глицин	3
неудобство	3
шнуровка	3
карабин	3
единорог	3
бешар	3
фоторепортаж	3
чанчжена	3
андрон	3
рфяц	3
сюняев	3
тюбинген	3
плис	3
схемотехник	3
хайлов	3
негерметичность	3
калькулятор	3
совмещение	3
ласа	3
серро	3
префикс	3
нюрнберг	3
родригес	3
поляров	3
кунг	3
осмысление	3
аккаунт	3
кустанай	3
ракетоноситель	3
байт	3
фрагментация	3
кьюрио	3
просеивание	3
мобильность	3
подписчик	3
видение	3
навид	3
средиземноморье	3
сколтех	3
затемнение	3
подбор	3
старение	3
стиль	3
доска	3
индикация	3
нелюбов	3
ужин	3
айдахо	3
элизабет	3
аэроплан	3
таяние	3
разбег	3
тимур	3
святослав	3
ивашкина	3
акад	3
константинов	3
матвеевич	3
соломон	3
стефан	3
боуэн	3
гаоцзина	3
вимп	3
микроквазар	3
трекер	3
логинов	3
макляев	3
горчак	3
тропа	3
парогаза	3
метанол	3
электрогенератор	3
ватерлиния	3
адмирал	3
смоса	3
белоруссия	3
вступление	3
мэрилэнд	3
марь	3
патрик	3
абрамович	3
переписка	3
уроженец	3
фрэнсис	3
исаак	3
гармошка	3
солрада	3
эстера	3
канарий	3
джерард	3
кличка	3
госсовет	3
реорганизация	3
утёс	3
проём	3
сглаживание	3
электросеть	3
костенко	3
удвоение	3
пельтие	3
ложа	3
подлежащее	3
подвод	3
чарлза	3
буэнос	3
айрес	3
радиолуч	3
компани	3
астрофотометр	3
геминида	3
урсида	3
квадрантид	3
ариадна	3
француз	3
омгту	3
миллиньютон	3
ионизатор	3
эрнст	3
жэтф	3
гарольд	3
замораживание	3
прообраз	3
инкос	3
бакалдин	3
батищев	3
гришанцев	3
наумов	3
чесноков	3
шилов	3
интекосмос	3
аис	3
погрузка	3
сапсан	3
оппозиция	3
дженнифер	3
нанос	3
микрочип	3
колокол	3
ахад	3
полотнище	3
оккелс	3
йоханнес	3
живопись	3
погашение	3
всеволод	3
макук	3
суверенитет	3
лусака	3
качели	3
марсианин	3
юнеско	3
затея	3
родитель	3
фотограф	3
кинофестиваль	3
аббра	3
засуха	3
кореец	3
амстердам	3
мюнхен	3
дача	3
госкомпания	3
плод	3
раптор	3
кавитация	3
окисление	3
юсак	3
маэдзав	3
рестарт	3
лоунчер	3
архивирование	3
трансформера	3
ойген	3
рений	3
ниобий	3
балтимор	3
григгс	3
кэрол	3
телеграф	3
смета	3
лофстром	3
нитрат	3
избыточность	3
откачка	3
неотработанность	3
хошун	3
проектант	3
борисович	3
валентинович	3
жизнеспособность	3
манаров	3
плавка	3
видеоинформация	3
ридж	3
развал	3
глыба	3
асимметрия	3
невский	3
атрофия	3
бергер	3
мессершмитта	3
донателло	3
бремен	3
брайденстайн	3
мюон	3
волобуев	3
мука	3
вест	3
унция	3
кардановое	3
перегон	3
крош	3
хеопёс	3
телепанорама	3
уставка	3
простор	3
декан	3
трюк	3
смешение	3
алемасов	3
тишина	3
комикс	3
пересвет	3
уэзерби	3
криовулкан	3
эиип	3
козей	3
такси	3
иттрий	3
божество	3
сурий	3
гелиофизика	3
шардин	3
бизнесмен	3
коулман	3
рэй	3
трансподер	3
апробация	3
пигмент	3
просвет	3
кёйперс	3
посох	3
каша	3
запыление	3
градиометр	3
спектрогелиограф	3
нойштрелица	3
занавес	3
хенайза	3
конденсат	3
сочленение	3
обиход	3
электросистема	3
дэйв	3
натура	3
драйв	3
щипец	3
жажда	3
бедро	3
парень	3
грейпфрут	3
флагшток	3
домкрат	3
низина	3
комок	3
вирджил	3
эллиот	3
радиоэфир	3
уплотнитель	3
ритм	3
харбор	3
шепард	3
нидерл	3
вайльхайм	3
спонсирование	3
антигелий	3
церн	3
трайдента	3
брлк	3
экор	3
нельсон	3
бутон	3
краудфандинг	3
иов	3
логачёв	3
бернар	3
вербер	3
ной	3
луиджи	3
роза	3
клим	3
чурюм	3
штейнс	3
лютеций	3
пиролизёра	3
пиролиз	3
программист	3
коротеев	3
лямка	3
слюна	3
техник	3
вавилов	3
анналы	3
первопроходец	3
орск	3
автоклав	3
ячменников	3
константинович	3
гавриил	3
мальцев	3
даниил	3
шарон	3
вильев	3
выселение	3
гонение	3
кружка	3
идеология	3
убеждение	3
папа	3
религия	3
предшественница	3
блогер	3
цитата	3
даурен	3
всхожесть	3
наводнение	3
каразин	3
британия	3
радиоклуб	3
пожертвование	3
мотивация	3
вильянуэв	3
ингредиент	3
телек	3
судоходство	3
удушье	3
караганда	3
позвонок	3
фмба	3
почвоведение	3
биодеградация	3
гскб	3
спецмаш	3
сэр	3
крк	3
перенесение	3
переплёт	3
ракеш	3
калтех	3
мюррей	3
складка	3
привыкание	3
гдалевич	3
цефеида	3
нереализуемость	3
зенгер	3
альбатрос	3
хоутело	3
дискретизация	3
микроакселерометр	3
материк	3
первопричина	3
застройка	3
кипячение	3
пазуха	3
дайвинг	3
оранжерея	3
четырёхвитков	3
каспа	3
лестер	3
саннивейл	3
бисер	3
биомолекула	3
марсаход	3
пандус	3
госкомгидромет	3
радиоспектрометр	3
гармоника	3
ионозонд	3
просперо	3
стазис	3
приостановление	3
осной	3
апатит	3
таруса	3
мисуркина	3
тамайо	3
физкультура	3
кортекс	3
карибэ	3
антропометрия	3
сова	3
джет	3
катаклизм	3
ноаа	3
торнадо	3
картограф	3
миниатюризация	3
пробирка	3
сверка	3
эссе	3
мониторирование	3
рэйнджер	3
улама	3
миллиграмм	3
урд	3
октант	3
утаивание	3
электроприбор	3
импортозамещение	3
конверсия	3
годность	3
радионавигация	3
трещёв	3
рой	3
спик	3
надобность	3
ящерица	3
таракан	3
бутан	3
маркировка	3
кейп	3
восхождение	3
итака	3
проскальзывание	3
выносливость	3
рей	3
арвидсон	3
хейвено	3
солнцестояние	3
матиевич	3
ягода	3
противоположность	3
покорение	3
вихрь	3
ингрид	3
выпадение	3
джакарта	3
телеграм	3
балхаш	3
азеркосмос	3
предисловие	3
ладонь	3
манеж	3
критик	3
полидевк	3
компаньон	3
нивена	3
айзек	3
азимов	3
пак	3
тупак	3
катари	3
цветок	3
аллергия	3
колодин	3
перепонка	3
парашютирование	3
жезказган	3
поэт	3
телекомпания	3
микролинзирование	3
стерх	3
доброквашина	3
гидрометеорология	3
улан	3
геоморфология	3
подоснова	3
сантьяго	3
патч	3
пласт	3
микрорайон	3
редактирование	3
ортофотоплан	3
стерео	3
стереообработка	3
цниигаик	3
никсоном	3
согласованность	3
ель	3
ява	3
пеленгатор	3
прицеливание	3
кишка	3
слушатель	3
алексеев	3
цукос	3
обещание	3
модулятор	3
дубай	3
уилмор	3
медведь	3
фотосенсор	3
шаргина	3
восьмиметров	3
фиксатор	3
возвышенность	3
растяжка	3
умение	3
приставка	3
лапа	3
дева	3
энтерпрайза	3
подведение	3
моника	3
усср	3
стимул	3
голдин	3
стэль	3
клайд	3
томбо	3
энди	3
компакт	3
стикс	3
защёлкивание	3
ограничитель	3
тиристор	3
диэлектрик	3
заземление	3
сказка	3
джерси	3
шкаф	3
ящик	3
тоёхиро	3
искатель	3
радиоткань	3
микропроволока	3
мскра	3
шонина	3
киселёв	3
билет	3
рутана	3
кровать	3
дубна	3
стс	3
радиошум	3
пёс	3
востребование	3
мицубиси	3
микрокадр	3
пеленг	3
сагдеев	3
анемометр	3
сопрога	3
измир	3
ознакомление	3
ширра	3
пятиугольник	3
канзас	3
вдохновение	3
моррисон	3
размытие	3
гост	3
аэрофотоснимок	3
дешифрирование	3
электропривод	3
агрессивность	3
накачка	3
топология	3
синявский	3
куртка	3
унт	3
котёл	3
охотник	3
лисичка	3
рейка	3
цирюльник	3
актин	3
маячок	3
гиннесса	3
теоретик	3
полмиллиона	3
парадокс	3
астрокурица	3
родственник	3
апокалипсис	3
терраформация	3
фистула	3
фасоль	3
сакс	3
хромосома	3
ларг	3
суханов	3
легостаев	3
джанетта	3
эппс	3
гребёнкин	3
борисов	3
нико	3
геодинамика	3
мимас	3
тяньвэ	3
поэма	3
селфи	3
отливка	3
лема	3
фиаско	3
ручей	3
тау	3
чаша	3
чернушка	3
осушение	3
пуля	3
бег	3
спарта	3
катание	3
антрополог	3
мур	3
проблематика	3
бернал	3
отсечка	3
форс	3
фауна	3
корнелиус	3
тобиас	3
гормон	3
антиоксидант	3
радиотерапия	3
терроризм	3
головокружение	3
консенсус	3
выживаемость	3
облучатель	3
моноксида	3
преступность	3
олимпиада	3
орт	3
усмотрение	3
селеноход	3
ламберт	3
интерполяция	3
тессера	3
героиня	3
библиография	3
комплектование	3
носка	3
куст	3
гектор	3
голубь	3
исток	3
конгрива	3
революционер	3
нацист	3
уязвимость	3
наконечник	3
поморцев	3
тротил	3
симметрия	3
адиабата	3
недорасширение	3
стремление	3
ракеть	3
расщелина	3
соперничество	3
подпрограмма	3
шеннон	3
инициализация	3
мноа	3
макдональд	3
астриум	3
дозиметрия	3
нудоля	3
наталья	3
микровспышка	3
стэп	3
оперативность	3
мумбай	3
мода	3
купон	3
григорьев	3
туловище	3
аламос	3
разбор	3
накатка	3
перекос	3
богуславский	3
денис	3
шкаплер	3
непал	3
реформирование	3
термо	3
лара	3
журавина	3
реалистичность	3
опцион	3
валье	3
антверпен	3
криобот	3
недвижимость	3
джош	3
леви	3
баллард	3
нюанс	3
досье	3
экспринт	3
скептик	3
терилен	3
аракс	3
уругвай	3
напыление	3
мдда	3
жорж	3
цзыюань	3
гипомагнетизм	3
бангабанда	3
мусудан	3
галька	3
аубакир	3
коллаж	3
лентапедия	3
артём	3
газовод	3
аквариум	3
фторопласт	3
сгусток	3
автокатастрофа	3
мельница	3
баржа	3
мрия	3
садовник	3
циам	3
разлёт	3
видеосистема	3
магнум	3
сегундо	3
треножник	3
гидрат	3
торовыя	3
рвота	3
иллюзия	3
бумеранг	3
соруководитель	3
араб	3
мохаммед	3
мтвз	3
наносекунда	3
реввоенсовет	3
гирт	3
щетинк	3
андреевич	3
рахманин	3
историко	3
становление	3
вахта	3
радиоэхо	3
браузер	3
прад	3
подписка	3
плагин	3
кзыл	3
дислокация	3
воениздат	3
реактивация	3
нпомаш	3
эмиттер	3
пробой	3
череда	3
форджер	3
стакки	3
уилфорд	3
быт	3
чегет	3
курсант	3
чикаго	3
ловеллом	3
бассетта	3
вдова	3
вустер	3
усталость	3
ажиотаж	3
бревард	3
понедельник	3
вытягивание	3
гриссом	3
кухня	3
остин	3
сигнализация	3
благодарность	3
вино	3
ботинок	3
телевизор	3
подсказка	3
фломастер	3
поздравление	3
пистолет	3
маршаллов	3
мальчик	3
блиц	3
выемка	3
кабинет	3
заправщик	3
сворачивание	3
пожароопасность	3
аннёй	3
джексон	3
анфим	3
свенсон	3
сезара	3
ефрем	3
крыльчатка	3
переизлучение	3
чередование	3
излом	3
голограмма	3
крона	3
кгпкм	3
сушка	3
скиатрон	3
подстройка	3
цыцулина	3
цукуб	3
ленд	3
ариес	3
бланк	3
противоречие	3
прага	3
клеро	3
варьирование	3
еманс	3
осторожность	3
снежок	3
император	3
нашествие	3
армения	3
византия	3
падуя	3
нахожение	3
столп	3
струве	3
афины	3
паника	3
твен	3
прим	3
курица	3
гурвино	3
теллур	3
сбыт	3
милливатт	3
резонатор	3
санскра	3
мудрость	3
резкость	3
спектрография	3
палитра	3
курсив	3
пластмасса	3
самострел	3
мемориал	3
телепорт	3
прокат	3
микрометеор	3
экзопланетология	3
петиция	3
скелет	3
устаревание	3
разъяснение	3
барий	3
максимов	3
теплица	3
банкрот	3
познание	3
цниихма	3
гарвард	3
извещение	3
боеготовность	3
фуллертон	3
крах	3
решетина	3
селитра	3
углевод	3
гильза	3
электрообогреватель	3
инерционность	3
гккрс	3
телекарта	3
нур	3
горький	3
мегаструктура	3
генерирование	3
суперпушка	3
булла	3
рельсотрон	3
герберт	3
уэллс	3
зубрин	3
кэйсукэ	3
макино	3
вампирша	3
медуза	3
мельников	3
обретение	3
реюньон	3
нальчик	3
пансионат	3
бренсон	3
ус	3
лик	3
телекартинка	3
геофон	3
пенополистирол	3
вторник	3
пологий	3
этажерка	3
зерг	3
дуэт	3
полуночь	3
суббоеприпас	3
сверхоружие	3
онуфриенко	3
анабиоз	3
муж	3
бурдаков	3
сверхпроводник	3
гипердвигатель	3
шеклтон	3
геотон	3
кусимото	3
ретро	3
термоконтроль	3
дым	3
словения	3
клод	3
николье	3
пармитать	3
матиас	3
вассерфаль	3
гциу	3
астронавигация	3
тая	3
тед	3
одометрия	3
мрада	3
баларам	3
бен	3
байер	3
подраздел	3
литера	3
мультипликация	3
кптрло	3
рифма	3
полоний	3
мастак	3
кубометр	3
пущино	3
пирошнур	3
чарли	3
расходование	3
возбуждение	3
перекладина	3
дик	3
шанец	3
барнакл	3
йога	3
пароходство	3
онтарио	3
массметр	3
стул	3
лощина	3
миссула	3
лахонтен	3
скуирес	3
сурт	3
жильё	3
эномото	3
гарыш	3
дубайсат	3
рсфср	3
электрокардиограмма	3
кваджелейн	3
кронос	3
тейлор	3
кеплеров	3
исус	3
показ	3
футбол	3
ругк	3
галисий	3
застенкер	3
исландия	3
бочкарёв	3
карточка	3
бепиколомбо	3
брайль	3
фукуока	3
клавиша	3
кириенко	3
электросталь	3
прорастание	3
рапс	3
грифон	3
советник	3
краснознаменск	3
эжектор	3
марси	3
энн	3
чжэнхэ	3
джеский	3
рачук	3
химера	3
парашютостроение	3
макрон	3
адсорбер	3
санчо	3
теплофизика	3
скоромн	3
смоленец	3
каток	3
гикца	3
азола	3
гэс	3
япеть	3
быков	3
мниирс	3
филипс	3
вермахт	3
пицца	3
стеклов	3
чернила	3
кергелена	3
гфяр	3
кунс	3
фэп	3
бакен	3
голдстейн	3
панспермия	3
лина	3
австралопитек	3
переполнение	3
жезекель	3
головнин	3
омега	3
таблетсат	3
аммотол	3
химпоглотитель	3
переборка	3
обжатие	3
тюбик	3
опера	3
кинофильм	3
эйкерс	3
литератор	3
дифторид	3
мариуса	2
запитка	2
гершинзон	2
рылов	2
дирк	2
кребс	2
наследница	2
максутов	2
калгари	2
протогалактика	2
жулька	2
эвенкия	2
арвид	2
баллистик	2
речка	2
рельс	2
купюра	2
микрозонд	2
теплоперенос	2
останов	2
дефектация	2
стереофотография	2
гидратация	2
уруский	2
гкау	2
лонг	2
драйден	2
проезжий	2
линдау	2
оклад	2
классификатор	2
аудиозапись	2
инерцоид	2
довод	2
правота	2
эдуард	2
вандерберг	2
берг	2
лиана	2
танкредо	2
винтая	2
тит	2
арканзас	2
фридрихсхафена	2
органика	2
мфть	2
терабит	2
оуэн	2
иностранец	2
майкельсон	2
коралл	2
сажень	2
фундамент	2
пилон	2
радиоастроном	2
задолженность	2
фазан	2
видеролик	2
урегулирование	2
заставка	2
реда	2
блазар	2
валенсия	2
присмотр	2
базис	2
гнио	2
варочко	2
паспорт	2
гособоронзаказ	2
реконфигурация	2
ионина	2
ельчанинов	2
гитара	2
синк	2
дженерало	2
урктс	2
нсэн	2
джессика	2
обод	2
документалистика	2
гтрк	2
кабан	2
холселла	2
паллада	2
скандий	2
южноафриканец	2
бельгиец	2
фаиз	2
халид	2
ангкасаван	2
кредит	2
килотонна	2
эниветка	2
аблировал	2
атомолёт	2
демянко	2
информ	2
этвеш	2
арцутанов	2
связывание	2
оплётка	2
сердцевина	2
хойтезер	2
миэм	2
тунис	2
цербер	2
балл	2
колпак	2
нагорье	2
фарсида	2
паразинск	2
тестоед	2
суборбита	2
сандс	2
транспортник	2
джиалич	2
умолчание	2
капиталь	2
ранко	2
сьюзан	2
хелмс	2
альянс	2
видеофильм	2
телец	2
недочёт	2
дун	2
уэйд	2
палета	2
рам	2
нариманов	2
яковлев	2
коноплёв	2
кабанов	2
концев	2
ленинск	2
рядовой	2
мартынов	2
самоотверженность	2
кузьмич	2
патриот	2
печень	2
висконсин	2
манитовок	2
мсрн	2
вашка	2
тохока	2
вакаям	2
гром	2
разоружение	2
постпред	2
господство	2
кругосвета	2
акаба	2
новицкий	2
тарёлкин	2
вагон	2
степь	2
денёбо	2
астронавтка	2
диагностик	2
роузи	2
лукашенко	2
лесник	2
лидоренко	2
внии	2
последователь	2
тифлис	2
артурович	2
исидорович	2
разумов	2
конфискация	2
термокамера	2
несмеянов	2
барселона	2
щеглов	2
хронометр	2
ташкент	2
бенгт	2
барорель	2
коммунист	2
дядя	2
певец	2
литло	2
мурзилка	2
роскосмоство	2
труженик	2
однослойной	2
плетение	2
утолщение	2
коза	2
экспонент	2
раскручивание	2
состязание	2
номинация	2
рай	2
игрушка	2
роды	2
аластер	2
терри	2
зорич	2
сомнамбул	2
гумилёв	2
плацдарм	2
кузница	2
игрок	2
чума	2
мультсериал	2
похолодание	2
арцутан	2
благо	2
нтпк	2
провозглашение	2
запрещение	2
способствование	2
складирование	2
нумизматика	2
пром	2
йский	2
ходатайство	2
прикрепление	2
свинка	2
карша	2
сквер	2
маятник	2
гемоглобин	2
гипербола	2
нитка	2
нестеров	2
гидроневесомость	2
бывш	2
блочок	2
ромашка	2
трюдо	2
пирсоном	2
аннафранк	2
томограф	2
хадсон	2
облицовка	2
удачность	2
ден	2
экипировка	2
аппендикс	2
распах	2
горловина	2
ворот	2
перепуск	2
ворота	2
рот	2
шамитофф	2
зрачок	2
коломба	2
орео	2
сервейра	2
фаньхуэй	2
раскол	2
скидка	2
перепись	2
кончина	2
лобстер	2
electroniс	2
сверхгигант	2
дегазация	2
балдж	2
малинди	2
паранальский	2
оля	2
кениг	2
эрланген	2
ченг	2
лот	2
агро	2
земледелие	2
арифметик	2
салахутдин	2
препринт	2
ипм	2
любопытство	2
любознательность	2
руление	2
узор	2
микроблог	2
футурам	2
котов	2
беккерель	2
фонарик	2
водонагреватель	2
квартиросъёмщик	2
фонарь	2
оргстекло	2
фраунгофер	2
гельмгольц	2
наноантенна	2
инвертор	2
мадагаскар	2
арксекунда	2
киль	2
апполон	2
барнсом	2
криовулканизм	2
осаждение	2
барт	2
наклейка	2
белецкий	2
каторгина	2
отдалённость	2
геопривязка	2
минприрода	2
ольга	2
царица	2
булыжник	2
бурав	2
уламёк	2
моисеев	2
жанейро	2
каракаш	2
солдатов	2
черниченко	2
шеин	2
определённость	2
бинго	2
асюшкина	2
угломер	2
энергоспектрометр	2
англичанин	2
камбала	2
статецк	2
смежник	2
старание	2
широкорада	2
просвещение	2
исаул	2
тончхан	2
топливохранилище	2
кунсан	2
кванменсон	2
поза	2
биоблок	2
цитос	2
мореплавание	2
робер	2
свершение	2
нововведение	2
годвино	2
бержерак	2
эйлер	2
китайско	2
редкость	2
сарафан	2
таймыр	2
михеев	2
мухаммед	2
регламент	2
прошивка	2
лалиберт	2
тарасов	2
тяньхуэй	2
родденберри	2
лири	2
резус	2
гуппи	2
кузнечик	2
редмонд	2
дементьев	2
фролов	2
идеолог	2
федот	2
пенокерамик	2
лапоть	2
куклин	2
ракс	2
голей	2
юницкий	2
силуэт	2
релаксация	2
масштабирование	2
ньюман	2
симуляция	2
гиродинна	2
нассассуак	2
андё	2
страсбург	2
радионаведение	2
минос	2
лабиринт	2
форсаж	2
держатель	2
бомбардирование	2
отфильтровывание	2
гелиоракетоплан	2
тяньхэ	2
авиатор	2
ловец	2
томилина	2
атомиздат	2
космофизика	2
светосила	2
вспл	2
копик	2
шаронов	2
браконьер	2
контрабандист	2
байндстоун	2
нарекание	2
микрозерно	2
изобретательность	2
сирот	2
пасаден	2
витня	2
применимость	2
доннела	2
микрорадиан	2
зайчик	2
вевера	2
смолдёрса	2
сербия	2
фоторегистрация	2
фототеодолит	2
размышление	2
пережитое	2
мегана	2
каунд	2
конституция	2
мат	2
перерезание	2
верёвка	2
христианство	2
стадион	2
амбиция	2
юрист	2
почесть	2
кристина	2
ларсен	2
уэдделла	2
оттобрунн	2
штраф	2
отчётность	2
ливия	2
биржа	2
кибербезопасность	2
триэтилалюминий	2
триэтилборан	2
ребекка	2
миссисипи	2
гвадалахара	2
полариса	2
стеклотекстолит	2
наноноситель	2
комиссариат	2
владение	2
лапоток	2
рулёжка	2
ноак	2
живот	2
остекление	2
педаль	2
арнольд	2
теннесси	2
лисата	2
седдон	2
стэнли	2
окантовка	2
кейтом	2
счок	2
левитация	2
убегание	2
джоуль	2
сыцзыван	2
сорокин	2
ужесточение	2
низ	2
инкубатор	2
воспитание	2
музыкант	2
приспособляемость	2
продовольствие	2
сайдинга	2
спринг	2
частичка	2
дэпрон	2
ножка	2
бёльковы	2
блом	2
энтвиклюнгсринг	2
норд	2
баден	2
вюртемберг	2
хоторн	2
глейза	2
нобиль	2
постулат	2
стамбул	2
нордберг	2
нейланда	2
даллас	2
ахондрит	2
гадолиний	2
самария	2
драйвер	2
адеон	2
детальность	2
оккатор	2
древность	2
эквивалентность	2
шотт	2
метаболизм	2
микробиология	2
иваша	2
лягушка	2
потомство	2
полугодие	2
нурсултан	2
карим	2
алатау	2
тетрадь	2
термостойкость	2
дрегалина	2
дирекция	2
вероника	2
ниихиммаш	2
импеданс	2
надтеплов	2
тайлера	2
оборонгиз	2
мати	2
референц	2
гематит	2
магнитометрия	2
колумб	2
манро	2
оркестр	2
икона	2
статуя	2
ельцин	2
клинтон	2
игоревич	2
гильдия	2
благодарение	2
занятость	2
курочкин	2
роминджер	2
радиоастрономия	2
водоворот	2
нажатие	2
удивление	2
жезл	2
туча	2
миюнь	2
эластомер	2
псевдодальность	2
градиентометр	2
луповка	2
батерь	2
фотокассета	2
устремление	2
гровер	2
палатка	2
фра	2
аристилл	2
автолик	2
вытяжка	2
хлорирование	2
горка	2
штекер	2
наддуло	2
пёрышко	2
истина	2
прикрытие	2
батончик	2
губа	2
синяк	2
лужа	2
дьюн	2
пьедестал	2
застёгивание	2
тиски	2
котловина	2
документирование	2
гивенс	2
нелюбова	2
библия	2
вертолётоносец	2
максимизация	2
автограф	2
зигера	2
вознаграждение	2
хуйдонок	2
хуйдонк	2
индиец	2
сергио	2
арболеда	2
тинг	2
элктоня	2
посейдон	2
азид	2
макклур	2
радиоперехват	2
траверс	2
грузопоток	2
затягивание	2
найсер	2
хаук	2
ковя	2
хилмерс	2
хрущак	2
повествование	2
граф	2
смешарик	2
радиоретранслятор	2
радиоинтерферометрия	2
гёттинген	2
токамак	2
дальтон	2
пропеллента	2
пропеллент	2
фабиан	2
аарон	2
ходьба	2
укупорка	2
понтон	2
респиратор	2
миллионщик	2
гнеденко	2
датирование	2
пенопласт	2
псевдоним	2
москаленко	2
естествознание	2
ермаков	2
авторитет	2
глупость	2
схватка	2
медикамент	2
милтон	2
кляйн	2
роспуск	2
интеллигенция	2
имение	2
чикин	2
консерватория	2
адрианович	2
осипович	2
прянишников	2
доримедонтович	2
мохов	2
комиссар	2
глазенап	2
канон	2
разруха	2
взаимопомощь	2
мировед	2
арест	2
дворянин	2
соввласть	2
вера	2
совесть	2
плоть	2
шайн	2
разгром	2
огпу	2
контры	2
преступление	2
кодекс	2
перепроектирование	2
грунтомер	2
обрушение	2
буре	2
саймак	2
коваленко	2
обладатель	2
приватизация	2
микроплатформа	2
днепрокосмос	2
подзадача	2
вырубка	2
гарь	2
топографо	2
мона	2
тромсё	2
экю	2
тряска	2
боппа	2
лисун	2
вертолётчик	2
стренга	2
катер	2
мастерство	2
утрехт	2
капелла	2
самка	2
откладка	2
онтогенез	2
зародыш	2
биотрансформация	2
биотехсис	2
декомпозиция	2
лока	2
мастерская	2
додекаэдр	2
алькантар	2
госструктура	2
экологичность	2
тетроксид	2
колесница	2
лошадь	2
малина	2
элача	2
уоткинс	2
биориск	2
миура	2
орь	2
гоцелюк	2
ремиз	2
экс	2
мегамазер	2
гигагерц	2
новиков	2
соболев	2
бондон	2
фреска	2
поклонение	2
волхв	2
росто	2
виллафранк	2
салазки	2
пикирование	2
канто	2
устье	2
ганг	2
диффузор	2
калибратор	2
линда	2
шифрование	2
световод	2
разрядность	2
транзиент	2
джованни	2
голомаз	2
запотевание	2
изученность	2
магнитослой	2
растыковка	2
биофизик	2
химик	2
авдюшин	2
закономерность	2
вогт	2
сценарист	2
бенгтсон	2
фен	2
кругозор	2
микроклапан	2
осирис	2
лейк	2
апэкс	2
ультра	2
мендес	2
арнальдо	2
суппорт	2
атуэй	2
мультипликатор	2
покровительница	2
лёгкость	2
синоптик	2
гэтланда	2
перенацеливание	2
норв	2
уважение	2
видеообзор	2
кабеус	2
тэмма	2
домик	2
прицеп	2
бамбук	2
радиодальномер	2
бинокль	2
кинотелескоп	2
геокорона	2
теллера	2
микрограмм	2
микроделение	2
нанограмм	2
пенсильвания	2
пастух	2
фаркуар	2
радиотрансляция	2
арена	2
наряд	2
планшет	2
бусп	2
несрабатывание	2
хвасон	2
зрк	2
канога	2
компонента	2
акколь	2
софи	2
коллиз	2
филлосиликат	2
истирание	2
ярозит	2
роба	2
салливана	2
арго	2
элвин	2
скал	2
чистилище	2
осложнение	2
опортьюнити	2
пенрина	2
каллас	2
тьма	2
скачка	2
переформатирование	2
груневельд	2
корнелис	2
герелсом	2
фильмография	2
андаман	2
легезо	2
подмосковье	2
достояние	2
яндекс	2
планировка	2
ритчин	2
азерб	2
живописец	2
таир	2
холст	2
искусствовед	2
предвидение	2
герасимов	2
айдан	2
валькирия	2
полутень	2
барицентр	2
противоземля	2
защитник	2
гаррисон	2
вернора	2
винджа	2
стивенсон	2
вождь	2
моралеса	2
долгопрудный	2
владивосток	2
сорт	2
томат	2
гимназия	2
стихотворение	2
евтушенко	2
уфа	2
чжоу	2
вебстер	2
козырёк	2
хабрахабра	2
гелио	2
гомс	2
метео	2
енисейск	2
удэ	2
гэрриотт	2
масанорь	2
сасак	2
хираган	2
катакан	2
ругательство	2
мпикс	2
радиопромышленность	2
дженис	2
вич	2
хаббль	2
грейба	2
кэрри	2
шерлок	2
уайсоффа	2
космо	2
килобайт	2
минаков	2
блах	2
трансподера	2
изъятие	2
моно	2
пейн	2
косыгин	2
коммюнике	2
десатурация	2
грибок	2
флакон	2
сигарета	2
гарвин	2
малиновский	2
высоцкий	2
оформление	2
наводка	2
калинин	2
бурдаев	2
капитуляция	2
просчёт	2
тюлевин	2
ткаченко	2
резидент	2
ушаков	2
кардман	2
уильямсон	2
асперо	2
сфероид	2
взрывоопасность	2
наказание	2
датировка	2
бонн	2
щенок	2
субконтинент	2
эллиотт	2
геминг	2
манифест	2
ламбда	2
напор	2
наока	2
вибронагрузка	2
освальд	2
паризя	2
дарранс	2
прайс	2
песчинка	2
внутренность	2
бура	2
германо	2
биопродуктивность	2
будапешт	2
тикондерог	2
откос	2
поименование	2
слоистость	2
газация	2
торра	2
целлюлоза	2
дробь	2
эберт	2
колба	2
паста	2
лексана	2
весиля	2
паго	2
формальдегид	2
ухо	2
телепередача	2
туркмен	2
алем	2
велаят	2
подсоединение	2
атласов	2
энтони	2
арка	2
энергообмен	2
валидация	2
миниспутник	2
рткомма	2
австралазия	2
вымывание	2
лоренц	2
кирпич	2
отказоустойчивость	2
комбинирование	2
декор	2
выя	2
дэниэл	2
галеев	2
равноденствие	2
ультим	2
тула	2
никта	2
кербер	2
затвор	2
спад	2
триггер	2
инверсия	2
перезапись	2
изолятор	2
сток	2
чётность	2
рыбак	2
таро	2
коробочка	2
курирование	2
электропроводка	2
крепёж	2
дооборудование	2
миссури	2
миша	2
луизиана	2
кервин	2
военмех	2
маккэндлёсс	2
библиотечка	2
хелен	2
телерепортаж	2
сиболд	2
хидэо	2
рбк	2
ивак	2
астер	2
наноход	2
ева	2
ревизия	2
джема	2
кавасаки	2
хабаровск	2
иса	2
хайям	2
геоматик	2
совзонд	2
тон	2
жемчуг	2
албания	2
вроцлав	2
прунариу	2
бхаскар	2
циркуляр	2
ликвидатор	2
гирогоризонт	2
архимед	2
двор	2
космосфера	2
рязанов	2
шельф	2
аэроснимок	2
окленд	2
электропневмоклапан	2
рекуператор	2
турбогенератор	2
несферичность	2
досуг	2
катэ	2
ткачёв	2
архипович	2
соликамск	2
электропередача	2
овраг	2
топор	2
полянин	2
автомашина	2
доразведка	2
лесоруб	2
ночёвка	2
савино	2
людской	2
убытие	2
пешеход	2
компетенция	2
максвелл	2
аттик	2
разматывание	2
микрокапсула	2
гавана	2
плат	2
моноблок	2
радиоспорт	2
эверетта	2
затратность	2
прогрессия	2
брина	2
самовоспроизводимость	2
дэвис	2
дайсоном	2
репликатор	2
саберхаген	2
нанотехнология	2
воссоздание	2
полмиллиарда	2
кидонии	2
кормушка	2
артерия	2
синус	2
катетер	2
радость	2
шерсть	2
сердцебиение	2
юмашев	2
виварий	2
воспроизводство	2
микроспора	2
оживление	2
абезяин	2
аристархов	2
огранка	2
изопроект	2
полежаев	2
баллистико	2
мэттью	2
доминик	2
сатося	2
могбель	2
кёртис	2
бурш	2
янссена	2
техзадание	2
меценат	2
рекламодатель	2
кью	2
эмиграция	2
моррис	2
ноль	2
мегатонна	2
янус	2
гексакоптер	2
жунцяо	2
отсылка	2
целинограда	2
анамезон	2
михайлов	2
крейсер	2
автостоп	2
паничкина	2
чжун	2
осуждение	2
пчёлка	2
воронин	2
лоб	2
ориентатор	2
нона	2
фикшн	2
копра	2
перешеек	2
внук	2
шкловский	2
сено	2
сена	2
мун	2
иджис	2
эсминец	2
провокация	2
миллигрей	2
микрогрей	2
пластик	2
хлорид	2
пещера	2
пациент	2
амифостин	2
радикал	2
индукция	2
ингибирование	2
экспрессия	2
канцерогенез	2
интерлейкина	2
лимфоцит	2
фармакология	2
эолида	2
тартус	2
диамандис	2
бурбе	2
игнатов	2
крымов	2
островский	2
тучин	2
тюфлина	2
фельдмана	2
паркет	2
этнография	2
дели	2
гугк	2
формуляр	2
жилет	2
ларингофон	2
гарнитура	2
авиашлем	2
фотокомплект	2
качение	2
хантресс	2
отброс	2
архит	2
хань	2
сражение	2
кучность	2
никола	2
куммерсдорф	2
аэробь	2
реагент	2
геральдика	2
энтропия	2
подстановка	2
проходная	2
ландау	2
сострахование	2
капитал	2
фанера	2
мирабо	2
ларсон	2
афар	2
слушание	2
гловера	2
дорден	2
маврт	2
оксий	2
диодно	2
наклономер	2
стереокарта	2
груда	2
ричардс	2
выдавливание	2
нецелесообразность	2
обкатка	2
барретта	2
инк	2
дезориентация	2
тат	2
мктло	2
бусы	2
субмикрон	2
оптэкс	2
рниикп	2
размягчение	2
нагружение	2
остеопороз	2
упадок	2
уитня	2
электроиспытание	2
сопассажир	2
аргументация	2
оглашение	2
темновое	2
унивёрса	2
эшелон	2
дубров	2
гермообъём	2
дублирование	2
дубликат	2
маркетинг	2
вручение	2
коллоид	2
бублик	2
алиев	2
эксплуатирование	2
ибук	2
учение	2
сарабхай	2
меркул	2
вакат	2
джошуа	2
солнцезащита	2
субстанция	2
гаспра	2
амальтея	2
фазировка	2
алтайск	2
теремок	2
хинодэ	2
нортроп	2
грумман	2
эплтон	2
энтальпия	2
инмарсат	2
яцкина	2
красильников	2
тодор	2
аббас	2
алиевич	2
преемница	2
кохын	2
чеджудо	2
прослушивание	2
случайность	2
пальмахим	2
ложь	2
тезис	2
телесвязь	2
парусность	2
виброиспытание	2
сотрясение	2
леметр	2
плесень	2
фашэ	2
вый	2
болометр	2
холлидея	2
йгенс	2
пиролизёр	2
килопаскаль	2
крем	2
штиль	2
спальная	2
скан	2
несовпадение	2
вмятина	2
пайка	2
выбоина	2
ильменит	2
уступ	2
радиоосциллятор	2
форматирование	2
семён	2
лех	2
неизвестность	2
транспортировщик	2
гиннес	2
пткнп	2
стая	2
римантас	2
антанас	2
щукин	2
талант	2
мап	2
оккультер	2
кинематика	2
брпл	2
амфора	2
поляченко	2
забастовка	2
кокрелла	2
гернхардт	2
мёд	2
райан	2
госдепартамент	2
хьюз	2
тарель	2
подошва	2
миллирадиан	2
шиянить	2
алашань	2
хабра	2
торовый	2
термоскана	2
терек	2
аппетит	2
дискомфорт	2
эдда	2
узда	2
гришин	2
лесков	2
дирижабль	2
десантируть	2
смута	2
геном	2
вдохновитель	2
чжао	2
худун	2
тухачевский	2
военинженер	2
эрихович	2
молотов	2
шварц	2
костиков	2
душкина	2
слонимера	2
чернышов	2
керамика	2
небрежность	2
гиппарх	2
радиозвезда	2
радиобуй	2
гкрч	2
цупами	2
телемост	2
зссс	2
завесон	2
динамо	2
процион	2
популярность	2
ханк	2
торонто	2
альберто	2
атлантида	2
авиасимулятор	2
клара	2
племя	2
перевал	2
спецпоезд	2
вознюк	2
максимович	2
радиоотсек	2
лафет	2
асср	2
сырдарья	2
генштаб	2
перископ	2
сухин	2
росспэн	2
варфоломеев	2
полетаев	2
найшуля	2
паркинсон	2
гпврд	2
водоснабжение	2
консервы	2
гиперзвук	2
форпост	2
эскалибур	2
фармацевтика	2
александрия	2
соцсеть	2
жэньминь	2
жибао	2
собирание	2
датамир	2
антибиотик	2
вагнер	2
сауд	2
мазуччи	2
термалокс	2
дешифровка	2
подгузник	2
мисис	2
кабинка	2
усложнение	2
кофе	2
замглавы	2
швайкарта	2
звонок	2
клюв	2
ромео	2
джульетта	2
капитолий	2
клише	2
пропеллер	2
автобиография	2
эпидемия	2
повар	2
берри	2
бампер	2
коко	2
мотель	2
хозяин	2
постоялец	2
ресторан	2
округа	2
декада	2
спиро	2
вирджила	2
винтик	2
перегруженность	2
пелена	2
евхаристия	2
причастие	2
потир	2
стих	2
иоанн	2
дар	2
конвейер	2
кенгуру	2
дробинка	2
пакетик	2
обувь	2
включатель	2
салфетка	2
паштет	2
йод	2
фотолаборатория	2
дезактивация	2
торжество	2
ванадий	2
подлинность	2
детство	2
сосед	2
голованов	2
сонар	2
бэзос	2
шапиро	2
дудаков	2
ант	2
прокуратура	2
фрукт	2
бртк	2
коллинс	2
самокутяев	2
радиопозывной	2
ракетомоделизм	2
коптев	2
автостоянка	2
сокрытие	2
привлекательность	2
телеспутник	2
дрожание	2
триод	2
красота	2
массимино	2
гаран	2
железников	2
чесалов	2
чертёжница	2
пивоваров	2
сэтеллита	2
коммьюникейшн	2
спланх	2
подогреватель	2
ефанов	2
издатель	2
аллан	2
инъекция	2
биоритм	2
пастбище	2
геолого	2
сккп	2
секретариат	2
фру	2
богатов	2
госэнергоиздат	2
радиобиблиотека	2
умбиталиев	2
тролль	2
свальбард	2
разморозка	2
гидина	2
эллада	2
лейтон	2
казмерчук	2
конструктив	2
натан	2
эйсмонт	2
неуспех	2
бессонов	2
эри	2
четверг	2
вето	2
эдмунд	2
акварид	2
орионида	2
водолей	2
высказывание	2
кембридж	2
апиан	2
палич	2
пингра	2
каменский	2
неучёт	2
тайхоу	2
тельце	2
копьё	2
кассия	2
ужас	2
людовик	2
сочинение	2
знамение	2
акы	2
поганыхъ	2
цесарь	2
князь	2
трактовка	2
ѧкожа	2
свифт	2
спектрограмма	2
разочарование	2
мауна	2
репертуар	2
раймонд	2
левин	2
хайфа	2
ректор	2
тексат	2
пикс	2
месторасположение	2
суперпроводник	2
патрокл	2
нерей	2
нимбусы	2
арматура	2
нейл	2
сомор	2
нераскрытие	2
екатеринбург	2
полночь	2
симпелия	2
доблесть	2
ариэль	2
конгрессмен	2
компетентность	2
неспособность	2
техобслуживание	2
гриффин	2
эрид	2
гиппокамп	2
непрофессионал	2
даль	2
галиля	2
болтон	2
подлинник	2
железняков	2
геопозиционирование	2
стагнация	2
цикличёска	2
змееносец	2
мошенник	2
пейдж	2
реионизация	2
доплера	2
павликовск	2
томсон	2
корень	2
птрк	2
дефокусировка	2
сет	2
кукуруза	2
серийность	2
сосредоточение	2
вилли	2
хоофт	2
макромолекула	2
таз	2
сабатие	2
попутчик	2
минэкономразвития	2
феррит	2
домен	2
госсекретарь	2
илим	2
поблёт	2
убийца	2
ядовитость	2
первенец	2
божоля	2
европейско	2
метрология	2
ракетва	2
вычитание	2
недооценка	2
булава	2
гиростабилизатор	2
цзиньтао	2
противоракета	2
сорбит	2
карамель	2
присадка	2
формование	2
адресат	2
маршрутизация	2
элвис	2
кале	2
ассистент	2
реза	2
тагизад	2
шахруда	2
семнана	2
ахмадинеджад	2
расад	2
фаджра	2
касед	2
посланник	2
месбах	2
космы	2
богдан	2
бруно	2
аккреции	2
сьюзи	2
нкр	2
редукция	2
стимуляция	2
мокб	2
орио	2
болден	2
гидролаборатория	2
юма	2
глобалстар	2
толлбой	2
хусейн	2
сущность	2
луиза	2
цук	2
носферат	2
содзихог	2
акитося	2
ёкоям	2
луминеск	2
нечеловек	2
кайэ	2
скарлетта	2
дискриминация	2
сцср	2
яшин	2
аня	2
рудо	2
завязка	2
николас	2
симпатия	2
начальство	2
харви	2
магнетар	2
теплоход	2
аргуэльо	2
мета	2
макколл	2
творение	2
пресечение	2
рейделла	2
дени	2
допплер	2
декодирование	2
софия	2
топ	2
маршбёрн	2
прокопьев	2
минцифра	2
фас	2
веллингтон	2
фиджи	2
синтезирование	2
отчество	2
банкир	2
ветрогенератор	2
имплантат	2
особь	2
обрамление	2
йозеф	2
багаж	2
распорядок	2
бодрствование	2
пропажа	2
побудка	2
ребята	2
недолёт	2
заезд	2
предохранитель	2
рихард	2
открывание	2
местечко	2
метатель	2
аристарх	2
престон	2
набережная	2
онега	2
полоцк	2
комза	2
микровзрыв	2
буссард	2
хрупкость	2
маркс	2
тодда	2
принцесса	2
генрих	2
сангур	2
скобельцин	2
патон	2
эскадрилья	2
контролёр	2
астронавтичёска	2
латвия	2
присоединение	2
хорватия	2
фуглесанг	2
саня	2
тиль	2
машинка	2
шунейко	2
мерритта	2
петрунин	2
азо	2
управа	2
гид	2
ягодник	2
молчан	2
госдума	2
клавиатура	2
застой	2
энергоотдача	2
инсоляция	2
слабость	2
элахи	2
балар	2
бирма	2
говард	2
фьёр	2
грипа	2
выписка	2
предуведомление	2
недозарядка	2
комментатор	2
фотосессия	2
холмик	2
автонавигация	2
кирита	2
фарлей	2
комбинат	2
голицыно	2
калин	2
тамань	2
трансмиссия	2
отток	2
теплогенератор	2
прогиб	2
испаритель	2
мерфь	2
николя	2
триппель	2
хозиковы	2
ведомость	2
дорожка	2
видность	2
радиоинтерферометр	2
эффельсберг	2
шуст	2
комплутенс	2
буклет	2
пассатижи	2
спук	2
амперметр	2
полусотня	2
смока	2
взвешивание	2
штурман	2
довганя	2
дерюгин	2
трансформатор	2
йигера	2
старшип	2
фосфин	2
лихтер	2
триска	2
хрис	2
ворошилов	2
ильичёвск	2
долинск	2
аксай	2
опик	2
лесовоз	2
вытегралес	2
тогэ	2
экос	2
павленко	2
сиробаба	2
въезд	2
стук	2
авдуевский	2
обезвоживание	2
стопор	2
шток	2
бонневиль	2
майя	2
шаня	2
модула	2
масим	2
казкосмос	2
статут	2
электроаппаратура	2
четвёрка	2
цзянить	2
затуманивание	2
замутнённость	2
икра	2
сонмиани	2
поволжье	2
рэймонд	2
господдержка	2
доверие	2
маккали	2
чавес	2
двухсотлетие	2
фотосинтез	2
копание	2
квецсат	2
штаны	2
раздражитель	2
кпкк	2
омелек	2
лига	2
сюзанна	2
орлеан	2
косарев	2
токива	2
гамбург	2
демография	2
аппара	2
шестиугольник	2
хиросима	2
рассекречивание	2
сажи	2
корнуолл	2
усреднение	2
бек	2
тихоходка	2
анга	2
мехатроника	2
опровержение	2
донбасс	2
филя	2
васин	2
суворов	2
шоколад	2
выговор	2
аздк	2
андовера	2
чемпионат	2
хлорофилл	2
госзаказ	2
сазонович	2
тринити	2
краснов	2
ситуационизм	2
блиссетта	2
спартак	2
раб	2
рефлекс	2
джемисон	2
мамор	2
перенастройка	2
географ	2
видеосъёмка	2
индеец	2
кибератака	2
равиль	2
фернандо	2
мао	2
цзэдун	2
технологичность	2
приоритетность	2
экзокомета	2
асимметричность	2
подпорка	2
просачивание	2
карташева	2
кучма	2
папапетра	2
стенфорд	2
бифрам	2
прогоноз	2
тагай	2
маг	2
шрифт	2
пиромеханизм	2
монтирование	2
уайсмена	2
риановость	2
буланже	2
руднева	2
астрофорум	2
кодировка	2
джузеппе	2
коломбо	2
мгнс	2
установщик	2
зуфар	2
спешка	2
пробкотрон	2
эльдорадо	2
конвертор	2
грасп	2
тяпченко	2
зеленоград	2
эрнест	2
фаэтон	2
урс	2
регистр	2
гелиограмм	2
просрочка	2
кроули	2
ниитп	2
димитровград	2
грузовый	2
геотур	2
челябинск	2
дисперсия	2
тимма	2
сунит	2
тим	2
резуховидка	2
видеосообщение	2
хлопчатник	2
рман	2
микрозиверт	2
ортопироксен	2
клайв	2
нотр	2
волтер	2
льюин	2
одеракс	2
ханой	2
госпрограмма	2
металлург	2
спка	2
мамлей	2
дренаж	2
гувт	2
дефлектор	2
швец	2
строчка	2
благонравов	2
фебусы	2
друян	2
дэн	2
торовой	2
перигесперия	2
гидирование	2
сито	2
обнародование	2
галоген	2
миллизиверот	2
ганс	2
студенчество	2
борисоглебск	2
ганя	2
киржач	2
никс	2
аден	2
минель	2
симмонс	2
термобарокамера	2
идальго	2
политех	2
таня	2
кутателадзе	2
стриженко	2
больцмана	2
вор	2
елизово	2
менделеев	2
флора	2
претерраформирование	2
ввп	2
перенаселённость	2
смертность	2
капица	2
перенаселение	2
минсвязи	2
мелькание	2
рейхсвер	2
картридж	2
срза	2
хейс	2
волгоград	2
тумба	2
сайн	2
шанда	2
фотодатчик	2
подкова	2
гептан	2
максюта	2
вента	2
фазирование	2
гигаваттной	2
дипазона	2
гоби	2
коммуникатор	2
запутанность	2
индокитай	2
фебой	2
рея	2
диона	2
паллен	2
килера	2
дафнис	2
лендёр	2
паппалардо	2
вкрапление	2
башенка	2
свеча	2
простирание	2
дайджест	2
коулмана	2
троян	2
окаменелость	2
эврибат	2
полимел	2
эльбрус	2
открытость	2
башар	2
бомбей	2
сатана	2
хякутакэ	2
фридман	2
корниенко	2
норвуд	2
линдгрен	2
хадамард	2
гравёр	2
хейдонка	2
шпеер	2
крепость	2
месть	2
дунфэн	2
чучхе	2
неоткрытие	2
скай	2
карен	2
найберг	2
канистра	2
тримикс	2
гелиокс	2
гахун	2
люкс	2
пересадка	2
френд	2
думитра	2
ахмадинежад	2
тэгарда	2
двина	2
пуско	2
лобов	2
поджиг	2
лтярд	2
тераватт	2
жир	2
борщ	2
коньяк	2
туба	2
гарнир	2
приправа	2
банка	2
прокол	2
ложка	2
кисель	2
закуска	2
курага	2
алкоголь	2
лапша	2
огурец	2
печение	2
зелень	2
мангальян	2
зной	2
укомплектование	2
проигрыш	2
вермонт	2
радиоспектрограф	2
рубидий	2
омар	2
флоу	2
афиша	2
лапиров	2
чернов	2
гидрогель	2
пентафторид	2
тетрафторид	2
лаво	2
брандспойт	2
жиклёр	2
горелка	2
цуг	2
каторгин	2
мивз	2
харроп	2
хаббард	2
алекс	2
коноплив	2
лоно	2
худо	2
комас	2
глейзер	2
хэнд	2
грейс	2
радиоголограмма	1
тилинин	1
новосёлов	1
мурашко	1
румянцев	1
кант	1
раета	1
неустойка	1
пранаб	1
мукерджи	1
перекрестие	1
сыромятник	1
обесточивание	1
жемчужина	1
живность	1
локтеть	1
огнэктэ	1
юктэкэн	1
ключик	1
тулуп	1
одеяло	1
благовест	1
пересоединение	1
тирвить	1
водность	1
нейрон	1
тридцатилетие	1
держкосмос	1
некомпетентность	1
борисполь	1
заборона	1
клиновозд	1
нерешённость	1
победительница	1
рабство	1
тионилхлорид	1
аттестация	1
рпкб	1
роспатент	1
единомышленник	1
гравицап	1
конфуз	1
кругляков	1
лженаука	1
засилье	1
лжеучёный	1
брендинг	1
комплек	1
панхроматичёс	1
генподрядчик	1
чёлн	1
альмейд	1
невес	1
убатуба	1
освальдо	1
моура	1
диктофон	1
радиэксперимент	1
съём	1
возмутитель	1
переформулирование	1
стивенидж	1
фридрихсхафен	1
галилеевой	1
архетип	1
терагерцев	1
горшунов	1
терагерцевой	1
байрон	1
лихтенберг	1
кумир	1
миллигерцовый	1
предтеча	1
симеиза	1
пулкон	1
металлолом	1
оккупация	1
мтс	1
сельсовет	1
краснопёр	1
сыцко	1
терехин	1
корнеевич	1
клименко	1
дросова	1
диэлэя	1
излечение	1
теллуридов	1
йодов	1
магнитар	1
энергозатраты	1
конфронтация	1
политик	1
заменяемость	1
техномаш	1
фгбуна	1
удовольствие	1
набсовет	1
ниикп	1
медобеспечение	1
строганов	1
кукин	1
колотева	1
микростолкновение	1
биодеструктор	1
технофил	1
иммунодефицит	1
тикси	1
муртазин	1
крикалев	1
обеспечивание	1
сосновца	1
метил	1
дициклопропилциклопропан	1
синтином	1
азов	1
правосудие	1
хакубуна	1
симомур	1
саншайн	1
ркёр	1
мериленд	1
альвена	1
пойнтинг	1
флюксметр	1
бэйл	1
джастин	1
интергелиозонд	1
статоконие	1
тиаки	1
фавие	1
псих	1
линди	1
элкинс	1
тэнтон	1
слипание	1
хехт	1
противопылевой	1
электронагрев	1
корродирование	1
хофмана	1
всасывание	1
соманат	1
индийско	1
нарендра	1
отлëтом	1
овца	1
нафт	1
костино	1
гнпц	1
малайя	1
новобранец	1
танджунг	1
пенгелихо	1
джохор	1
стоматолог	1
рособоронэкспорт	1
луанда	1
газпромбанк	1
росэксимбанк	1
госгарантия	1
фунда	1
согаза	1
жозе	1
атомикс	1
паневино	1
прищеп	1
кузьмин	1
павельев	1
нит	1
мадьярь	1
беалуц	1
металлургия	1
медикора	1
спектрометрирование	1
пирсон	1
сармонт	1
тетеры	1
сирота	1
пряжа	1
хойт	1
амазония	1
спейсшипуан	1
дин	1
пересборка	1
вовлечённость	1
панайот	1
прожог	1
электрофотометр	1
средец	1
пирина	1
рукавишников	1
землян	1
косс	1
трауба	1
цзина	1
хайпэн	1
баньсина	1
графито	1
линкина	1
приямок	1
лукьянов	1
механо	1
корректирование	1
конкретизация	1
разведспутник	1
леврана	1
рудяк	1
ноир	1
рубен	1
мартиросович	1
главнокомандование	1
фирс	1
герчик	1
салло	1
симкива	1
жительство	1
урна	1
курушина	1
аллея	1
антипов	1
инфаркт	1
почка	1
манитэвак	1
тротуар	1
перена	1
валлопс	1
кулашекхарапатнама	1
тамил	1
наду	1
промысел	1
совбез	1
глобальность	1
вепонизация	1
нераспространение	1
шилин	1
автореф	1
дис	1
канд	1
эконом	1
имэмо	1
баушев	1
стреналюк	1
ревино	1
посылока	1
плера	1
астеризм	1
противопылев	1
миниземля	1
гиада	1
херц	1
волонтёр	1
колдуэлла	1
дороти	1
меткалф	1
линденбургер	1
наоко	1
ямадзак	1
сендс	1
кусто	1
ракетчица	1
роквелл	1
клепальщица	1
мясникович	1
русецкий	1
белгосстрах	1
тузик	1
пограничник	1
землеустроитель	1
тета	1
бухтияров	1
бересков	1
ступино	1
шпилька	1
воздуховод	1
электроавтоматика	1
радиоприём	1
штуцер	1
гермоввод	1
марков	1
краюшкин	1
нахабино	1
рынин	1
приговор	1
болховитинов	1
ядерщик	1
нереальность	1
арифмометр	1
социализм	1
есипов	1
лидов	1
хултквист	1
кос	1
шостакович	1
предопределённость	1
пристанище	1
дерзание	1
отсталость	1
юнайтед	1
губернатор	1
мичиган	1
четверостишие	1
гудок	1
бэран	1
колыбель	1
открытка	1
укрощение	1
степанцев	1
шахтёр	1
подросток	1
видеостудия	1
стармедиа	1
лисицын	1
кинохроника	1
предостережение	1
милкус	1
успенский	1
аппретура	1
аппертура	1
руевена	1
рамати	1
викисайт	1
грузик	1
апр	1
гигапаскаль	1
сплетение	1
оптимальность	1
шёлк	1
паук	1
электромагнетизм	1
уравновешивание	1
норматив	1
канат	1
небоскрёб	1
изгнанник	1
притягивание	1
стебель	1
тетралогия	1
зана	1
суперволокно	1
шетцинга	1
интрига	1
лукьяненко	1
скальци	1
вечность	1
пратчетта	1
страта	1
грем	1
макнилла	1
механикум	1
соник	1
теилза	1
эггмана	1
этногенез	1
матвей	1
верховцев	1
змеёныш	1
тафа	1
атль	1
планетоид	1
шпиль	1
макдевит	1
гавань	1
малейв	1
хью	1
субчеловек	1
повадка	1
товарообмен	1
провидение	1
терраформинг	1
концовка	1
трисолярис	1
кибер	1
салем	1
триединство	1
чародей	1
эндимион	1
электровоз	1
брэд	1
претворение	1
петтит	1
хризантема	1
рабо	1
чёска	1
шленность	1
федёр	1
бант	1
картуш	1
щеголев	1
воткинск	1
лай	1
десант	1
поисковик	1
кукуштан	1
мордочка	1
мость	1
синоним	1
лейбниц	1
любимов	1
питьё	1
привычка	1
атрофирование	1
автомобилист	1
кармак	1
хоук	1
санько	1
радиообсервотория	1
краудфаундинг	1
вечеринка	1
фалеристика	1
усугубление	1
эвтектика	1
предсказуемость	1
рулетка	1
хайд	1
гуаи	1
шарлотта	1
пригород	1
эдмонтон	1
миллирентген	1
рыжов	1
заселённость	1
паломарес	1
мелборн	1
вандербильт	1
канберра	1
клинышек	1
микросрез	1
аланин	1
радугин	1
янао	1
разг	1
смесеобразование	1
баня	1
полисвита	1
сканк	1
уоркс	1
шатло	1
венчур	1
свердрап	1
ангел	1
демон	1
застёжка	1
подтягивание	1
мундштук	1
поддува	1
северин	1
отвязывание	1
переодевание	1
нева	1
подстилка	1
краеведение	1
сарафанов	1
астросейсмология	1
регресс	1
фелисетта	1
гуйчжоу	1
шугуана	1
словосочетание	1
боллера	1
лутовин	1
ремайса	1
киргизия	1
приезд	1
ввоз	1
разборка	1
устименко	1
союстировка	1
полураствор	1
рупор	1
информативность	1
чандре	1
апач	1
кампанас	1
бланко	1
сило	1
предель	1
модифицирование	1
пестицид	1
удобрение	1
санитария	1
валка	1
белькович	1
шомбергер	1
кодер	1
голомба	1
разбиение	1
обгорание	1
самотохина	1
вождение	1
тревор	1
паглен	1
эльма	1
санат	1
эдмона	1
селен	1
электрохимик	1
соулзер	1
фуллер	1
дэрил	1
чапин	1
геральд	1
плеер	1
электровелосипед	1
загромождение	1
законопроект	1
льгота	1
арендатор	1
дотация	1
велодорожка	1
сеголен	1
отопление	1
светофор	1
фотопанель	1
кардиостимулятор	1
полиметилметакрилат	1
выпрямление	1
перовксит	1
титанат	1
байпас	1
концентрирование	1
электроэнергетика	1
галогенид	1
шестёрка	1
бред	1
омрн	1
дегтярь	1
вавилин	1
панов	1
пархоменко	1
эргономика	1
мишук	1
спецчасы	1
кулагин	1
ощепковы	1
военпред	1
седнев	1
цыплаков	1
горелов	1
амирьянц	1
стрекоза	1
абиогенез	1
бульон	1
лоренец	1
тертло	1
монгольфьер	1
липид	1
хиральность	1
квадрокоптер	1
октокоптер	1
радиоизотоп	1
шангри	1
сёлк	1
автоподрыв	1
хендрикс	1
джонатон	1
макдауэлл	1
энеев	1
магометович	1
аппаз	1
рефат	1
фазылович	1
поляхов	1
обух	1
липанов	1
зуб	1
рябченко	1
тихонов	1
исраэль	1
некритичность	1
квинсленд	1
цветопередача	1
мазец	1
висмар	1
арлуно	1
милан	1
томография	1
прижим	1
аккреция	1
режекция	1
улитина	1
пустобай	1
енгалычёв	1
мещихина	1
русакович	1
хованский	1
электрометр	1
губский	1
ньюс	1
нанедь	1
ксанфа	1
матобеспечение	1
перманганат	1
оксилин	1
аурол	1
пергидроль	1
декалин	1
барботирование	1
бесследность	1
хейнкель	1
бомбо	1
шквал	1
гадюка	1
дизель	1
экскалибур	1
подводник	1
дёнице	1
окунь	1
коршунов	1
брюнер	1
канис	1
спмбм	1
малахит	1
тыклин	1
люфтваффа	1
харвест	1
неда	1
благосостояние	1
марокко	1
просветработа	1
девиз	1
информированность	1
роже	1
браслет	1
эхография	1
доплерография	1
ликвация	1
пирамиг	1
космона	1
втик	1
кораблевождение	1
нанси	1
этимология	1
губерния	1
словоформа	1
неологизм	1
ракетодром	1
сапарин	1
навт	1
навтик	1
стратонавт	1
акванавт	1
дек	1
автоколебание	1
донор	1
ауденард	1
нивель	1
документооборот	1
анна	1
чибисков	1
заглубление	1
нижневартовск	1
турчанин	1
чашник	1
микрофрагмент	1
высочкин	1
родэ	1
шерстюк	1
киноархив	1
похороны	1
нилла	1
дрёма	1
углозуб	1
сакраменто	1
оринджа	1
гейнсвилле	1
камден	1
эллайнт	1
тексистемс	1
кремация	1
марета	1
поклонник	1
олусёгун	1
обасанджо	1
абуджа	1
спир	1
матвеев	1
рукосуев	1
подпроект	1
меницкий	1
фастовца	1
уряд	1
коробление	1
климов	1
фантазия	1
малага	1
прокатка	1
дисилицида	1
радиоразведчик	1
дедков	1
петрушенко	1
воробьёв	1
яджер	1
деспина	1
галатея	1
ларисса	1
протей	1
наяда	1
таласс	1
маркус	1
юницким	1
берч	1
удлинение	1
хула	1
талия	1
гимнастка	1
коутс	1
маллейн	1
хоуля	1
джудит	1
резник	1
контролирование	1
бенавидес	1
фиалка	1
авиатрафик	1
гилберт	1
авиаперелёт	1
парафойла	1
парафойлом	1
турбоагрегат	1
принтра	1
дава	1
нэрроу	1
шнейдер	1
откол	1
штулингер	1
андрианов	1
лэндиса	1
хорнера	1
эдгард	1
бифелёд	1
форрестер	1
жаринов	1
золотов	1
тихоход	1
арина	1
вергата	1
есками	1
александрина	1
бжеумихов	1
чуньлай	1
мэнфэя	1
генезис	1
пулька	1
лопаточка	1
дацит	1
бриллиант	1
солами	1
аэрооболочка	1
избегание	1
эберсвальд	1
холден	1
маврот	1
меласа	1
гидроокись	1
фоссилия	1
ньший	1
отслоение	1
циркулирование	1
винчи	1
красимира	1
болгарин	1
момандом	1
деламэр	1
макьюэн	1
петрус	1
ламбертус	1
лукас	1
гелдроп	1
брабант	1
артис	1
телефильм	1
виллем	1
фоторегистратор	1
додонов	1
путятина	1
ллисон	1
онидз	1
гавайско	1
гершкович	1
авиарейс	1
козелки	1
бородин	1
фестус	1
педагог	1
переводчик	1
родезия	1
гуманизм	1
конвент	1
хождение	1
миссионер	1
бочка	1
неуместность	1
беременность	1
афронавтка	1
шпиономания	1
козни	1
каунда	1
знахарство	1
ндол	1
чин	1
фотопроект	1
палестина	1
сандэнс	1
уганда	1
замбиец	1
дарья	1
тарусов	1
касахара	1
авиатехник	1
реструктуризация	1
взятка	1
отмывание	1
фальсификация	1
франкфурт	1
бильбао	1
геоинформация	1
электропоезд	1
машинист	1
возофф	1
маркьюзик	1
стрекер	1
цугуо	1
неактивность	1
сендвич	1
олесунна	1
утомление	1
экзозпланет	1
льежский	1
марсель	1
килский	1
джованна	1
тинетти	1
округление	1
зильберфогель	1
исида	1
десептикона	1
робон	1
торс	1
гантель	1
кисть	1
рюкзак	1
парение	1
дайна	1
нырок	1
полоз	1
троупа	1
миллер	1
макнамар	1
аник	1
маргарет	1
республиканец	1
практикум	1
зачековка	1
полиимидной	1
магнитоплан	1
бёрч	1
петаджоуль	1
сервоуправление	1
участь	1
меандрирование	1
лариата	1
сервомеханизм	1
натекание	1
болонкина	1
газенко	1
антип	1
парфён	1
манфред	1
фукс	1
телемеханика	1
богатырь	1
венжер	1
утроба	1
младенец	1
миттеран	1
возничий	1
микрокалькулятор	1
асинхронность	1
намёрзание	1
прибалтика	1
малкольм	1
галина	1
кастель	1
крячко	1
маккроска	1
фотонаблюдение	1
киноситой	1
пачон	1
магдалена	1
ботина	1
цианид	1
новичонок	1
рептилия	1
грибница	1
мицелий	1
ненужность	1
йслэб	1
сателлит	1
ферайниготь	1
флюгтехниша	1
верка	1
фоккер	1
рейн	1
вестфалий	1
штутгарт	1
хартфорд	1
консалтинг	1
кар	1
клеатор	1
титикака	1
неуверенность	1
белград	1
хафтон	1
многор	1
зовыя	1
экономист	1
тумина	1
аэротермодинамика	1
расселла	1
катленбург	1
кратерирование	1
говардит	1
эукрит	1
диогенит	1
фотоячейка	1
карданов	1
опустошение	1
гидрогалит	1
гербер	1
дихотомия	1
литология	1
реясильвий	1
вененейя	1
кристи	1
кёльнер	1
эберхард	1
беролин	1
дрезден	1
пентакон	1
немецк	1
гусеница	1
амфибия	1
мордовия	1
экзолуна	1
супертелескоп	1
субнептун	1
назарбаев	1
нурсат	1
кудм	1
масимов	1
перестраховщик	1
каршыга	1
казах	1
суперкомпьютер	1
емельянов	1
бугаев	1
биотурист	1
трудозатрата	1
вытеснитель	1
критичность	1
президентство	1
регган	1
тушканчик	1
вернона	1
налаживание	1
альбер	1
госинни	1
галла	1
бернсом	1
бернс	1
кешелава	1
лукьянчик	1
ващенко	1
блумфилд	1
венди	1
берриена	1
белинтерсат	1
белінтэрсат	1
балканы	1
тракектория	1
изюминка	1
морган	1
француженка	1
пироэнергодатчик	1
изопропилнитрат	1
газогенерация	1
шевелюк	1
ярославцев	1
наездник	1
туристка	1
деймосом	1
стронций	1
кайзерита	1
кальцит	1
гётит	1
маров	1
нигяр	1
шаджи	1
базлов	1
алференко	1
уолш	1
собор	1
спиридон	1
далай	1
лама	1
гальченко	1
дробышевский	1
вячеславович	1
виньетка	1
ротари	1
застолье	1
ковешик	1
бобронник	1
катерина	1
лести	1
холт	1
обхват	1
ариель	1
вестингхаус	1
ковтуненко	1
хмыров	1
ава	1
буказ	1
буйков	1
бокс	1
октаэдр	1
многомодовый	1
световозвращатель	1
климатология	1
экосфера	1
фикобилин	1
фитопланктон	1
двухосон	1
монохроматор	1
чернь	1
тёрнера	1
метеосистема	1
дарение	1
вуконг	1
замдиректора	1
цзыцзиньшань	1
чан	1
цзинь	1
небытие	1
фаня	1
ичжун	1
ежедневник	1
санье	1
кашгаре	1
санья	1
геопотенциал	1
радиопозиционирование	1
трилатерация	1
гнсс	1
геоцентр	1
гладь	1
просадка	1
градиометрия	1
тензор	1
краснорыл	1
хейсканена	1
мориц	1
пахра	1
ондржеёв	1
улов	1
лкон	1
талисман	1
результативность	1
силвер	1
докембрий	1
лектор	1
муляж	1
фарук	1
баз	1
новация	1
новинка	1
сорбент	1
гниение	1
предгорие	1
барбекю	1
отведение	1
матфей	1
котельная	1
матрас	1
теснота	1
курорт	1
глоток	1
кармашек	1
развинчивание	1
постриг	1
трещинка	1
полконтейнер	1
детище	1
геохимик	1
желобок	1
поверка	1
гномон	1
стереокартина	1
подушечка	1
джентльмен	1
ритуал	1
басетта	1
фримэн	1
высь	1
улыбка	1
аритмия	1
желудочек	1
секонала	1
телесеанс	1
серп	1
перл	1
эпопея	1
айерман	1
хуйдонка	1
распродажа	1
грейзер	1
бостик	1
богот	1
сэмюэла	1
страпелька	1
сэмюэль	1
правопреемник	1
найк	1
першинга	1
сайдвайндер	1
маверик	1
тиокол	1
риторика	1
отстаивание	1
взаимозаменяемость	1
ремонтопригодность	1
захолаживание	1
харуэлле	1
лаундж	1
увечье	1
обмерзание	1
плавник	1
флоберхаген	1
роскомос	1
минкосвязь	1
сизиф	1
газодобыча	1
выплавление	1
ландис	1
коммандер	1
бенджамин	1
сиско	1
правдивость	1
баджорец	1
джеонозис	1
корусант	1
сокровище	1
сёрфер	1
эльдар	1
мультсерия	1
соджернер	1
эльясберг	1
фармоз	1
кениец	1
астрокорректор	1
шампольон	1
таджикистан	1
разводка	1
миллилитр	1
хапеть	1
паблишер	1
апплет	1
стяпонас	1
дарюс	1
стасис	1
гиренас	1
сажа	1
тугоплавкость	1
гафний	1
гурфинк	1
криппена	1
салли	1
райд	1
охлажение	1
вейтц	1
янки	1
интрепид	1
клифтоня	1
ориана	1
фаллача	1
развесовка	1
озорство	1
боязнь	1
бровь	1
раздача	1
выставление	1
бруевич	1
христианович	1
авиапром	1
шиборин	1
митков	1
неузнаваемость	1
невыход	1
химреагент	1
полимеризация	1
раскопка	1
крик	1
домысел	1
нотка	1
покраска	1
икарус	1
кливленд	1
альбукерка	1
сский	1
бщество	1
миров	1
дения	1
протоиерей	1
оллила	1
грейг	1
сочувствие	1
глазунов	1
турчинович	1
казицын	1
владим	1
николвич	1
казначей	1
зав	1
помпеевич	1
корчагин	1
руднев	1
егера	1
иосифович	1
людвигович	1
мошонкина	1
шанин	1
шенкман	1
тимофеевич	1
благорасположение	1
меценатка	1
тенишев	1
чичерин	1
знаток	1
главнаука	1
экваториал	1
петроград	1
новгород	1
помещик	1
кулачество	1
забота	1
графиня	1
софья	1
панин	1
мировоззрение	1
выходец	1
монархия	1
кучка	1
насильник	1
камилла	1
служение	1
астрология	1
христос	1
народник	1
амнистия	1
асенковы	1
астапович	1
вельямин	1
крин	1
максут	1
мохнач	1
ростовцев	1
сытинскай	1
фаас	1
ферсман	1
фесенков	1
цесевич	1
эйгенсон	1
кукаркина	1
величковский	1
идельсон	1
кулик	1
амбарцумян	1
подотдел	1
депутат	1
казицин	1
виновность	1
еропкина	1
борок	1
ленгубисполком	1
несброс	1
сверхнагрузка	1
ляд	1
прожиг	1
кбск	1
пневмоблок	1
отгрузка	1
техпроцесс	1
динамограф	1
птичка	1
кровля	1
помёт	1
вандализм	1
купля	1
госсобственность	1
перерегистрация	1
всепогодность	1
посевная	1
севооборот	1
поражённость	1
сорняк	1
засоление	1
бурелом	1
заболоченность	1
занос	1
обскура	1
рядок	1
мининформсвязь	1
лян	1
сяохун	1
амир	1
прерогатива	1
легион	1
тиис	1
соучредитель	1
метель	1
затор	1
голодание	1
феодосия	1
оставление	1
обморожение	1
драма	1
гронинген	1
пентаэритритола	1
бабушкин	1
кудрявцев	1
шотвелла	1
копуляция	1
видеорегистрация	1
флуотрек	1
буравкова	1
митохондрия	1
флуориметрия	1
преадаптация	1
фуллерен	1
биофрост	1
микология	1
слоевище	1
лишайник	1
биохимия	1
биохиммаш	1
доочистка	1
биоэлектричество	1
биоплёнка	1
дорн	1
биорадиация	1
шуршак	1
менделеево	1
лаз	1
недоведение	1
туорёл	1
выборы	1
любомир	1
сабадош	1
шотландия	1
норонья	1
соуза	1
сельва	1
мальхотр	1
равиш	1
флинтридж	1
френк	1
данна	1
хэйуард	1
пикеринг	1
лешина	1
корё	1
миурой	1
оригами	1
уоррен	1
мктс	1
морозильник	1
сойон	1
гектар	1
гилрута	1
викисклад	1
медиафайл	1
радиоастрофизик	1
трушкин	1
переподписание	1
сверхпроводимость	1
пребиотик	1
спектрополяриметрия	1
райя	1
кварков	1
радиогалактика	1
ниик	1
лукаш	1
пилипенко	1
дорошкевич	1
зинченко	1
ларченков	1
малов	1
малофей	1
позаненко	1
черепащук	1
лоцман	1
пелчак	1
олдржиха	1
зильберфо	1
гель	1
бросок	1
блинчик	1
токаева	1
токай	1
доставщик	1
каторина	1
спектралон	1
сидень	1
гутьеррес	1
чилтон	1
глушение	1
фотодетектор	1
тыловыя	1
тхумба	1
керала	1
тривандра	1
атмосф	1
бойль	1
дайвера	1
прилунить	1
литвак	1
каспов	1
льеж	1
нцнить	1
метоп	1
зень	1
двустволка	1
расходонапряженность	1
бревно	1
новостройка	1
иммунология	1
казачок	1
стивенэйдж	1
мома	1
криоконсервация	1
витрификация	1
общежитие	1
сулако	1
пехота	1
франшиза	1
боумать	1
каминский	1
кимбалл	1
миллоу	1
альварт	1
мелодрама	1
мортен	1
тильдума	1
авалон	1
шеффнера	1
буля	1
аватар	1
кэмерон	1
пандору	1
дриф	1
фэндом	1
перевозчик	1
мадсена	1
альма	1
энергоэффективность	1
аналогово	1
фрейм	1
солт	1
радиотомография	1
ауоса	1
рябь	1
хосе	1
армандо	1
рамоненко	1
стопа	1
супинатор	1
калиброметр	1
кординограф	1
стезиометр	1
леман	1
ломоно	1
бдрг	1
имисс	1
слжужба	1
предсказывание	1
геонаука	1
беляков	1
мікрон	1
энергобезопасность	1
мбтк	1
магнетрон	1
ранс	1
подрессоривание	1
литохимия	1
гравировка	1
медсестра	1
асклепий	1
фотоотчёт	1
кагак	1
эйсэя	1
ромадзь	1
латынь	1
аллюзия	1
тюрксэта	1
килиншка	1
трас	1
ип	1
колеган	1
ступак	1
гришко	1
евстигнеев	1
дмитриенко	1
агренина	1
липкан	1
антроп	1
кудряшов	1
тяньга	1
дейтерид	1
пирог	1
слойка	1
пеннинга	1
манипулирование	1
галиев	1
ткачиха	1
килобит	1
гермоплата	1
тихонович	1
вытеснение	1
ганновер	1
андрэ	1
михал	1
фулиер	1
двикона	1
спрут	1
трава	1
огнетушитель	1
рнтэпходон	1
призрак	1
сузана	1
лонч	1
сервисес	1
алматы	1
рцкс	1
ослабевание	1
лунка	1
нолл	1
песчаник	1
выветривание	1
выкапывание	1
тройняшка	1
натуралист	1
нормандия	1
застревание	1
свёртывание	1
кабо	1
верде	1
консепсьон	1
тисдейл	1
гипс	1
отъезд	1
монт	1
кристо	1
беррио	1
кислотность	1
ботаня	1
гематитов	1
замешательство	1
пробуксовка	1
персиверс	1
непрозрачность	1
джакоб	1
марголис	1
вибропрочность	1
инертность	1
шрапнель	1
заём	1
общедоступность	1
космоснимок	1
лесоводство	1
дешифрование	1
панно	1
веление	1
нураддин	1
габиб	1
восхищение	1
вернисаж	1
тахир	1
репродукция	1
биеннале	1
глинка	1
мастер	1
сумгаит	1
дёготь	1
произна	1
гнус	1
сведа	1
раунд	1
медиаресурс	1
лагра	1
либра	1
жозефа	1
хилл	1
эллиптичность	1
илиады	1
гомера	1
ахеец	1
телесто	1
тейя	1
неравенство	1
нейроманта	1
семиевие	1
казино	1
единение	1
шеффилд	1
арфа	1
балабуха	1
кат	1
восстание	1
хуан	1
айма	1
четвертование	1
согражданин	1
мученик	1
цзиньтая	1
крус	1
никарагуа	1
цветение	1
вандал	1
актоба	1
шепетовка	1
кировоград	1
киров	1
луганск	1
аджман	1
кайвайн	1
черкассы	1
познань	1
лермонтов	1
донецк	1
самолётик	1
пенза	1
стела	1
кишинёв	1
молдавия	1
унеча	1
останкино	1
манакова	1
мелочь	1
ладья	1
фажэнь	1
юнчж	1
цзяньпин	1
тайминг	1
доброквашин	1
отпуск	1
андроник	1
адасько	1
комсомольск	1
бтвк	1
спутникостроение	1
тэя	1
кидо	1
переносимость	1
электроизоляция	1
интерспутник	1
торов	1
аелита	1
антен	1
диапазонаа	1
айлин	1
элейн	1
харрис	1
аникеев	1
инфразвук	1
лагеос	1
шеперд	1
маклейн	1
вестфал	1
даффи	1
викитека	1
симон	1
боливар	1
блаха	1
микроинфаркт	1
миокард	1
иваново	1
михир	1
озот	1
формфактор	1
буфер	1
пиротехник	1
аэросъёмка	1
цветобаланс	1
ресамплинга	1
аэротриангуляция	1
фотоплан	1
векторизация	1
монорежим	1
текстурирование	1
монообработка	1
автостереоскопия	1
днвп	1
геосистема	1
стереоскопия	1
оправа	1
аэроциркуляция	1
лола	1
мономер	1
фокин	1
дунай	1
гуров	1
ботаник	1
ревлоно	1
бронкс	1
табак	1
сейф	1
ансамбль	1
бурган	1
гребенченко	1
контент	1
эльба	1
политиздата	1
аван	1
меркулов	1
идентичность	1
монолит	1
седло	1
велосипедист	1
куйбышевец	1
игнатиевич	1
перелом	1
освидетельствование	1
язва	1
порваткин	1
вершинин	1
союэ	1
притязание	1
обман	1
аншак	1
агарков	1
антонов	1
чечин	1
носкин	1
реноме	1
мрыкин	1
гркнпц	1
разводье	1
демодулятор	1
песков	1
пересменка	1
непогода	1
сунитой	1
рогатка	1
экранизация	1
магнат	1
радиопостановка	1
хайнлайн	1
экспра	1
перигесперий	1
апогесперий	1
соисследователь	1
ниньо	1
гибри	1
бутилкаучук	1
парафин	1
разрушитель	1
колбаса	1
самовоспламенение	1
переоснащение	1
безосом	1
каролин	1
лфть	1
дефектность	1
декодер	1
доцент	1
окумур	1
кубсатом	1
кардиолог	1
ванген	1
комо	1
зебра	1
мрсф	1
эсср	1
севан	1
нега	1
светозащита	1
подструктура	1
уилан	1
рэдклифф	1
подкаталог	1
клионёр	1
сейсмодатчик	1
сезонность	1
вашан	1
радиосигнализация	1
севастополь	1
элизиум	1
десятитонна	1
сыпучесть	1
сжимаемость	1
уплотнённость	1
выдува	1
осыпание	1
соединитель	1
мультиплексор	1
двойка	1
клещ	1
указатель	1
спецконтейнер	1
извлекатель	1
выталкиватель	1
изостазия	1
геосинклиналь	1
батолит	1
фокусирование	1
увязка	1
триацетат	1
радиозахват	1
эксцентрик	1
опознавание	1
хассельблад	1
биосборка	1
биосистема	1
жерух	1
корешок	1
инактивация	1
целлулоид	1
поликарбонат	1
надпероксид	1
парален	1
наркоз	1
обоняние	1
кровотечение	1
отрицание	1
стереомикроскоп	1
гурбангул	1
бердымухамедов	1
ахалскома	1
нкапт	1
хирург	1
вентилирование	1
кондукция	1
теплообменик	1
теплосъём	1
костюмчик	1
ангела	1
алуэтта	1
алуэт	1
жаворонок	1
инглэнд	1
уоллес	1
фомичёв	1
ширшов	1
радиоиспытание	1
ростелеком	1
термостабилизация	1
двухюнитовыя	1
делфт	1
спинофф	1
переведение	1
мкгсс	1
книжка	1
распределённость	1
пила	1
яга	1
вэнчан	1
антонович	1
сгугит	1
тэта	1
горизо	1
негодование	1
парламентарий	1
контррефлектор	1
цветофильтр	1
макнат	1
михая	1
горание	1
венеция	1
лен	1
самодиагностик	1
араун	1
квавар	1
мордора	1
ущелие	1
растрескивание	1
перпендикулярность	1
гитарист	1
видеоклип	1
сингл	1
унпп	1
коронавирус	1
геракл	1
триплан	1
наклоненение	1
сапр	1
корпусирование	1
троирование	1
триггера	1
юдинец	1
урасим	1
властитель	1
стихия	1
рюдзина	1
правитель	1
сагамихар	1
торифунэ	1
заедание	1
отбекатель	1
даллеса	1
воздухозаборник	1
алюминид	1
анкара	1
электрокомпонент	1
хоуторн	1
община	1
карабах	1
ипостась	1
тетерборо	1
бостон	1
хантингтон	1
гимнастика	1
мочеприёмник	1
шлёпанец	1
уайтец	1
джералда	1
мятеж	1
богатство	1
кейптаун	1
роулинна	1
бодрихина	1
кошмар	1
арипов	1
макнейра	1
педагогика	1
риоко	1
радиорепортаж	1
несовместимость	1
труль	1
фусан	1
суперплатформа	1
филамент	1
цзиньпин	1
восхий	1
раздвижение	1
сенкевич	1
бодров	1
тир	1
эйфория	1
шейн	1
душ	1
микроволновка	1
гивус	1
нарва	1
хонсю	1
разминирование	1
рытьё	1
сквайрес	1
нгера	1
ойгеном	1
хоуп	1
метаинформация	1
микросборка	1
белмикросхема	1
некрасов	1
госпремия	1
мбар	1
суперротация	1
газобаллон	1
армирование	1
промкаталог	1
сканэкс	1
сфря	1
георги	1
думитро	1
зденький	1
вавровой	1
клеть	1
геостационар	1
разго	1
пассивация	1
рандеву	1
абилина	1
галич	1
леночка	1
принц	1
головкин	1
чернобаев	1
координирование	1
вовлечение	1
оэср	1
асаха	1
симбуна	1
скоба	1
хомут	1
обмотка	1
отвердитель	1
слрок	1
нивелирование	1
мензула	1
кипрегель	1
тахеометр	1
теодолит	1
буссоль	1
гидролокатор	1
топо	1
опознак	1
топокарта	1
генплан	1
гкинп	1
брутус	1
rомпаний	1
водонепроницаемость	1
инкапсуляция	1
модифицикация	1
крайстчерч	1
махий	1
cуммарно	1
морро	1
нейтрализатор	1
карасев	1
проатом	1
мбрра	1
гнесин	1
нецентральность	1
слюда	1
пьезодатчик	1
нуклид	1
мультивибратор	1
интернационал	1
рябов	1
гидрометеослужба	1
лёша	1
пневморёбер	1
отхождение	1
сгибание	1
уролка	1
авиаотряд	1
костёр	1
ракетница	1
дедерон	1
сруб	1
подцепка	1
реж	1
шоссе	1
наумкина	1
авиапанорама	1
видоизменение	1
патры	1
модена	1
реггио	1
емилий	1
нидеррейн	1
лейден	1
виброустойчивость	1
шейк	1
обрезка	1
гренобль	1
чемпион	1
лабутин	1
комсомол	1
корреспонденция	1
совладение	1
бхаратия	1
антарикша	1
обечайка	1
демпфер	1
авиамаршрут	1
страж	1
фрименом	1
полезность	1
зигота	1
самовоспроизведение	1
колонизатор	1
репликация	1
слизь	1
наноассемблер	1
зупд	1
опилка	1
пиросредство	1
пироклапан	1
кидония	1
обживания	1
копьеметалка	1
абориген	1
разветвление	1
сжижение	1
форкамера	1
электровоспламенитель	1
ватин	1
проходной	1
пикарди	1
aмос	1
удерживание	1
кобель	1
сыворотка	1
бактериофаг	1
фотодозиметр	1
гастростомия	1
лоскут	1
манжета	1
вживление	1
миограмм	1
аорта	1
обездвиживание	1
раздражение	1
пережатие	1
саратов	1
парашютист	1
опрелость	1
пролежень	1
дезраствор	1
шаболовка	1
старость	1
детренированность	1
сперматогенез	1
сперматозоид	1
проращивание	1
редис	1
митоз	1
дезинтеграция	1
профаг	1
фагопродукция	1
болтенко	1
скрипочка	1
соотечественник	1
поступок	1
чанчунь	1
самоучка	1
токарь	1
сазонов	1
тепломассоперенос	1
эфраим	1
лазаревич	1
юлиевич	1
миньонович	1
глум	1
борзая	1
бакулин	1
налогообложение	1
фурукава	1
лорёл	1
хара	1
жасмина	1
антропогенез	1
саит	1
бумстартер	1
латунь	1
амо	1
халаля	1
евроком	1
ахзакот	1
спектрорефлексометр	1
фототранзистор	1
мессила	1
эпиметея	1
макросъёмка	1
янковский	1
зенон	1
осиповка	1
инконель	1
мезоатом	1
хофт	1
олафа	1
стэплдон	1
отрок	1
бык	1
япетя	1
хиус	1
звездопроходец	1
сильван	1
ноэль	1
совладелец	1
треск	1
самоликвидатор	1
блэк	1
эрроу	1
эмбри	1
риддло	1
палма	1
деревообработка	1
рисование	1
садоводство	1
самооценка	1
индивидуум	1
берингов	1
сперма	1
скрещивание	1
генофонд	1
пасынок	1
олдисса	1
каста	1
джентри	1
ийон	1
обыгрывание	1
лапина	1
рубрика	1
арриддж	1
мюллард	1
гелиограф	1
самуилович	1
арктур	1
спика	1
кисловодск	1
гневышев	1
чешир	1
хэви	1
спецсвязь	1
видеопоток	1
метеомониторинг	1
рёнхап	1
синмун	1
недопустимость	1
хан	1
уста	1
танака	1
пэтриот	1
никой	1
информагентство	1
эколог	1
чхольсан	1
пхёнана	1
доменико	1
электроскоп	1
вульф	1
гесс	1
электронвольт	1
гильберт	1
пуанкара	1
модификатор	1
амин	1
метгемоглобинообразователь	1
тиолов	1
детоксикация	1
гипоксия	1
глутатион	1
супероксиддисмутаз	1
глутатионпероксидаза	1
каталаз	1
апоптоз	1
редокс	1
хелатирование	1
кишечник	1
индралина	1
колониестимулируть	1
рэдиомитигатор	1
беталейкин	1
миелопоэз	1
андростендиола	1
генистеин	1
флагеллин	1
беклометазон	1
селективность	1
нкдар	1
эпителий	1
гипоплазия	1
когорта	1
флюенция	1
аберация	1
биодозиметр	1
транслокация	1
гибридизация	1
дицентрик	1
поседение	1
аптоня	1
залом	1
резистентность	1
эколого	1
нейрофизиология	1
лувена	1
шеррер	1
ювяскюля	1
тренто	1
характеризация	1
свидетель	1
болонья	1
лидий	1
стригарь	1
брахитерапия	1
иридия	1
офэкт	1
саксон	1
выстраивание	1
буров	1
фотодиссоциация	1
наркоторговля	1
наркотик	1
латакия	1
бейрут	1
сирийско	1
мародёрство	1
нимб	1
дощечка	1
разнородность	1
несхожесть	1
национальность	1
чердак	1
измайлово	1
кубок	1
убор	1
авизента	1
кирза	1
затылок	1
наголовник	1
налобник	1
веер	1
танкист	1
накладка	1
шумоизоляция	1
шумозащита	1
шумозаглушение	1
подкладка	1
овчина	1
очко	1
шведов	1
ожегов	1
варспот	1
гючль	1
аудит	1
шостка	1
фрам	1
напряженость	1
сурдина	1
ренессанс	1
покер	1
фгод	1
продуктивность	1
спектрорадиометр	1
газовыделение	1
переяславль	1
сэнт	1
ртовыя	1
мплекс	1
гата	1
рокэтто	1
хассядзё	1
мутибик	1
веретено	1
забава	1
геллия	1
разновес	1
дуновение	1
мушкет	1
осада	1
кавалерия	1
завоеватель	1
естествоиспытатель	1
бэкон	1
хаас	1
казимир	1
тесло	1
винклер	1
боркума	1
сверхбольшой	1
логарифм	1
хобби	1
эмблематика	1
ракетогидродинамика	1
поморец	1
гончар	1
густафома	1
окоп	1
стационарность	1
одномерность	1
рассуждение	1
изменяемость	1
экстремум	1
поршень	1
убывание	1
лифшиц	1
файн	1
упряжка	1
лихтеровоз	1
ретроцессия	1
лемма	1
мещеряк	1
хидэки	1
окамура	1
кантровица	1
джордин	1
лейкома	1
ренсселера	1
сэндз	1
паттерсон	1
вильям	1
аклрд	1
резунков	1
микролазер	1
аэс	1
контрмера	1
радиоусилитель	1
минсельхоз	1
росреестр	1
природопользование	1
касатка	1
заичко	1
дивизион	1
атмфосфера	1
кальгаспор	1
бэр	1
рамана	1
джаред	1
айзекман	1
гиллис	1
карру	1
северодвинск	1
резилиенс	1
эндьюренс	1
пенсакола	1
илоно	1
бронирование	1
ногути	1
аллегриа	1
воспламеняемость	1
деттвилер	1
еака	1
перевёден	1
арам	1
гипанис	1
тсппа	1
фаста	1
мгак	1
мегрэ	1
исема	1
дифрактометр	1
калязин	1
адамсон	1
листм	1
нагнетатель	1
теча	1
мес	1
покрышка	1
хизер	1
перспектин	1
снизижение	1
трансформация	1
лимбов	1
репитер	1
хна	1
салихов	1
рашит	1
салихович	1
макриденко	1
аликин	1
гассиева	1
юров	1
медведчик	1
неупотребление	1
разрежение	1
дистония	1
депрессия	1
остеоартроз	1
позвоночник	1
остеохондроз	1
гиря	1
ихао	1
вестингауз	1
выдерживание	1
таран	1
психо	1
спекание	1
концептуализация	1
статио	1
манзинус	1
трамплин	1
борн	1
гиростабилизация	1
тимошенко	1
узловый	1
прич	1
перестыковщик	1
шеврон	1
абхас	1
харирам	1
шри	1
ланка	1
забалуев	1
омелько	1
нейзильбер	1
стаж	1
венка	1
лацкать	1
бюджетирование	1
кватернион	1
форстер	1
шпиндель	1
колонна	1
тегтмейер	1
павловск	1
касьянов	1
гарвера	1
фамилетти	1
фреза	1
поттс	1
уилкса	1
пекора	1
суспензия	1
пембролизумаб	1
теплоснабжение	1
кавказ	1
ильхам	1
фотолента	1
авиа	1
лейтч	1
казнь	1
тюрьма	1
больцано	1
стратег	1
современник	1
прогрессивность	1
медиасобытие	1
глобализация	1
многоступенчатость	1
гидробот	1
полсность	1
налог	1
кассад	1
тингл	1
кутрик	1
пейлз	1
гравиполь	1
занесение	1
обрезание	1
иня	1
радиоэмиссия	1
дактиль	1
системность	1
мадзолинь	1
паттерн	1
нотация	1
предание	1
уба	1
лавина	1
ренат	1
галеевич	1
салимгареев	1
визбора	1
терехов	1
шиворот	1
сидорчик	1
гаофэнить	1
делитель	1
энергопотребность	1
кунтянить	1
фэйцзь	1
шэньлонг	1
шэньлунь	1
чжуан	1
фэнганя	1
косесасат	1
подражание	1
авиакеросин	1
октан	1
аркон	1
фотошпионаж	1
цхинвали	1
проливка	1
кунавино	1
туртушов	1
гранада	1
рёв	1
cистема	1
автобус	1
роттердам	1
тайю	1
чжунсинь	1
кэлань	1
синьчжоу	1
метеосеть	1
чуансинь	1
экзоппланет	1
видеопанель	1
бенгалец	1
муджибура	1
рахман	1
айк	1
цинхуа	1
ковый	1
ум	1
киносюжет	1
христиана	1
ксанад	1
формирователь	1
юбер	1
кюрьен	1
тэцуо	1
токано	1
брюла	1
замирание	1
набег	1
душевой	1
аспр	1
джулиан	1
колумбияда	1
питтсбург	1
экра	1
боёк	1
армагеддон	1
вымысел	1
проделывание	1
контровка	1
кузов	1
металлообработка	1
пролеганий	1
резка	1
брэгга	1
сердюк	1
мейс	1
созданнго	1
шрам	1
сжимание	1
яначек	1
карпов	1
гауссов	1
теплоотдача	1
флоренция	1
икринка	1
медаки	1
червь	1
ляпунов	1
макао	1
асимптота	1
дезинформация	1
блеф	1
втягивание	1
тент	1
багерово	1
хороль	1
приморье	1
рулон	1
распечатка	1
фотоальбом	1
сформирование	1
букреев	1
лысенко	1
станкявичюс	1
штурмовик	1
антано	1
станкявичус	1
сальгаред	1
назибович	1
толбоев	1
магомед	1
омарович	1
шеффера	1
мвкк	1
гкнии	1
приходько	1
когута	1
фарватер	1
тушино	1
бурцев	1
жирограф	1
телерадиостудия	1
фалилеев	1
куцкий	1
птур	1
стрелок	1
нежелание	1
дрю	1
мэнли	1
ланиер	1
корделла	1
кораблестроение	1
крёйбек	1
эйркрафт	1
захарченко	1
фбр	1
пособничество	1
бэйцзина	1
янван	1
тайкун	1
чанченг	1
тюльпан	1
лима	1
крфма	1
ипнм	1
огюст	1
фгмма	1
суфр	1
ифира	1
радиометрспектрометр	1
догадка	1
слюноотделение	1
сценка	1
разнесение	1
уздп	1
пинчевыя	1
рипаблик	1
кравцов	1
калия	1
ковальчук	1
ильгисонис	1
кулыгин	1
гильзина	1
онрг	1
госзадание	1
хмель	1
икик	1
рамблер	1
космогония	1
мэтера	1
хаузер	1
унифицирование	1
самосогласованность	1
нетерпение	1
ршевыя	1
маля	1
матрухо	1
статоцист	1
державинск	1
представительство	1
файхтингер	1
сяосян	1
пина	1
майчунсин	1
шуаннаня	1
достижимость	1
лидзюня	1
дунфанхун	1
микроклимат	1
наркомвоенмор	1
дивинженер	1
свердловск	1
глухарёв	1
стеняев	1
зуёк	1
дудак	1
бахчиванджа	1
бибиков	1
гвай	1
лужин	1
аборенков	1
меленберг	1
донос	1
лзос	1
лавoчкина	1
субподряд	1
напылять	1
тубус	1
скамья	1
хищение	1
подворота	1
щёголев	1
сбербанк	1
еврофинанс	1
моснарбанк	1
сургутнефтегаз	1
фэйлина	1
орисса	1
запчасть	1
лакрутой	1
упреждение	1
предвычисление	1
миллениум	1
уранометрия	1
опубликование	1
резюме	1
витязев	1
эсппсс	1
россвязь	1
ппрф	1
химочко	1
германович	1
ектс	1
тектонизм	1
гравиманёвр	1
лигей	1
лагуна	1
негр	1
анды	1
завесном	1
гурко	1
яцунским	1
дерегалина	1
пневмогидросистема	1
ионообразование	1
дакт	1
ункс	1
антоъ	1
мейлиц	1
спецназ	1
брейсвелл	1
лунана	1
волопас	1
рудольфович	1
аэрофото	1
увольнение	1
майлз	1
брайеном	1
кармена	1
сандиего	1
значок	1
ползунок	1
батиметрия	1
гудзона	1
вини	1
мендосино	1
карола	1
мелиза	1
чат	1
базз	1
пометка	1
викимапия	1
таблоид	1
трёхмерность	1
шедевр	1
ривер	1
гигапиксель	1
импорт	1
документалист	1
малыш	1
толстяк	1
максимилианович	1
маленков	1
гайдуков	1
будник	1
грёттруп	1
городомля	1
собачка	1
гермокабина	1
хлебцевич	1
зигель	1
бургесс	1
первооснова	1
нкап	1
ермолаев	1
крюков	1
коммунар	1
шубникова	1
осташёво	1
отпускание	1
радиокоррекция	1
рупа	1
арзамас	1
кочарянец	1
авиазавод	1
рябиковы	1
пересыпкин	1
мрыкина	1
нестеренко	1
кинотеодолит	1
перегруз	1
проводка	1
противосопло	1
притупление	1
боезапас	1
литвинов	1
перченок	1
афанасий	1
леньков	1
грызлов	1
шурак	1
прокопиевич	1
дагестан	1
харабали	1
шубник	1
землянка	1
ост	1
четырёхгранник	1
интегратор	1
связист	1
мазарченков	1
шиленок	1
спбгмт	1
кобелев	1
фгбоу	1
максименко	1
руаля	1
амундсена	1
регенератор	1
варежка	1
детектив	1
детективфест	1
благ	1
алиса	1
библиогра	1
видеокассета	1
казак	1
невеста	1
фсб	1
титр	1
чхоллима	1
гуам	1
швассмана	1
вахмана	1
брно	1
ситалл	1
инвар	1
боярчук	1
токовинина	1
зский	1
гвиа	1
кюрасао	1
реинтродукция	1
дебют	1
индустриализация	1
гортензия	1
эстафета	1
рюмкер	1
региомонтан	1
цзяньго	1
oткрытие	1
oсвoение	1
пoзвoлита	1
неoбхoдимoсть	1
дoстaвка	1
бoльший	1
пробозаборник	1
пятилетка	1
клеменс	1
лоталлера	1
зарубежье	1
пульстранс	1
микровибрация	1
аудимиро	1
логион	1
таврия	1
братислава	1
кошица	1
жилинский	1
вертикал	1
фотоматрица	1
гаганавт	1
прашант	1
наира	1
ангад	1
пратапа	1
аджит	1
кришнана	1
шубханша	1
мультидетектор	1
кегля	1
откладывание	1
бранденстайн	1
крейтон	1
нейгел	1
лусид	1
концевой	1
сибольд	1
рмана	1
тренер	1
индианка	1
сириш	1
бандло	1
килина	1
бэннета	1
виладея	1
анджело	1
ландольфи	1
панталеон	1
карлуччи	1
амзина	1
аванг	1
мешанина	1
оргкомитет	1
зодиак	1
жюри	1
смокотина	1
кемерово	1
предвзятость	1
активистка	1
теплотехник	1
стефаний	1
федяй	1
термопокрытие	1
удорожание	1
энгельс	1
рубцовск	1
крючковка	1
итпм	1
аэрогазодинамика	1
ипмех	1
человеко	1
гермомолния	1
гидроканал	1
хамица	1
технодинамик	1
насенковы	1
мвск	1
оркк	1
гидрокоммуникация	1
гидродомкрат	1
жалюзя	1
одногодок	1
суайгерт	1
грыжа	1
выздоровление	1
ассошиэйтед	1
остов	1
фотомозаика	1
коготь	1
несерьёзность	1
колумбиада	1
печатание	1
флайер	1
крайтон	1
финиш	1
недомогание	1
будка	1
телеоператор	1
медосмотр	1
полицейский	1
вереница	1
ночлег	1
орландо	1
дайтон	1
напрокат	1
раскладушка	1
лежак	1
шезлонг	1
домохозяйство	1
мартини	1
супермаркет	1
добрынин	1
майами	1
аплодисменты	1
монокуляр	1
чемодан	1
адаптор	1
маскелайна	1
бэйлз	1
свок	1
полминуты	1
старейшина	1
таинство	1
атеистка	1
мадалин	1
хэйр	1
сочельник	1
телеэфир	1
гостия	1
евангелие	1
прихожанин	1
богослужение	1
мысок	1
отталкивание	1
телеэкран	1
дремота	1
хьюберт	1
ветчина	1
эллингтон	1
фототехник	1
каталогизирование	1
гонолулу	1
дезинфекция	1
теннис	1
конференц	1
патоген	1
патогенность	1
пэйн	1
конфетти	1
серпантин	1
армалколит	1
европий	1
прожилка	1
забивание	1
обвал	1
ликскай	1
ультразвук	1
киножурнал	1
сингтон	1
райли	1
дэмьен	1
шазелла	1
гослинг	1
индиана	1
филателист	1
секс	1
мальчишка	1
артист	1
комик	1
бадди	1
хэкетта	1
ярослав	1
свинарка	1
дед	1
ротонда	1
стенограмма	1
бэзоса	1
плазмопауза	1
мирмович	1
перемена	1
мисат	1
тэйкома	1
хиспасат	1
пентаборан	1
котельников	1
чван	1
хуго	1
юнкерс	1
гидросамолёт	1
гуггенхайм	1
биплан	1
сверхзвук	1
конвой	1
долговременность	1
каракокс	1
невыведение	1
прокурор	1
роспотребнадзор	1
бугреев	1
дикорос	1
каракокша	1
радиокружок	1
папкова	1
насыщенность	1
обнинск	1
рабат	1
меганьютон	1
килоньютон	1
деминерализация	1
казус	1
комиcсия	1
риденур	1
кертис	1
поттервельд	1
катронео	1
технолог	1
скидмор	1
сезар	1
несправедливость	1
филлмор	1
признательность	1
огласка	1
яблочко	1
джанумов	1
мотозавод	1
осознание	1
прослойка	1
гирдовца	1
грязнов	1
саликов	1
колбасин	1
мошкина	1
голышев	1
зуев	1
якайтис	1
круглов	1
паровин	1
шульгин	1
снегирёв	1
кисенко	1
лисичкин	1
тимофеев	1
брюккер	1
оганес	1
краснухин	1
рязанкин	1
дурнов	1
подвал	1
садов	1
эйдемана	1
активист	1
гажало	1
фоторакета	1
москвич	1
ленинградец	1
новочеркасск	1
брянск	1
прудников	1
аптечка	1
дербник	1
ясат	1
светильник	1
лазма	1
сепарация	1
фуллерена	1
рёмера	1
стюард	1
шестикратное	1
мутон	1
ледобур	1
гелиосейсмология	1
озёры	1
станиславович	1
гущин	1
котляр	1
иванков	1
персивал	1
криогеном	1
сямэнь	1
фуцзянить	1
тяньцзинь	1
шоуд	1
монг	1
гүррагчаа	1
майдаржавын	1
ганзорига	1
электротермометр	1
чацаргана	1
облепиха	1
массоперенос	1
пятиокись	1
эрдэнэта	1
растворение	1
батор	1
солонго	1
эрдэма	1
сейсмичность	1
сухостепь	1
морфлот	1
зампредседателя	1
совнархоз	1
телеаппаратура	1
лагутин	1
кинофотоинститут	1
настояние	1
катаев	1
сопряжение	1
нипами	1
ретушь	1
пересъёмка	1
разборчивость	1
работопригодность	1
эксплуатант	1
дол	1
кацуура	1
намораживание	1
аск	1
диффрактор	1
железнов	1
термоцикл	1
прогон	1
телодвижение	1
митькина	1
космохимия	1
росэлектроника	1
биб	1
иллюминация	1
пентланда	1
зееман	1
полëт	1
невключение	1
бережков	1
воронков	1
жуков	1
зубарев	1
куделина	1
форша	1
эльяшева	1
третьяк	1
полищук	1
геосервис	1
нагоя	1
лейстер	1
эпплтон	1
мсек	1
осциллируть	1
корзуна	1
тернер	1
галле	1
гиппократ	1
сенека	1
крестьянин	1
лаланда	1
мадам	1
лепот	1
лакайль	1
чириков	1
вечеслав	1
дамуазо	1
розенбергер	1
похожесть	1
хинд	1
прослеживание	1
экстраполяция	1
эдно	1
карпентер	1
зденёк	1
секанин	1
ландграф	1
моноксид	1
картофелина	1
холмс	1
уиппл	1
путеводитель	1
сым	1
военачальник	1
хуанди	1
плиний	1
ана	1
сивилла	1
антиоха	1
селевкид	1
пророк	1
блаунт	1
всадник	1
воин	1
тигран	1
флавий	1
иерусалим	1
свержение	1
макрин	1
аттил	1
идация	1
исидор	1
малал	1
царствование	1
юстиниан	1
убийство	1
грозный	1
диакон	1
хронист	1
скот	1
ашот	1
багратунь	1
хронография	1
феофан	1
толкование	1
симеон	1
логофет	1
предзнаменование	1
исповедник	1
гобелен	1
байё	1
петроглиф	1
чако	1
монах	1
псалтирь	1
монастырский	1
чингисхан	1
скровение	1
придворный	1
лучъ	1
пребысть	1
мног	1
пролитие	1
разумѣемъ	1
древле	1
конихъ	1
ришющимъ	1
злата	1
имущемъ	1
одёжа	1
оружьемъ	1
антиохово	1
иерусалимъ	1
томъ	1
образъ	1
надъ	1
градомь	1
рать	1
римлѧнъ	1
сица	1
южа	1
прозываха	1
крещение	1
житие	1
калка	1
мѣсѧца	1
презъ	1
иже	1
пагуба	1
христианомъ	1
нашествиемъ	1
врагъ	1
безъбожныхъ	1
татаръ	1
знаѧха	1
летописец	1
иго	1
тактамыш	1
пленение	1
прихождение	1
тахтамыш	1
нѣкий	1
нощь	1
раней	1
копейнымъ	1
образомъ	1
утреня	1
бываша	1
пришествие	1
тахтамышево	1
горкий	1
татарин	1
крестьѧич	1
гнѣвомъ	1
божіимъ	1
грѣховъ	1
нашихъ	1
тосканелли	1
георг	1
пурбах	1
гулливер	1
лапуты	1
дюмушель	1
зарисовка	1
бессель	1
разрежённость	1
гейдельберг	1
зрелище	1
цераский	1
очертание	1
астрограф	1
циан	1
камиль	1
урбанизация	1
жертвенник	1
наугольник	1
джуиттом	1
даниельсон	1
меар	1
кеа	1
гостья	1
эдберг	1
параналя	1
ирене	1
гранди	1
леонтьев	1
паулс	1
зиновьев	1
рондо	1
зонофон	1
вальс	1
композитор	1
родионов	1
бальмонт	1
цветаев	1
олицетворение	1
науменко	1
настроение	1
певица	1
билли	1
айлиш	1
сртм	1
траулер	1
кормовик	1
метеорологик	1
брагинский	1
войцеховский	1
виновница	1
беда	1
граффа	1
колдёр	1
кравчук	1
эрудит	1
симоненко	1
скуридина	1
иссяканий	1
покровительство	1
ашер	1
симс	1
платар	1
мультимиллиардер	1
джедда	1
маккалеб	1
востребованность	1
таиландо	1
чилийско	1
переэкспонирование	1
ортенберг	1
осмий	1
палладий	1
родий	1
рутений	1
антероса	1
карьер	1
мантрид	1
рокайд	1
передовик	1
банкет	1
вебкаста	1
кувыркание	1
боулман	1
майэширо	1
френч	1
воут	1
мэтсон	1
терренс	1
уилкатт	1
уилера	1
келси	1
валл	1
заспуск	1
кубсатив	1
разблокировка	1
карутин	1
гнииа	1
ниэя	1
гкат	1
киноаппаратура	1
бецалелович	1
мегагерц	1
ромб	1
гайк	1
испульс	1
иркт	1
периодика	1
бялал	1
ракурс	1
искровыя	1
митра	1
пласкетта	1
эрмить	1
зоммерфельд	1
кирквуд	1
сиван	1
петро	1
шанмуга	1
субраманян	1
беть	1
метеоролог	1
экипэж	1
лоббирование	1
рассылка	1
гархинга	1
контактор	1
расфокусировка	1
деконволюция	1
брайтон	1
дебаты	1
шон	1
изотропность	1
оригинальность	1
податель	1
калибрация	1
воображение	1
майерс	1
джу	1
грёкий	1
проделка	1
галилей	1
директорат	1
гетахун	1
мекурия	1
аддис	1
хиггинс	1
вирджилой	1
бурятия	1
хакасия	1
тыва	1
сервисез	1
амтело	1
дозор	1
эквант	1
геотелекоммуникация	1
билайн	1
урма	1
взаимозависимость	1
реактивность	1
литой	1
самар	1
монмут	1
андхра	1
ндбга	1
рейтинг	1
странник	1
футляр	1
гелиосферной	1
розина	1
лаллеман	1
гурнетта	1
дамп	1
жираф	1
приуглеводороживание	1
уилкинсон	1
радиокарта	1
грубер	1
хиншоу	1
яросик	1
пейджу	1
спергель	1
микрокельвин	1
плоскостность	1
космоноавтик	1
корт	1
двуокись	1
кентавр	1
хабблом	1
чанда	1
прескод	1
вайнштейн	1
лгбт	1
гомофобия	1
микросдвиг	1
вариабельность	1
ментор	1
вирус	1
перегиб	1
распарковка	1
варден	1
зеркальце	1
наноградус	1
срезание	1
джавелина	1
вырезание	1
термобатарея	1
эмулятор	1
регулируемость	1
центроид	1
байден	1
тарантул	1
протозвезда	1
витце	1
черновик	1
еженедельник	1
войтюк	1
бортик	1
четырёхлучев	1
гречиха	1
генриетта	1
лакс	1
делоно	1
васильев	1
глод	1
бедненко	1
лапаева	1
детекции	1
карли	1
питерс	1
полукруг	1
стереофото	1
подготовленность	1
твит	1
вывешивание	1
мухамеджанов	1
раковина	1
унитаз	1
реадаптация	1
поприще	1
бинзелом	1
герард	1
ирвайн	1
угасание	1
утопление	1
тревожность	1
воспаление	1
синапс	1
дендрит	1
иммунитет	1
кориоля	1
агрессия	1
оторванность	1
пение	1
переутомление	1
канцероген	1
палеонтолог	1
тэйлор	1
психика	1
нонфикшн	1
хиджра	1
пушту	1
типология	1
гнтц	1
спектор	1
гписса	1
наночастица	1
пояснение	1
существованип	1
перемщение	1
камикадзе	1
лом	1
тода	1
диверсия	1
диверсант	1
возраждение	1
шелтон	1
самоподрыв	1
степанов	1
жизнеустойчивость	1
лорен	1
шрайвера	1
эллисон	1
онидзук	1
бакли	1
гэри	1
пейтон	1
термос	1
коламбус	1
колумбус	1
пусковый	1
конт	1
йнер	1
фагот	1
яхонт	1
оникс	1
льюис	1
аэркрафт	1
бойлер	1
проволочка	1
годдар	1
фотооборудование	1
астрокоррекция	1
талассоид	1
межконтинент	1
триада	1
апартеид	1
аварийность	1
миджитмен	1
отечество	1
сурков	1
пврд	1
молодец	1
спартан	1
пзрк	1
моделизм	1
ракетомоделирование	1
декстроза	1
ружьё	1
капсюль	1
накки	1
нитроцеллюлоза	1
растворитель	1
нитроглицерин	1
нтрв	1
сополимер	1
дисперсность	1
видеонаблюдение	1
цифро	1
оиус	1
нппм	1
магнитопривод	1
тыл	1
велихов	1
кокошин	1
энергонагрузка	1
гигаватт	1
отлаживания	1
постоянство	1
скад	1
твента	1
ариабат	1
радиоприбор	1
телеконференция	1
роутер	1
лонжвиль	1
метц	1
эколя	1
бретинья	1
сюра	1
фрисби	1
экспесс	1
имамшехр	1
эмамшахра	1
эмамруда	1
кум	1
биокапсула	1
замминистра	1
мехдинеджад	1
афтаб	1
пишгам	1
фаргам	1
номад	1
мэхрон	1
миршамс	1
зохрех	1
сефехр	1
имам	1
хомейня	1
симорг	1
фазанавард	1
узи	1
алка	1
нтара	1
мараньян	1
карусель	1
биоастронавтика	1
созыв	1
коллоквиум	1
мами	1
бакингемшир	1
нищета	1
бристоль	1
бари	1
комбайн	1
пгути	1
сопка	1
отфильтрация	1
rхта	1
эксплуотация	1
дилма	1
русефф	1
муссон	1
обоснованность	1
стивенедж	1
пертурбация	1
мисия	1
мэтью	1
иллинойс	1
либідь	1
корниленко	1
плот	1
поль	1
дамбакер	1
клеон	1
лэйсфилд	1
унисат	1
буллом	1
саддам	1
огнестойкость	1
мироздание	1
бегум	1
шульц	1
недосмотр	1
франсевилль	1
лоуэлла	1
манера	1
мегаэлектронвольт	1
воспитанник	1
квази	1
тетрабромид	1
крамер	1
шулман	1
джинн	1
джордан	1
эрл	1
отправленын	1
университ	1
лкдс	1
амма	1
герасим	1
аппарель	1
раёк	1
носуфэрат	1
псевдонином	1
карэй	1
импринт	1
арнак	1
гений	1
руминэсука	1
хаясибар	1
лепс	1
рэфа	1
рэпуса	1
справедливость	1
кока	1
утиям	1
михаир	1
ясин	1
хино	1
плевицкий	1
санград	1
микако	1
комаца	1
предубеждение	1
хина	1
каиэ	1
сука	1
рэтто	1
файфилд	1
файфи	1
марсейль	1
тэцудо	1
ёра	1
коэтэ	1
танкобон	1
хиромь	1
като	1
юдзь	1
канэко	1
ясунорь	1
мицуд	1
алай	1
арифурэта	1
ицук	1
бункобон	1
эйзенбейс	1
скрупулёзность	1
силверман	1
беккета	1
феррис	1
реализм	1
фэнтези	1
миловидность	1
должное	1
новскай	1
ндра	1
субраманьян	1
чандрасекар	1
риккардо	1
джакконь	1
тананбаум	1
мессье	1
крисм	1
проток	1
сверхвязка	1
гершензон	1
людвиг	1
бёльков	1
ньшуя	1
аргуэ	1
телескопичёска	1
метеоинститут	1
плуто	1
лаос	1
необъятность	1
темпера	1
картон	1
пропись	1
чести	1
боунстелла	1
люсьен	1
харди	1
людек	1
пешка	1
модернизм	1
азлк	1
цирк	1
киноэффект	1
тампа	1
джакс	1
тональность	1
радиомодуль	1
гаронна	1
руан	1
франкофония	1
госпожа	1
сурд	1
бодин	1
радиокомпонент	1
самбуров	1
костас	1
кораллиса	1
мэли	1
гул	1
стратиграфия	1
тусоня	1
лорель	1
харгрейвс	1
джорджия	1
луджендра	1
оджи	1
даубар	1
глэйз	1
жермен	1
стикер	1
лэп	1
главбокс	1
огород	1
психолог	1
комедия	1
боевик	1
акихико	1
хосидэ	1
золотухин	1
кроза	1
астрофотограф	1
тьерь	1
лего	1
ярмарка	1
минкомсвязи	1
дбище	1
фотоотсек	1
зиман	1
фотоинформация	1
ободок	1
дужка	1
аубакиров	1
свищёв	1
германец	1
доманк	1
изотов	1
вадис	1
классик	1
рожков	1
асвета	1
кун	1
ломами	1
коллекционер	1
еткбс	1
жара	1
саудёр	1
гибридома	1
савониус	1
фонограф	1
секмета	1
торрехон	1
ардос	1
гемодинамика	1
омка	1
хрусталик	1
крокус	1
транкинг	1
акуил	1
сооснователь	1
гейтс	1
запусков	1
рух	1
слон	1
лонжерон	1
выкатка	1
лайнер	1
корша	1
профессионал	1
весло	1
взыскание	1
корвет	1
гассенди	1
целлофан	1
гудман	1
кантри	1
мозоль	1
лихорадка	1
звучание	1
фотобумага	1
скотч	1
лампочка	1
фритьоф	1
невозврат	1
пастернак	1
живаго	1
экспромт	1
балет	1
виктори	1
гать	1
мячик	1
хлопоты	1
хилза	1
ложбина	1
инициал	1
штраус	1
заратустра	1
флюгер	1
поддон	1
одиночество	1
сульпиция	1
галл	1
троктолит	1
дунит	1
лайта	1
ментло	1
миграция	1
загрязнитель	1
электролампочка	1
быстрота	1
монооксид	1
напоминание	1
мельеса	1
пролог	1
хомер	1
тираннозавр	1
безрассудство	1
саммарь	1
токмак	1
тасср	1
аттракцион	1
цпкио	1
кли	1
брюханов	1
аэродинамик	1
решетин	1
путёвка	1
комфортность	1
дозвук	1
сотник	1
экспо	1
стелс	1
лиса	1
люнеберг	1
назнач	1
спаржа	1
эдом	1
отчуждение	1
средневековье	1
дмитриев	1
куренковы	1
минобрнауки	1
гос	1
горкин	1
росмэн	1
ременс	1
люсид	1
евромир	1
мираса	1
стромбусы	1
симона	1
оппонент	1
алькубьерра	1
арксинус	1
футурошок	1
брешь	1
макрометеор	1
петаватт	1
автофаг	1
самопожиратель	1
хладогент	1
бюракан	1
ронана	1
владимов	1
акрать	1
ультралиддит	1
магацитлов	1
тантра	1
снегов	1
двухмерность	1
червоточина	1
вениаминович	1
кэрролл	1
поверье	1
химэ	1
сказание	1
старик	1
старуха	1
кагой	1
построитель	1
герца	1
поляриметрия	1
микрокалориметр	1
микровариация	1
микролинза	1
супергигант	1
пневмосистема	1
аметист	1
морепродукт	1
кадастр	1
газопровод	1
засолённость	1
росрыболовство	1
сппи	1
актиний	1
намагниченность	1
практичность	1
кузьмичёв	1
наукова	1
думка	1
марсия	1
нейгебауэр	1
шумахер	1
макнитта	1
ефим	1
гейдарович	1
нтство	1
бум	1
эстония	1
харуэлла	1
оксфордшир	1
кипр	1
мальта	1
маурицио	1
кель	1
марианна	1
мёрш	1
шлегель	1
герхард	1
умберто	1
гуидонь	1
андреас	1
маурер	1
астроинжена	1
астроинженерия	1
мегасооружение	1
алдерсон	1
крисвелла	1
гадес	1
сага	1
мегапроект	1
архипов	1
кардашева	1
шметтерлинг	1
стимулятор	1
метагалактика	1
турбопривод	1
калька	1
стремительность	1
фрезерование	1
травление	1
занавеска	1
фтороводород	1
сильфон	1
дорофеев	1
цихлида	1
промоина	1
олегович	1
супрасила	1
преторий	1
айленд	1
кито	1
оррорало	1
антицентр	1
разрифовка	1
электрид	1
фаэтонтий	1
белёва	1
леонович	1
обес	1
жито	1
ступа	1
смона	1
вруч	1
недоработанность	1
полемика	1
виновный	1
кпэо	1
рассинхронизация	1
бурба	1
канары	1
хартовый	1
каган	1
башмачок	1
копытце	1
колечко	1
бернулли	1
противопоставление	1
сырт	1
марсолёт	1
метеосводка	1
счисление	1
автопилотирование	1
кончик	1
малоуправляемость	1
лернера	1
каррас	1
моррелла	1
тактика	1
равич	1
насер	1
шахат	1
неуправляемость	1
вибротест	1
свигерт	1
трофей	1
колье	1
пайпенберг	1
киннона	1
намотка	1
статор	1
пыльник	1
сейтахома	1
высокотоков	1
дозарядка	1
теплоизлучение	1
миннесоты	1
клиренс	1
неодинаковость	1
взаимоувязка	1
коннектор	1
навеска	1
астротопоним	1
скрадок	1
орнитолог	1
времяисчисление	1
грипп	1
запоздание	1
литер	1
аэродном	1
пролонгация	1
кружение	1
болтанка	1
синусоида	1
хорда	1
объезд	1
перебежка	1
аэрофотосессия	1
литометеор	1
винтокрыл	1
толкина	1
бенефициар	1
скорлупа	1
докачка	1
фотобанка	1
фотобанк	1
обрывок	1
перипетия	1
эван	1
аккерман	1
вертолётик	1
контраргумент	1
отвлечение	1
скептицизм	1
аэроразведка	1
прокладчик	1
янсон	1
ванди	1
верма	1
касаткин	1
рыжик	1
сверчок	1
фавор	1
любовь	1
благополучие	1
метеообеспечение	1
нквч	1
подснежник	1
ктрло	1
глонас	1
спасск	1
чумикан	1
чажма	1
мытарство	1
даниилович	1
издата	1
пучность	1
четырёхугольник	1
генрихович	1
полонида	1
пермахон	1
стереобаза	1
мидель	1
фотокатод	1
пироустройство	1
дифферент	1
боря	1
вася	1
валера	1
витя	1
коля	1
костя	1
термоизолятор	1
сноска	1
франс	1
зыбь	1
аспос	1
цннимаш	1
лишение	1
гиперспектрометр	1
тянгун	1
бегов	1
диоастро	1
мазерном	1
мегамазерном	1
бобышкина	1
синтезатор	1
вирк	1
бадар	1
медичина	1
видеолекция	1
обострение	1
вибромакет	1
инасана	1
ритмичность	1
лыткаринский	1
вуфэс	1
уфэс	1
английско	1
бунд	1
кбод	1
мбод	1
преграда	1
моишеева	1
плоскогорье	1
краснуха	1
ирония	1
ингленд	1
привидение	1
физиолог	1
вязка	1
тефлоновое	1
шпаргалка	1
иордания	1
хлопья	1
электрофорез	1
полистирол	1
вакцина	1
питие	1
капелька	1
кретин	1
крючок	1
братец	1
метание	1
трость	1
колотушка	1
граната	1
флэг	1
мюльбергер	1
взвод	1
глотка	1
электробатарея	1
подъезд	1
лодыжка	1
охота	1
подкрадывание	1
осып	1
громкость	1
зазубрина	1
полкилометра	1
чистка	1
ям	1
заклад	1
вычёркивание	1
авто	1
чернота	1
кирибати	1
чашечка	1
порез	1
теофил	1
преобладание	1
брекчиевой	1
эрнесто	1
бат	1
реликвия	1
сестра	1
шася	1
грунтозацеп	1
габдулхай	1
латып	1
викентий	1
самаль	1
мосензов	1
козлитина	1
чубукин	1
лунодром	1
ведёрко	1
луноходчик	1
волейбол	1
гидронасос	1
авиадвигатель	1
авиаконструктор	1
миллионер	1
фоссет	1
бичкрафт	1
плантация	1
оптимизм	1
сундман	1
гент	1
фаренгейт	1
жëстка	1
иржичкома	1
самовозбуждение	1
испускание	1
госстандарт	1
конкурентоспособность	1
бустер	1
повелитель	1
кбэма	1
марсопроходец	1
землепроходец	1
оксимагнетит	1
андезит	1
биар	1
полумесяц	1
нкик	1
бункеровщик	1
неприятность	1
сношение	1
бежица	1
флотилия	1
сухогруз	1
геническ	1
папанин	1
безбородов	1
прикол	1
агар	1
орол	1
судоремонт	1
балтика	1
титаник	1
конецкий	1
омкик	1
робледо	1
чавел	1
надув	1
надувание	1
стража	1
ибрахим	1
раися	1
фотокарта	1
штурвал	1
селенолог	1
кайдаша	1
гурштейн	1
селиванов	1
затупление	1
кошкин	1
тепломассообмен	1
михатулина	1
рффи	1
упругость	1
подбородок	1
курок	1
тысячная	1
стереоформат	1
адирондак	1
горевэн	1
соскабливание	1
сверление	1
братство	1
отрог	1
хэнк	1
горшок	1
авено	1
учбен	1
палёнка	1
лютефиск	1
камберленд	1
пасо	1
роблеса	1
скваерс	1
протягивание	1
увязание	1
песочница	1
астровизирование	1
неразрушение	1
компилятор	1
семихатов	1
ленинец	1
черняев	1
панама	1
казахинстр	1
изъян	1
казтелерадио	1
телерадиопрограмма	1
багдата	1
мусин	1
йохан	1
кавалер	1
фианит	1
фрезеровщик	1
шевченко	1
электробритва	1
электросчётчик	1
тепловентилятор	1
отвага	1
машиностроитель	1
либен	1
фэрбанкс	1
свальбарда	1
индастриз	1
торранс	1
уиллом	1
брюэй	1
делян	1
аспарухов	1
дэниель	1
брюэя	1
аспарух	1
оптоволокно	1
бишоп	1
кнка	1
гобинь	1
яременко	1
бизон	1
барометр	1
гидрометр	1
радиосейсмограф	1
исходник	1
митчело	1
сходня	1
переконструирование	1
перескок	1
альдерамин	1
регулы	1
наос	1
орк	1
патер	1
бабарин	1
белуджистан	1
карачи	1
шахин	1
парирование	1
оливер	1
дамена	1
радиограмма	1
кут	1
подавленность	1
киностудия	1
боголепов	1
косенко	1
реферат	1
ресинхронизация	1
велосипед	1
пневмоавтоматика	1
бетцдорф	1
астра	1
калбертсон	1
дайсукэ	1
американка	1
суннит	1
берш	1
уолца	1
энрико	1
разгадка	1
цефея	1
серкин	1
наст	1
солодовник	1
валериевич	1
асконда	1
рособщемаш	1
госучреждение	1
госимущество	1
каскол	1
мена	1
хван	1
асо	1
цзян	1
нормализация	1
хооп	1
схеффера	1
рудда	1
кэннона	1
приверженность	1
саркози	1
дестабилизация	1
обеспокоеность	1
привал	1
умеренность	1
милибэнд	1
уго	1
предписание	1
карнал	1
харьяна	1
тагора	1
арлингтон	1
заимствование	1
кинг	1
дариский	1
сопелами	1
газообмен	1
грунтозаборник	1
матч	1
лов	1
эритроцит	1
нейроиммунитет	1
кветцсат	1
уха	1
видеоокулография	1
ловкость	1
тэс	1
отвердевание	1
микроструктура	1
потапов	1
светоблок	1
десантированная	1
негатив	1
ектив	1
шунт	1
хашимото	1
изображатель	1
отражательность	1
хемпшир	1
лозанна	1
авиамодель	1
клемент	1
адер	1
сантос	1
дюмона	1
мёдебек	1
фернан	1
жакоб	1
делегат	1
каталогизация	1
неоспоримость	1
фриц	1
бринк	1
шёдель	1
аэроспортсмен	1
клипша	1
хирасава	1
альваро	1
борбон	1
уорт	1
ежи	1
макула	1
фонселля	1
авиамоделизм	1
дельтапланеризм	1
парапланеризм	1
самолётостроение	1
чкалов	1
коккинака	1
раскраска	1
бамберг	1
потсдам	1
андреа	1
мерлонить	1
предпринимательство	1
мегаджоуль	1
равнодействующая	1
сонджу	1
принстон	1
тринитротолуол	1
флетс	1
нагасаки	1
фотонно	1
фриман	1
неизбирательность	1
тропопауза	1
творчество	1
атмосферик	1
интеркомоса	1
уэйк	1
намюр	1
коваленок	1
эксплорейшн	1
анст	1
хираманович	1
заголовок	1
утеря	1
сенегал	1
казмедиацентр	1
қазақстан	1
ғарыш	1
нсспс	1
заражённость	1
петрозаводск	1
вейцмана	1
криптобиоз	1
отверждение	1
копперфильд	1
реувен	1
ривлина	1
фотодокументирование	1
башлак	1
серпухов	1
тоо	1
плексигласс	1
ясухиро	1
кавакац	1
роботроника	1
фобас	1
коробль	1
фотосистема	1
бурильщик	1
спецпроект	1
полином	1
ортотрансформирование	1
ницца	1
циннер	1
драконида	1
прибывания	1
хамамацу	1
фотоникс	1
осака	1
радиотелеуправление	1
расплетин	1
никифорович	1
исусама	1
металический	1
дуброво	1
родион	1
молчание	1
ходарёнок	1
солнечногорск	1
постамент	1
козюлина	1
делягин	1
видеодиск	1
конфета	1
хант	1
мангалор	1
сниип	1
кавальери	1
радиофакс	1
фотодокумент	1
лептон	1
миэта	1
сустейн	1
армор	1
факс	1
океанография	1
дикк	1
энергети	1
креновое	1
поэтапность	1
постнаука	1
щепетин	1
кврба	1
сотр	1
арми	1
рационализатор	1
фотовольтаик	1
космостарт	1
спецсплав	1
теплосброс	1
хамице	1
залечивание	1
радиоуниверситет	1
спицын	1
брагин	1
зарубина	1
спбп	1
шиян	1
мурынина	1
аэрокосмос	1
правка	1
психогеография	1
медиапровокация	1
футболист	1
кубрик	1
красс	1
валентность	1
переопределение	1
хоум	1
интеллектуал	1
ходжкинсон	1
марксист	1
футурист	1
анник	1
бюрод	1
эстетика	1
десакрализация	1
карнавал	1
капитализм	1
акционизм	1
анонимуса	1
бородино	1
оплодотворение	1
детёныш	1
перепел	1
эмбриогенез	1
куколка	1
арабидопсис	1
дейвис	1
афроамериканка	1
столбец	1
антимонида	1
стереосенсор	1
зигзаг	1
неустранимость	1
вика	1
неогеография	1
стереомодель	1
кпк	1
байдупедия	1
латиница	1
шнайдер	1
скачивание	1
ннхн	1
аппаратостроение	1
врио	1
смрекара	1
снайдер	1
магнитооболочка	1
комодром	1
агуадый	1
ниат	1
отработанность	1
кодьяк	1
делмаров	1
чинкотига	1
эньлай	1
преданность	1
сянсяо	1
чжиюэ	1
гоцзюня	1
тусклость	1
челси	1
хуанг	1
кавль	1
ульмера	1
молл	1
монреаль	1
борода	1
условность	1
стрижка	1
суперлуч	1
кирамэк	1
контингент	1
судан	1
пиратство	1
сомали	1
недомыслие	1
лихва	1
вуаль	1
агрегатор	1
ленз	1
тирринг	1
шаттлвортс	1
существований	1
инспектирование	1
диагностирование	1
кирстен	1
леон	1
квазизахват	1
ркоу	1
данилович	1
ющенко	1
элита	1
українить	1
спорткара	1
вишня	1
бардачок	1
спэйсдок	1
леонард	1
шифф	1
диксон	1
куллман	1
шероховатость	1
сквид	1
микрокоррекция	1
рекордер	1
френсис	1
эверитта	1
джексонвилла	1
гравитомагнетизм	1
светлячок	1
омофон	1
недоумение	1
лайянить	1
платёж	1
спора	1
григг	1
пуппида	1
понс	1
любора	1
кресак	1
понсом	1
интершо	1
математико	1
вар	1
акр	1
вумба	1
вайсберг	1
певзнер	1
бра	1
кунео	1
шумоподавитель	1
демодуляция	1
оисз	1
зубр	1
ладислав	1
брожекома	1
мажион	1
бай	1
миншэн	1
закрывание	1
опускание	1
каска	1
водопоглощение	1
инфокоммуникация	1
отказоопасность	1
виртс	1
сураева	1
оптизона	1
преподавание	1
цик	1
абалакин	1
геодезист	1
каали	1
фидель	1
бронштэн	1
кононович	1
томк	1
поляризатор	1
ресивер	1
годард	1
металлист	1
пиколо	1
йоханес	1
бенхоф	1
самотестирование	1
самовосстановление	1
светодиод	1
радовский	1
клюшка	1
сися	1
египтянин	1
аванти	1
радиосообщение	1
прямоточник	1
массозаборник	1
инвариант	1
лигон	1
преследователь	1
уоттс	1
слепота	1
муромец	1
эвридика	1
демиург	1
вотанна	1
нииао	1
курсор	1
спс	1
инконеля	1
недолив	1
арак	1
олкок	1
герри	1
ниугбауер	1
когэс	1
итэр	1
каппа	1
ерлыкин	1
электросварка	1
подвижка	1
дальнобойщик	1
макдауелла	1
аииз	1
гансвиндт	1
уэльша	1
витрина	1
шуман	1
рунге	1
романизация	1
марджорь	1
таунсенд	1
суахили	1
нестационарность	1
циммервальд	1
анортит	1
диопсид	1
стрингер	1
чулок	1
доспех	1
мосгорсуд	1
лапыгин	1
измена	1
карбонитрид	1
подольск	1
плакат	1
яэрд	1
методология	1
ирма	1
черепнина	1
магатэ	1
першук	1
энерготехника	1
корзина	1
ростехнадзор	1
уплата	1
геоэнергетика	1
урличич	1
раскладка	1
атомэкспо	1
соп	1
возведение	1
конф	1
ошева	1
емельяненков	1
тесленко	1
коммерсант	1
бондарев	1
глухов	1
автомати	1
томпак	1
aкадемия	1
диформация	1
монмессан	1
микроприбор	1
гуськов	1
переславль	1
хлороводород	1
бугримов	1
бутенко	1
зауралье	1
каллипсо	1
чанга	1
диаз	1
арефьев	1
брейзмана	1
заброс	1
бпрд	1
отсчитывание	1
микросистема	1
этичность	1
кантон	1
базель	1
штадт	1
таля	1
акклиматизация	1
невозвращенец	1
норберт	1
физиотерапия	1
миллизивертов	1
микрозивертов	1
несостоятельность	1
гонорар	1
перерасчёт	1
крупинка	1
нина	1
торг	1
губайдуллин	1
евич	1
айсбот	1
девино	1
кэролл	1
ксенобот	1
шпорцева	1
пчела	1
нииграфит	1
полог	1
дрожжевой	1
хлопок	1
тайшаня	1
вениамин	1
инст	1
космич	1
упсалы	1
электросамолёт	1
транзакция	1
рентабельность	1
нацпрограмма	1
минфин	1
криогенмаш	1
онсайт	1
смс	1
полярник	1
мишустин	1
разбивка	1
кодесть	1
талес	1
аление	1
маркелов	1
типоряд	1
такт	1
уанвеб	1
радиозавод	1
мурманск	1
анадырь	1
трёхлетка	1
пмэф	1
нацпроект	1
саммит	1
тюлина	1
ширяев	1
тёс	1
неразделение	1
евгеника	1
джаз	1
биобъект	1
аккомодация	1
облачко	1
континуум	1
термоплазма	1
управль	1
харриера	1
заметность	1
прилипание	1
трдда	1
неосевома	1
майер	1
раструб	1
перерасширение	1
втекание	1
надстворка	1
пневмоцилиндр	1
гидроцилиндр	1
реверс	1
перелыгин	1
залманзона	1
пневмоника	1
радиоустановка	1
панасюк	1
подчёркивание	1
гипер	1
подпространство	1
класа	1
мавзолей	1
пекка	1
ацетальдегид	1
ясли	1
криоохладитель	1
гол	1
мкраб	1
всплесков	1
недофинансирование	1
сигма	1
вотч	1
юлия	1
дрейк	1
круз	1
космолог	1
вертимера	1
симион	1
заложение	1
мильнера	1
флотоводец	1
чжэн	1
ойкумена	1
стабилизирование	1
мусабаев	1
нездоровье	1
маккистион	1
амелия	1
шестиклассница	1
трансфокатор	1
гвельф	1
брансуик	1
вибромеханизм	1
грунтоприёмник	1
блейкома	1
духов	1
хавьер	1
гомес	1
эльвира	1
манер	1
пиронож	1
ллоунайф	1
бредбери	1
видеоролик	1
гротцингер	1
коронация	1
неоф	1
неистовство	1
метеорограф	1
маросход	1
конгломерат	1
гравий	1
туф	1
сапьенец	1
двухслойность	1
зиверот	1
йеллоунайф	1
вольтной	1
аудиоклип	1
хайнрих	1
фрайхерра	1
лейпциг	1
путткаммер	1
померания	1
еский	1
констанца	1
ахен	1
фоторепортёр	1
гражданство	1
аахен	1
гонорис	1
кауза	1
блокбастер	1
урсула	1
галактянин	1
дарлтон	1
путкамер	1
конопатов	1
ггак	1
нкпора	1
гайон	1
блуфорд	1
космическиз	1
lrbaь	1
успокаивание	1
видеотрансляция	1
микрокомпьютер	1
данильчук	1
насибулин	1
хлобыст	1
проджект	1
кудайберген	1
исаенко	1
батыр	1
халмурад	1
бойченко	1
бабиков	1
фобосама	1
микротонометр	1
юта	1
мкян	1
лумать	1
проницание	1
евфросина	1
мамонтов	1
ров	1
рассечение	1
резак	1
харламов	1
приёмоответчик	1
транслятор	1
кювет	1
гадр	1
евсеев	1
авзонии	1
тавмасий	1
челла	1
линдгрена	1
хайнс	1
ашбахер	1
раздвигание	1
фиона	1
таймс	1
оран	1
фортран	1
надчёркивание	1
влагомер	1
коновалов	1
галкин	1
вестфаля	1
хабла	1
роджёрса	1
даниэль	1
гидробассейн	1
проигрывание	1
джонни	1
неэффективность	1
шифратор	1
перекоммутирование	1
атлантис	1
олтман	1
гуд	1
ртур	1
фликра	1
хаблла	1
сервантес	1
норада	1
еврокомиссия	1
шэньян	1
михалевич	1
транслирование	1
посредство	1
специнформация	1
эласа	1
лодевейк	1
уэнг	1
уукм	1
петух	1
аэромеханика	1
межевов	1
аверин	1
дядченко	1
лукьяшко	1
рудский	1
свечкина	1
суфияров	1
коллапсар	1
античастица	1
термодинамика	1
ромуляна	1
макат	1
искуп	1
гижига	1
магадан	1
грузия	1
болшево	1
приморк	1
витрук	1
стаценко	1
шлык	1
майданович	1
зло	1
разжигание	1
мэллори	1
эверест	1
благословение	1
тхань	1
пинната	1
фосфид	1
терраформиров	1
диссидент	1
трущоба	1
сверхпроект	1
оптимум	1
термопреобразователь	1
размораживание	1
терраформатор	1
маккея	1
неприятель	1
евразия	1
сверхпланета	1
немезид	1
оберон	1
титаний	1
умбриэль	1
терраформист	1
неприемлемость	1
неприятие	1
андроид	1
супермен	1
голопалуба	1
солярис	1
антигравитация	1
вырождение	1
первопоселенец	1
туя	1
несвита	1
росселевич	1
радиотракт	1
развязка	1
колпашево	1
прожектор	1
вардугин	1
камерон	1
космовидение	1
видеоусилитель	1
евровидение	1
атмосферика	1
тирск	1
линч	1
филлипёс	1
ашдод	1
латруно	1
биолог	1
бова	1
гранд	1
мел	1
чиксулуб	1
аванпост	1
казачо	1
манукина	1
литосфера	1
хроматография	1
сумрак	1
смачивание	1
затвердевание	1
эластичность	1
персеид	1
рывок	1
циблиева	1
сибга	1
аэроспэйс	1
коптеры	1
литография	1
протекция	1
беккер	1
горстиго	1
кумерсдорф	1
рудольф	1
ридель	1
греттруп	1
пюлленберг	1
шлурик	1
пюльман	1
херман	1
отбывание	1
пруссия	1
герцогство	1
саксена	1
веймар	1
выслуга	1
скрепка	1
рекламирование	1
чипсы	1
гагаринец	1
агломерация	1
баянович	1
леонидович	1
мдфж	1
сиори	1
дошиш	1
переподчинение	1
тянить	1
герметизатор	1
этбс	1
актёр	1
кара	1
чингиз	1
айтматов	1
кассандра	1
проститутка	1
нейади	1
хобург	1
эксклюзив	1
егерь	1
клевцов	1
поплавок	1
знаменск	1
цингст	1
коронить	1
голиаф	1
геополитика	1
информирование	1
пьезоплёнка	1
пропорциональность	1
индий	1
мышьяк	1
пинг	1
понг	1
карпаты	1
клужа	1
муравлёв	1
шагайда	1
спорность	1
блейн	1
хэммонд	1
стеклопласт	1
стекловата	1
стеклосот	1
нитрон	1
воздухопроницаемость	1
радиоизмерение	1
пирочек	1
субсидирование	1
полярис	1
микроминиатюризация	1
твиггс	1
стэнфорд	1
микроячейка	1
храм	1
трансмиттер	1
криогенератор	1
селенид	1
термопружина	1
обработчик	1
джойстик	1
подлокотник	1
фихтеля	1
стандард	1
гетербург	1
синхротрон	1
иргит	1
артамон	1
пнить	1
федик	1
гидрид	1
головачёв	1
финикс	1
габриэль	1
кримонез	1
дункан	1
сёмкина	1
кучковый	1
нильс	1
оверхаузер	1
стройка	1
краситель	1
кевларов	1
припой	1
перлмуттер	1
лэндисом	1
цукерберг	1
манчестер	1
абляция	1
америций	1
повести	1
рандоля	1
монослой	1
метаматериал	1
преломление	1
наноперфорация	1
самостабилизация	1
тераджоуль	1
нанокорабль	1
наноаппарат	1
атакама	1
нанофлот	1
гандо	1
маспаломас	1
геркон	1
пирозаряд	1
хакер	1
вернама	1
амидол	1
летучесть	1
нуклеофил	1
амид	1
метиламин	1
дегидрирование	1
метилирование	1
токсикология	1
метаболизация	1
гиромитрин	1
отщепление	1
альдегид	1
ларкина	1
молчанов	1
ретронить	1
дашков	1
патруль	1
камисайбар	1
касся	1
тефия	1
гиперион	1
метон	1
анфа	1
эгеон	1
властелин	1
вестервальд	1
рококс	1
пра	1
фаворит	1
формулирование	1
выбивание	1
магнитомер	1
нибур	1
хенд	1
аудитор	1
тбайт	1
укрывательство	1
примарсений	1
лозунг	1
осадконакопление	1
напластование	1
моторчик	1
субстрат	1
силикон	1
полукилограмм	1
прогорание	1
cмeщение	1
aстepoид	1
карнелла	1
короб	1
трактор	1
гипертелескоп	1
канифоль	1
ратификация	1
перемножение	1
гринберг	1
цейсс	1
аэро	1
битлз	1
лёвка	1
динкинеш	1
дональдджохансон	1
джохансон	1
левк	1
левисон	1
олкина	1
следователь	1
ленуар	1
йот	1
космокурс	1
анатомия	1
подгон	1
отзыв	1
сгиб	1
магкома	1
скрло	1
оккиалинь	1
капутник	1
батлер	1
восторг	1
саванна	1
лионс	1
противоречивость	1
декларация	1
операнд	1
репрезентативность	1
бертран	1
нузейбех	1
фибробласт	1
сандвич	1
аэрофотоаппарат	1
брезент	1
биообразец	1
кардиограмма	1
биоконтейнер	1
переброска	1
дніпро	1
уля	1
нигель	1
ангольд	1
мальск	1
соцстрана	1
фелтц	1
раун	1
робинсон	1
беннер	1
литтлтон	1
отцепка	1
трейлер	1
подгонка	1
монтаний	1
леестен	1
гайдук	1
бисентенарио	1
корпорейшн	1
телемедицина	1
телекоманда	1
неясность	1
несогласие	1
кетрина	1
слик	1
хоуса	1
ширин	1
форвар	1
отсечение	1
путник	1
климук	1
выплавка	1
микрократер	1
клубника	1
йеном	1
хейдонок	1
телеведущий	1
кронкайт	1
перитонит	1
роса	1
светочувствительность	1
микроградиан	1
найквист	1
ассортимент	1
лантан	1
запугивание	1
рейхсмарка	1
нефтепродукт	1
гидролиз	1
древесина	1
тилем	1
створ	1
крайность	1
визерно	1
эперлек	1
майлерваген	1
адольф	1
дюжина	1
водопад	1
чизвика	1
графство	1
эссекс	1
хартфордшир	1
норфолк	1
суссекс	1
бедфордшир	1
букингемшир	1
кембриджшир	1
беркшир	1
миттельверк	1
конштайна	1
дора	1
труп	1
деморализация	1
стреловидность	1
субмарина	1
генеалогия	1
миллард	1
рейхсминистр	1
хвощин	1
каневский	1
беркович	1
бочаров	1
прил	1
суперсооружение	1
мунсудан	1
хвадэ	1
вкладчик	1
мандельё	1
многофункциональность	1
прорезь	1
послеогнев	1
тангажом	1
дверца	1
брэдфилд	1
мэнчжоу	1
мастраккио	1
ларец	1
катрина	1
дамба	1
руис	1
лайм	1
нигер	1
опустынивание	1
водохранилище	1
каинджи	1
лорд	1
аэрозахват	1
чжунсин	1
чанчэнцз	1
шуанчэнцзы	1
бадын	1
джаран	1
низовье	1
хэйхэ	1
эдзина	1
аймак	1
ргчин	1
чжуцюэ	1
лоретта	1
гидальго	1
уайтсайдс	1
триш	1
гарнер	1
стокгольм	1
авив	1
лэнс	1
басс	1
нишель	1
никольс	1
актриса	1
борисенко	1
колман	1
футболка	1
изодыхап	1
противогаз	1
кизп	1
мвд	1
флюссом	1
известь	1
поролон	1
ныряльщик	1
канадец	1
непостоянство	1
пфайзер	1
хургад	1
старк	1
выдох	1
спелеолог	1
ребризёром	1
пловец	1
аакс	1
мостик	1
распыливание	1
растягивание	1
диалкилдитиофосфат	1
вытекание	1
археолог	1
отбытие	1
гравиметрия	1
отстреливание	1
альтиметрирование	1
недозаправка	1
персевирэнс	1
мефон	1
квазиспутник	1
полара	1
виндзора	1
автотранспорт	1
азиза	1
абдуррахман	1
рияд	1
девиация	1
синхронизатор	1
вцрд	1
нота	1
октав	1
микрофильмирование	1
сходни	1
федоровский	1
вимс	1
машиноведение	1
имаш	1
дорин	1
пневмостартер	1
скипидар	1
радиант	1
гексановое	1
оребрение	1
космачёв	1
буржа	1
покупатель	1
запальник	1
гуртов	1
лаврентьев	1
параграф	1
желе	1
актограмм	1
гкай	1
поса	1
лоусон	1
многорежимность	1
микромишень	1
инициация	1
втулка	1
детонирование	1
размножитель	1
бридер	1
цзэчжоу	1
транс	1
элверум	1
распылитель	1
смазывание	1
калорийность	1
питательность	1
усвояемость	1
антрекот	1
котлета	1
филе	1
четырёхразов	1
желатин	1
сублимат	1
креветка	1
тост	1
пудинг	1
мороженое	1
уорф	1
микроэлемент	1
комфорт	1
тара	1
азу	1
омлет	1
тушёнка	1
черенок	1
проливания	1
десерт	1
крошкоулавливатель	1
поднос	1
вилка	1
нож	1
закупорка	1
йогурт	1
сопротивляемость	1
крупа	1
цистин	1
метионин	1
баклажан	1
мякоть	1
свёкла	1
солянка	1
шампиньон	1
горошек	1
пектин	1
буханка	1
опьянение	1
отрыжка	1
изжога	1
упрочение	1
гунбао	1
стейк	1
клетчатка	1
беатрис	1
финкельштейн	1
шеппард	1
мочегонное	1
шермана	1
чай	1
бургер	1
индейка	1
бекон	1
шеф	1
хестон	1
блюменталь	1
кофемашин	1
эспрессо	1
свинина	1
сухофрукты	1
рецепт	1
лазание	1
рэндольф	1
брезник	1
ванда	1
гидро	1
леденец	1
упаковывание	1
вяление	1
кетчуп	1
цинния	1
артёмов	1
лань	1
тибет	1
кирана	1
кумар	1
хайнец	1
кёлла	1
эратосфен	1
клеймор	1
скрепирование	1
неуязвимость	1
микроизмерение	1
гранник	1
кубкат	1
каталония	1
хенрикс	1
теренс	1
крегель	1
джейн	1
уэбер	1
мэри	1
бирюса	1
милиция	1
ахилл	1
джан	1
юдик	1
кордилья	1
белокон	1
коварство	1
домино	1
замусоренность	1
эрен	1
озмена	1
фатих	1
бенсон	1
франсиско	1
елиу	1
болтд	1
гармира	1
хэйл	1
брадт	1
петерсон	1
годвина	1
новелла	1
пфааля	1
мистификация	1
лохмотья	1
мамонов	1
аллегория	1
левшин	1
психомашин	1
аргонавт	1
язвицкий	1
антураж	1
реалия	1
прелюдия	1
аташева	1
вяткин	1
терние	1
киноэкспедиция	1
размыслович	1
нормаль	1
гидроксил	1
лицзянить	1
швыткина	1
дворкин	1
высокотеплов	1
коррелометр	1
автокорреляция	1
cистем	1
звенигород	1
адели	1
сугадайра	1
мулярчик	1
гальперин	1
твиггсом	1
морхед	1
браславец	1
термобумага	1
джордано	1
винодел	1
консул	1
пари	1
шавить	1
пальмах	1
иерихон	1
штейнберг	1
анонсирование	1
стаки	1
эриксон	1
персол	1
латимера	1
ромбокубооктаэдр	1
интербола	1
воскрешение	1
агафон	1
войт	1
храпченков	1
интерболл	1
касп	1
каспах	1
ломо	1
динамит	1
льдинка	1
эквадорец	1
патрисио	1
савал	1
зубер	1
гольдшмидт	1
прохожий	1
солидарность	1
воодушевление	1
серебренников	1
киоск	1
серебренник	1
нание	1
арлазор	1
итярд	1
кампа	1
бионом	1
абрашкин	1
елизавета	1
ривкина	1
инфузория	1
амёба	1
низменность	1
крейг	1
кундрот	1
рачок	1
мультиинкубатор	1
деструкция	1
обводнённость	1
теленаука	1
огайо	1
прожиго	1
макклейн	1
радиостроение	1
онпп	1
мироничев	1
омах	1
небраска	1
глюк	1
отнятие	1
обмазка	1
политетрафторэтилен	1
бронь	1
флокс	1
диоксидифторид	1
триоксидифторид	1
тетраоксидифторид	1
дифтордиазин	1
тетрафторгидразин	1
дифторамин	1
хлордифторамин	1
нитрозилфторид	1
нитрония	1
фторнитрат	1
перхлорилфторид	1
фторперхлорат	1
гептафторид	1
иод	1
гексафторид	1
фтороокись	1
сарнер	1
голубков	1
старков	1
шеманин	1
франческо	1
ажелло	1
данилин	1
аскань	1
порто	1
паровоз	1
дозирование	1
литьё	1
паз	1
пеномодель	1
дутьё	1
топка	1
дквр	1
взаимодополнение	1
экспериментирование	1
аплинк	1
актуализация	1
аплинков	1
трекинг	1
каледония	1
трерия	1
левено	1
абонемент	1
спецслужба	1
полиция	1
гмссб	1
реанимация	1
шаенко	1
ирза	1
ниимаш	1
салда	1
тетраксида	1
электроподогрев	1
блуждание	1
амроса	1
маккейн	1
неловкость	1
лёвочкин	1
дуб	1
балашиха	1
карпенко	1
соломонов	1
бастион	1
линник	1
носатенко	1
сткома	1
феодосье	1
синярёв	1
бронза	1
кастильо	1
рогеза	1
конгломерация	1
спектральнго	1
круиз	1
накапливание	1
озоносфера	1
корректируемость	1
лимбовыя	1
асмуса	1
шахпаронов	1
стероид	1
астросфера	1
аванс	1
протом	1
эсрейндж	1
лена	1
заполярье	1
гаранж	1
оракл	1
зашумлённость	1
дагертеть	1
глубь	1
навахо	1
извинение	1
антигуа	1
переподстройка	1
прирощение	1
доворот	1
кульбит	1
взаимовлияние	1
моусон	1
тридцатикилометров	1
капиталовложение	1
марго	1
кристаллик	1
риглера	1
пятачок	1
фелдман	1
робин	1
кэнап	1
акун	1
сентинела	1
астродатчик	1
непрерывность	1
копелевич	1
капилляр	1
гаофен	1
широ	1
тами	1
ледокол	1
афтершок	1
стенографистка	1
однополчанин	1
присяга	1
переиздание	1
оформл	1
копейко	1
фотохроника	1
атинский	1
агилкия	1
плотина	1
уточка	1
метилизоцианат	1
ацетон	1
пропаналя	1
ацетамид	1
клатрат	1
жароустойчивость	1
гексана	1
энергозапас	1
фотовспышка	1
созревание	1
гусленко	1
омь	1
махмуд	1
задумка	1
ректеннами	1
свето	1
уловитель	1
крисуэлла	1
логан	1
вибратор	1
загазованность	1
энергомодуль	1
манкинс	1
ксэс	1
юйлинь	1
дипломатия	1
бараскар	1
ханад	1
наноразмер	1
ванк	1
вертесси	1
пневмосхема	1
слюсарь	1
энвисата	1
биокон	1
вдуве	1
стартер	1
пиропривод	1
ноутбук	1
переобогащение	1
клёш	1
соразработчик	1
берисфорд	1
скулкрафт	1
протапливание	1
жар	1
фреон	1
ребикона	1
осциляция	1
мефодий	1
гкрэ	1
цниис	1
остриё	1
сайберт	1
метеозонд	1
гэмпшир	1
айовский	1
инфокосмос	1
паводок	1
ильгам	1
гауна	1
центавр	1
седно	1
субзвезда	1
сухарто	1
лакомство	1
гаджа	1
мада	1
маджапахит	1
палапа	1
обет	1
суматра	1
бали	1
калимантан	1
сулавеси	1
ириан	1
джая	1
ефимочкин	1
киборг	1
гиперпространство	1
