word,target_synset,target_gold
единица_электрический_напряжение,['138636-N'],[['8646-N']]
привинчивание,['110807-N'],[['115035-N']]
сердце_сжаться_в_комок,['117114-N'],[['150230-N']]
убедительность,['119001-N'],[['106775-N']]
марианский_остров,['128127-N'],[['6943-N']]
белужина,['5958-N'],[['5372-N']]
аймар,"['103509-N', '148198-N']","[['100046-N'], ['148196-N']]"
переделка,['120969-N'],[['107602-N']]
котелок,"['114308-N', '107651-N']","[['141924-N'], ['107039-N', '126838-N']]"
одергивание,"['133282-N', '127258-N']","[['106876-N', '112933-N', '112963-N'], ['117375-N', '127244-N']]"
трофей,['139423-N'],[['138598-N']]
акробатика,"['124977-N', '126942-N']","[['4911-N', '5648-N', '126942-N'], ['126894-N']]"
работодатель,['7628-N'],[['150987-N']]
житомирский_область,['100959-N'],[['100054-N']]
путы,"['134293-N', '153833-N']","[['129685-N'], ['112567-N']]"
солнечногорск,['102094-N'],[['136788-N']]
самоопределение,"['148554-N', '10187-N']","[['107489-N', '111944-N'], ['599-N', '148554-N']]"
хасавюрт,['100816-N'],[['242-N']]
поездной_бригада,['7186-N'],"[['4600-N', '121719-N']]"
врата,"['107165-N', '147483-N']","[['107150-N', '107163-N'], ['107163-N']]"
проектный_документ,['5875-N'],[['2428-N']]
шажок,"['120863-N', '123361-N']","[['106587-N'], ['153471-N']]"
верхушка,"['149847-N', '108799-N']","[['140006-N'], ['106509-N']]"
прическа_каре,['148978-N'],[['112086-N']]
район_крайний_север,['6227-N'],"[['106611-N', '139770-N', '145810-N']]"
укрепление_берег,['5473-N'],"[['5508-N', '121959-N', '140492-N']]"
акцентировка,"['148905-N', '115881-N']","[['107094-N'], ['115880-N', '120812-N']]"
юридический_ответственность,['8263-N'],[['106779-N']]
шоу-бизнес,['1583-N'],"[['560-N', '142302-N']]"
глухомань,['115573-N'],"[['324-N', '120194-N']]"
леденец,['107738-N'],[['5239-N']]
истязание,['7327-N'],"[['7326-N', '7829-N', '115102-N']]"
затишье,"['107341-N', '117311-N', '131604-N']","[['106446-N'], ['6147-N'], ['114833-N', '133372-N']]"
холодильный_консервирование,['154892-N'],[['5731-N']]
рыбообрабатывающий_комбинат,['5126-N'],"[['3913-N', '4906-N']]"
период_новорожденность,['133821-N'],[['106731-N']]
самодийский_народ,['106190-N'],"[['106131-N', '106180-N']]"
симметрия,['134895-N'],[['106584-N']]
подверженность,['133753-N'],[['133752-N']]
флорес,['103965-N'],[['133643-N']]
поместье,['114449-N'],[['4644-N']]
нижний_лом,['105742-N'],[['136892-N']]
пламя_борьба,['106702-N'],[['106714-N']]
экономия_энергозатраты,['8277-N'],[['135549-N']]
вечный_ценность,['153963-N'],[['142680-N']]
идея,"['106466-N', '106464-N', '106465-N']","[['106468-N', '106471-N'], ['106468-N', '124901-N'], ['106468-N']]"
буферный_запоминать_устройство,['7980-N'],[['7650-N']]
хафпайп,"['152070-N', '152069-N']","[['3240-N'], ['3240-N', '143135-N']]"
лионец,['146804-N'],"[['4773-N', '105405-N']]"
аспид,['121682-N'],[['107998-N']]
собеседование,['129130-N'],"[['106781-N', '116120-N']]"
наезд,"['138424-N', '147427-N', '117015-N']","[['106954-N', '127111-N'], ['5776-N', '115804-N', '117015-N'], ['115804-N']]"
самодостаточность,['134708-N'],[['119136-N']]
судебный_тяжба,['3719-N'],[['115415-N']]
лишайник,['108663-N'],[['108454-N']]
демагогичность,['126027-N'],[['125031-N']]
нижний_сорочка,['143166-N'],[['141911-N']]
заика,['131336-N'],[['2149-N']]
доминиканец,"['134830-N', '126087-N']","[['110866-N', '140521-N'], ['132681-N', '126592-N']]"
строительный_индустрия,['2460-N'],[['55-N']]
стачка,['1485-N'],"[['134336-N', '136578-N']]"
исповедь,"['142354-N', '10070-N']","[['115598-N'], ['110506-N', '129246-N', '142354-N']]"
в_реальный_время,['152998-N'],[['139693-N']]
хрупкость,"['133395-N', '145471-N', '129235-N']","[['119011-N', '133392-N'], ['106768-N'], ['114389-N']]"
приметливость,['119760-N'],[['118658-N']]
клеш,['131915-N'],"[['108928-N', '131992-N']]"
залив_спенсер,['103299-N'],[['134502-N']]
геодезический_инструмент,['4649-N'],[['2489-N']]
бактерицидный_действие,['9881-N'],[['9880-N']]
коробка_здание,['107069-N'],[['107070-N']]
шумерля,['103171-N'],[['242-N']]
талмуд,['135347-N'],[['4901-N']]
энергия_солнце,['9831-N'],[['8552-N']]
фаза_луна,['145593-N'],"[['107545-N', '121260-N']]"
корявость,['119773-N'],[['119515-N']]
исполнитель_рэп,['143662-N'],[['1431-N']]
навесный_удар,['152718-N'],"[['128916-N', '148625-N']]"
аквакультура,['137957-N'],[['114187-N']]
приставка,"['110612-N', '137931-N']","[['124077-N'], ['106555-N']]"
государственный_учет,['7619-N'],[['106991-N']]
бесстыдность,['118970-N'],[['106924-N']]
социал-демократ,['143202-N'],[['6629-N']]
несамостоятельность,"['126377-N', '124488-N']","[['106563-N'], ['106613-N']]"
республика_чили,['104927-N'],[['2062-N']]
амуниция,['125000-N'],[['144072-N']]
государственный_бонд,['6601-N'],"[['1341-N', '4052-N']]"
политиканство,['136545-N'],"[['6646-N', '126027-N']]"
тур_голосование,['121673-N'],[['123362-N']]
буянство,['125999-N'],"[['107214-N', '121086-N', '125197-N', '126002-N']]"
место_размещение_отход,['147395-N'],[['106451-N']]
пенальти,['114554-N'],[['128915-N']]
заменитель_сахар,['129109-N'],"[['114425-N', '131301-N', '142577-N']]"
перегораживание,"['141509-N', '116248-N']","[['107410-N'], ['119562-N']]"
латунь,['9004-N'],[['132877-N']]
романтик_в_душа,['137301-N'],[['150507-N']]
нетканый_материал,['117159-N'],[['108527-N']]
республика_эквадор,['105034-N'],[['2062-N']]
концлагерь,['3574-N'],[['147022-N']]
кузнечный_работа,['111844-N'],"[['3038-N', '106558-N']]"
недооцененность,['142400-N'],"[['115032-N', '131407-N', '132922-N']]"
санитарный_автотранспорт,['6034-N'],"[['8220-N', '9209-N']]"
синусит,['9683-N'],"[['108862-N', '145295-N']]"
пущино,['102044-N'],[['136788-N']]
отпущение,['124551-N'],[['116333-N']]
обеднение,"['118394-N', '130530-N']","[['116388-N'], ['116390-N']]"
выскочка,['130513-N'],[['152714-N']]
черноморский_побережье_кавказ,['106116-N'],[['106117-N']]
мессина,['104122-N'],[['207-N']]
растратчик,['136749-N'],[['8153-N']]
состояние_готовность,['148509-N'],"[['106563-N', '106765-N']]"
балтимор,['138881-N'],[['247-N']]
анахронизм,['119623-N'],"[['114315-N', '119422-N']]"
федеративный_устройство,['134358-N'],[['416-N']]
отогрев,['117449-N'],[['116097-N']]
подтверждение,"['137465-N', '106870-N']","[['106868-N'], ['106446-N']]"
необитаемость,['127197-N'],[['127196-N']]
полусредний_вес,['151582-N'],[['151580-N']]
мытье,"['107010-N', '140680-N']","[['107011-N'], ['112139-N']]"
семейство_растение,['143589-N'],"[['127599-N', '144172-N']]"
осциллограф,['137175-N'],[['3648-N']]
большевизм,['124647-N'],"[['3572-N', '124646-N', '126697-N']]"
спортивный_судейство,['120251-N'],"[['115033-N', '118780-N']]"
вегетарианство,['121510-N'],"[['4230-N', '132973-N']]"
протон,['8357-N'],[['8356-N']]
беспредельность,"['115111-N', '125210-N']","[['115110-N'], ['125209-N']]"
расхождение,"['107213-N', '137308-N', '121080-N']","[['106647-N', '118966-N'], ['106829-N'], ['111688-N', '121081-N']]"
королевство,['2812-N'],"[['2062-N', '7986-N']]"
иерархия_каста,['153973-N'],"[['139991-N', '141173-N']]"
мойка,"['127003-N', '107010-N']","[['106553-N'], ['107011-N']]"
словоформа,['113732-N'],[['3264-N']]
разыгрывание,"['126645-N', '128675-N']","[['109927-N', '111592-N'], ['115198-N', '117332-N']]"
самолечение,['120814-N'],[['1061-N']]
квартирный_кража,['9207-N'],"[['7609-N', '136280-N']]"
сияние,"['121183-N', '107238-N']","[['106456-N', '148998-N'], ['107237-N']]"
архив_звукозапись,['114703-N'],[['117256-N']]
предприимчивость,['118470-N'],"[['117865-N', '118371-N', '118471-N']]"
повышенный_тон,['137722-N'],[['120214-N']]
очерчивание,"['117231-N', '119949-N']","[['111916-N', '118261-N'], ['114457-N']]"
эквилибристка,['9756-N'],[['110086-N']]
омолон,['101372-N'],"[['100022-N', '100079-N']]"
постельный_принадлежность,['108853-N'],[['8218-N']]
критичность,"['120001-N', '123902-N']","[['119560-N'], ['106765-N']]"
запись_носитель,['111882-N'],"[['111881-N', '152808-N']]"
новобранец,['115149-N'],"[['926-N', '135559-N', '150110-N']]"
яйцеклетка,['110084-N'],[['110080-N']]
кроветворение,['137263-N'],"[['106477-N', '125011-N']]"
обезьяна,['10072-N'],[['125275-N']]
сглаживание,"['116159-N', '118895-N', '116161-N']","[['111931-N'], ['118894-N'], ['116160-N']]"
банковский_учреждение,['1278-N'],[['138373-N']]
хлебный_тост,['129298-N'],[['107778-N']]
противотуманный_фара,['7423-N'],[['108461-N']]
эхолокация,['136656-N'],[['112514-N']]
врожденный_патология,['6481-N'],[['616-N']]
ботлихо,['129029-N'],"[['7207-N', '132731-N']]"
нейтронный_терапия,['6087-N'],"[['134951-N', '143712-N']]"
гурьевск,"['101307-N', '101124-N']","[['136778-N'], ['136773-N']]"
обогащение_продукт_питание,['147304-N'],[['115570-N']]
поведение,['110242-N'],[['118698-N']]
вставание,['119695-N'],"[['119502-N', '107454-N']]"
обескровливание,['118663-N'],"[['111493-N', '117324-N']]"
сумма_наличный,['1276-N'],[['566-N']]
розыскной_действие,['2654-N'],[['118282-N']]
скрытый_смысл,['133968-N'],"[['106569-N', '132690-N']]"
аргумент,"['125064-N', '106872-N']","[['125063-N'], ['106871-N']]"
пороговый_величина,['128183-N'],"[['106514-N', '106941-N']]"
консервативный_метод_лечение,['145082-N'],"[['1065-N', '7529-N']]"
шнур,"['125404-N', '116413-N', '116414-N']","[['140502-N', '141892-N'], ['143489-N'], ['113623-N']]"
природопользование,['74-N'],[['106497-N']]
жезказганский_область,['100954-N'],[['100056-N']]
житель_гора,['114100-N'],[['589-N']]
собор,"['1139-N', '113290-N']","[['110499-N'], ['3137-N']]"
нюхание,['115823-N'],[['115824-N']]
перепродажа,['114577-N'],"[['2055-N', '118633-N']]"
оул,['145507-N'],[['242-N']]
олений_упряжка,['152297-N'],[['125679-N']]
настроение_произведение,['150016-N'],[['106569-N']]
новый_англия,['136600-N'],"[['100077-N', '140311-N']]"
заметание,"['116171-N', '134383-N']","[['116169-N'], ['111597-N']]"
дивизион,"['4978-N', '126625-N']","[['790-N'], ['111488-N']]"
расшивание,['124543-N'],"[['109444-N', '112763-N']]"
подтаскивание,['115876-N'],[['111594-N']]
оттава,"['148992-N', '104152-N']","[['100022-N'], ['3208-N']]"
сказочный_птица,['128750-N'],"[['963-N', '128751-N']]"
антропогенный_влияние,['133787-N'],[['111611-N']]
монархический_форма_правление,"['7986-N', '151644-N']","[['445-N'], ['7984-N']]"
чахлость,"['151759-N', '135652-N']","[['114389-N'], ['114389-N', '119945-N']]"
спортивный_молотый,['118034-N'],[['128563-N']]
бизон,['8549-N'],"[['4091-N', '152790-N']]"
винить,"['149745-N', '5665-N']","[['3396-N'], ['4242-N']]"
кампания,"['121725-N', '143636-N']","[['106501-N'], ['121725-N']]"
трамплин,"['136532-N', '141320-N', '118816-N']","[['3240-N'], ['106488-N', '139796-N'], ['2498-N']]"
кобура,['114247-N'],"[['107038-N', '107924-N']]"
вожак_в_стая,['125678-N'],[['144174-N']]
контрактный_обязательство,['8102-N'],[['2747-N']]
продукт_труд,['106505-N'],[['153782-N']]
улика,['116274-N'],"[['928-N', '143796-N']]"
литейщик,['111926-N'],[['110125-N']]
строгость,"['118817-N', '118936-N', '118907-N']","[['106775-N'], ['118937-N'], ['123454-N']]"
стрельба_глазок,['123563-N'],[['123562-N']]
граница_государство,['674-N'],[['673-N']]
саровск,['102174-N'],[['136800-N']]
фатальность,['137468-N'],"[['119034-N', '119598-N', '120225-N']]"
телефонный_система_связь,['3095-N'],[['2571-N']]
обитель,"['1158-N', '112704-N']","[['1136-N'], ['106451-N']]"
неумение,['138351-N'],[['106768-N']]
кинодраматург,['139322-N'],[['7723-N']]
рельеф_поверхность,['118405-N'],"[['106559-N', '106575-N']]"
советский_гавань,['105680-N'],[['136195-N']]
государственный_долг,['1750-N'],[['3165-N']]
вымещение,['135144-N'],"[['150230-N', '129264-N', '106457-N']]"
удовлетворительность,['119979-N'],[['124250-N']]
выволакивание,['130352-N'],"[['110915-N', '110917-N']]"
артист,"['1413-N', '142063-N']","[['8848-N', '135423-N'], ['124715-N']]"
дезертирство,['5619-N'],"[['800-N', '111281-N']]"
эксплуатация_человек,"['142010-N', '154981-N']","[['7656-N', '154981-N'], ['106497-N']]"
аудиторский_компания,['3970-N'],"[['115053-N', '149165-N']]"
отстойный_бассейн,['127405-N'],[['107038-N']]
гонка_вооружение,['1676-N'],[['116549-N']]
прибой,['113558-N'],"[['112208-N', '112209-N']]"
пищевой_отход,['128543-N'],"[['3768-N', '149183-N']]"
подкрепление,"['141316-N', '121959-N']","[['106561-N'], ['125642-N']]"
ажур,['139233-N'],[['107987-N']]
стенопись,['129212-N'],"[['4505-N', '7563-N']]"
поэтика,"['153195-N', '134060-N']","[['147103-N'], ['4778-N']]"
костный_ткань,['7512-N'],[['7291-N']]
укол,"['9444-N', '111959-N', '150689-N']","[['9725-N', '114568-N', '117067-N'], ['111963-N'], ['115889-N', '127537-N']]"
хозяйственный_кадр,['6770-N'],"[['7238-N', '7239-N', '7240-N']]"
переезд,"['120370-N', '154666-N', '120371-N']","[['127486-N'], ['106587-N'], ['120372-N', '144457-N']]"
расфасовывание,['120847-N'],"[['9469-N', '113157-N']]"
загрязненность_почва,['5157-N'],"[['75-N', '4225-N']]"
холокост,['124170-N'],[['6205-N']]
сбережение,"['110437-N', '106626-N', '140581-N']","[['106626-N'], ['106598-N'], ['566-N']]"
соавтор_изобретение,['1406-N'],[['132965-N']]
диоксин,['8988-N'],[['1011-N']]
автоцистерна_для_пищевой_жидкость,['146354-N'],[['7468-N']]
сепсис,['109728-N'],"[['9014-N', '116741-N']]"
копия,"['111620-N', '10128-N']","[['147133-N'], ['111620-N']]"
автоответчик,['5963-N'],[['2563-N']]
роботизация,['134582-N'],[['924-N']]
авангард,"['147580-N', '124907-N', '124905-N']","[['790-N'], ['106627-N'], ['108333-N']]"
тростниковый_сахар,['133186-N'],[['1230-N']]
регламентация,['128899-N'],[['106489-N']]
лечебный_трава,['148008-N'],[['7474-N']]
река_бия,['100239-N'],[['100022-N']]
сценка,"['132254-N', '148271-N', '139437-N']","[['132253-N'], ['4765-N'], ['106576-N']]"
река_сема,['101284-N'],"[['100022-N', '100079-N']]"
круговой_маршрут,['148974-N'],[['183-N']]
кинешма,['101007-N'],[['136772-N']]
эфиромасличный_продукция,['124081-N'],"[['4057-N', '6893-N']]"
экзальтированность,['106969-N'],"[['106968-N', '107254-N']]"
вспомогательность,['120052-N'],"[['124019-N', '120053-N']]"
поучение,"['124452-N', '107124-N']","[['107123-N', '116198-N'], ['106840-N']]"
верхний_конечность,['145241-N'],[['118107-N']]
природный_богатство,['73-N'],[['106487-N']]
нейрохирург,['113027-N'],[['1046-N']]
велогонщик,['146786-N'],"[['112272-N', '112547-N']]"
нераспространение_ядерный_оружие,['1679-N'],"[['6165-N', '143005-N']]"
конденсаторный_установка,['131953-N'],[['2070-N']]
авиационный_корпорация,['128015-N'],[['847-N']]
рецидивный_преступление,['141469-N'],"[['637-N', '134578-N']]"
оплошность,['107502-N'],"[['106504-N', '106795-N']]"
узор,['107987-N'],"[['107006-N', '107608-N']]"
калмыцкий_асср,['101137-N'],[['100028-N']]
общенародность,['121056-N'],[['119353-N']]
замах,"['131402-N', '131400-N']","[['106813-N', '118268-N', '124237-N'], ['131399-N', '131401-N']]"
смешок,['143918-N'],[['114090-N']]
филармония,['115397-N'],"[['1445-N', '7545-N']]"
сомалийский_столица,['104731-N'],[['3208-N']]
совдепий,"['137841-N', '105327-N']","[['2636-N'], ['2521-N', '105559-N']]"
система_радионавигация,['5384-N'],"[['2686-N', '5383-N']]"
беспорочность,['123392-N'],"[['118057-N', '119209-N', '151450-N']]"
фрязино,['102061-N'],[['136788-N']]
покатость,['115907-N'],"[['114022-N', '115906-N']]"
огнезащитный_работа,['145041-N'],"[['106534-N', '135041-N', '140492-N']]"
инфлюэнца,['8161-N'],"[['2046-N', '9224-N']]"
сенатор,['7927-N'],[['123325-N']]
судебный_система,['3015-N'],[['115790-N']]
потертость,['124669-N'],"[['119870-N', '124668-N']]"
переламывание,"['140881-N', '113453-N']","[['106631-N'], ['107410-N']]"
инвестфонд,['1558-N'],[['143178-N']]
сила_тяготение,['129509-N'],[['154620-N']]
черный_волос,['115331-N'],[['115326-N']]
железный_занавес,['126231-N'],[['140558-N']]
работа_устройство,['148760-N'],[['106503-N']]
возница,['123752-N'],[['150555-N']]
фея,['112924-N'],[['110139-N']]
аньха,['128143-N'],[['128139-N']]
птицепром,['2795-N'],[['320-N']]
фигуристка,['7944-N'],[['1626-N']]
колосок,['108439-N'],[['108443-N']]
пресность,"['141414-N', '124480-N']","[['119840-N', '125205-N'], ['106768-N']]"
внебиржевой_торговля,['148941-N'],[['7070-N']]
городок,"['242-N', '142582-N', '109524-N']","[['123680-N', '145516-N'], ['106621-N'], ['8594-N']]"
побудка,['114460-N'],"[['106665-N', '106817-N']]"
лом,"['3566-N', '107131-N']","[['3926-N', '5932-N'], ['106509-N', '106554-N']]"
кинопостановка,['142511-N'],[['8317-N']]
трагикомичность,['121367-N'],"[['118307-N', '106775-N']]"
умм-каср,['140733-N'],"[['207-N', '140731-N']]"
покупательница,['4885-N'],"[['2622-N', '138167-N', '144563-N']]"
порка_сердце,['7956-N'],[['7390-N']]
ядро_атом,['8359-N'],[['107492-N']]
дорожно-строительный_техника,['5547-N'],"[['132301-N', '147631-N']]"
дисквалификация_руководитель,['137991-N'],"[['2130-N', '143923-N']]"
аймар,"['103509-N', '148198-N']","[['100046-N'], ['148196-N']]"
машина,"['106555-N', '154-N']","[['106553-N'], ['4029-N']]"
бронза,"['3773-N', '125459-N', '149570-N']","[['132877-N'], ['109482-N', '109493-N'], ['86-N']]"
эпицентр,"['135170-N', '136908-N']","[['128786-N'], ['106451-N', '106488-N', '135170-N']]"
архитектурный_свод,['120386-N'],[['119980-N']]
цветение_вода,['131627-N'],[['114087-N']]
город_в_кемеровский_область,['136778-N'],[['134530-N']]
втыкание,['114805-N'],[['111189-N']]
норвежский_язык,['148117-N'],[['146075-N']]
цитадель,"['124420-N', '139797-N']","[['124419-N'], ['139796-N']]"
южноамериканский_животное,['128764-N'],[['144174-N']]
равнинный_лыжа,['151961-N'],[['5814-N']]
омерзительность,"['112903-N', '118920-N']","[['111133-N'], ['116683-N']]"
горнорабочий,['110389-N'],"[['3723-N', '110125-N']]"
интернет,['9405-N'],[['1585-N']]
экстремальный_отдых,['152298-N'],"[['134047-N', '152303-N']]"
хозяйственный_развитие,['136658-N'],[['145399-N']]
пикировка,['127538-N'],"[['106781-N', '127537-N']]"
гольфистка,['126953-N'],"[['1626-N', '110092-N']]"
место_на_галерка,['151761-N'],[['148977-N']]
точка_орбита,['148968-N'],[['120377-N']]
участливость,['115391-N'],[['115440-N']]
турбина_газовый,['132432-N'],[['13-N']]
лучевой_травма,['4277-N'],[['616-N']]
изощрение,['137152-N'],[['118698-N']]
мясник,['124436-N'],"[['5406-N', '146396-N']]"
раздача,['114120-N'],[['118698-N']]
раскусывание,['113619-N'],[['107410-N']]
иерархия,"['139307-N', '141173-N', '137128-N']","[['137128-N'], ['137128-N'], ['115790-N']]"
вердикт,"['148486-N', '7751-N']","[['107488-N'], ['3377-N']]"
специальный_эффект,['138549-N'],"[['106828-N', '112046-N']]"
интернет-провайдер,['121976-N'],[['121977-N']]
сомнительность,['119348-N'],[['120142-N']]
стратег,['135216-N'],[['115128-N']]
йодирование,['131853-N'],"[['4046-N', '147304-N']]"
действовать_армия,['3715-N'],[['789-N']]
эскалатор,['195-N'],[['113117-N']]
пожертвование,"['116546-N', '3693-N']","[['118698-N', '144578-N'], ['141293-N']]"
какофония,['116958-N'],"[['110027-N', '145012-N']]"
ксерокс,"['126759-N', '10130-N']","[['144286-N'], ['10128-N']]"
канарский_остров,['104192-N'],[['134508-N']]
правый_полушарие,['147414-N'],[['147413-N']]
голова_домашний_скот,['4881-N'],"[['2704-N', '154104-N']]"
питомник_растение,['138248-N'],[['4337-N']]
житель_курган,['143909-N'],[['4773-N']]
сыщик,['129475-N'],"[['136183-N', '138467-N']]"
исполнитель_преступление,['149700-N'],[['2523-N']]
улучшение,"['106630-N', '106632-N']","[['106629-N'], ['106631-N']]"
хронометраж,['114490-N'],[['9346-N']]
дубовка,['100630-N'],[['136768-N']]
регулятор,"['128296-N', '149471-N', '145689-N']","[['106555-N', '107496-N', '146800-N'], ['117042-N'], ['137418-N']]"
кяхта,['100504-N'],[['242-N']]
уральский_федеральный_округ,['134309-N'],[['134148-N']]
отгораживание,"['140709-N', '112240-N']","[['123736-N'], ['107417-N']]"
лопание,['117377-N'],"[['115539-N', '116440-N', '118380-N']]"
химчистка,['4479-N'],"[['1250-N', '1251-N']]"
кузов,"['126573-N', '126572-N']","[['107072-N'], ['107038-N', '107053-N', '152705-N']]"
медицинский_пластырь,['10079-N'],"[['1068-N', '6514-N']]"
сучок,"['143259-N', '116483-N']","[['107499-N'], ['115541-N']]"
фиксирование,"['112091-N', '152808-N']","[['111944-N'], ['118698-N']]"
цирк_вершина,['150118-N'],[['107303-N']]
ильичевск,"['105779-N', '106023-N']","[['242-N'], ['242-N']]"
кама,['101157-N'],"[['100022-N', '100079-N']]"
дыра_на_ткань,['109388-N'],[['107088-N']]
штукатур,['8724-N'],[['133586-N']]
оружейный_мастер,['127300-N'],[['111238-N']]
свиблово,['101923-N'],[['101897-N']]
региональный_бюджет,['145112-N'],[['3760-N']]
безналичный_платежный_средство,['9814-N'],[['566-N']]
делимитация_граница,['8246-N'],[['120254-N']]
путепровод,['4263-N'],[['4160-N']]
собака_порода_овчарка,['107746-N'],"[['5906-N', '143352-N']]"
дуб,"['5442-N', '146593-N']","[['3364-N'], ['141925-N']]"
кельт,['126431-N'],[['125949-N']]
удовлетворительность,['119979-N'],[['124250-N']]
клапан_карман,['126442-N'],"[['116800-N', '133133-N']]"
бред_полный,['125133-N'],[['124894-N']]
контрразведчик,['8454-N'],[['8455-N']]
санный_спорт,['8991-N'],[['152014-N']]
глухарь,['8956-N'],[['143552-N']]
определение_местонахождение,['112514-N'],[['106710-N']]
подзатыльник,['126267-N'],[['107404-N']]
наемный_сотрудник,['6605-N'],[['2550-N']]
дед,"['5320-N', '116949-N']","[['132896-N'], ['2616-N', '153536-N']]"
привратник,['114531-N'],[['7228-N']]
жаркое,['109116-N'],"[['108097-N', '121963-N']]"
государственный_дума_федеральный_собрание_российский_федерация,['3350-N'],"[['6229-N', '131449-N']]"
буковин,['142917-N'],[['100077-N']]
можжевельник,['108215-N'],"[['2524-N', '6104-N', '121680-N']]"
одинцово,['102067-N'],[['136788-N']]
с_глянец,['124862-N'],[['151360-N']]
область,"['100076-N', '106562-N', '2640-N']","[['7166-N'], ['106501-N'], ['2637-N']]"
винницкий_область,['100531-N'],[['100054-N']]
анестезиология,['5961-N'],[['1047-N']]
прыжок_с_парашют,['110992-N'],"[['107445-N', '110948-N']]"
спичка,['123366-N'],"[['2512-N', '107709-N']]"
бдительность,['118659-N'],[['119863-N']]
в_вода_опустить,['118308-N'],"[['106564-N', '118307-N']]"
полупрозрачность,['151821-N'],[['115761-N']]
плотский_любовь,['7340-N'],"[['6854-N', '129738-N', '152520-N']]"
кремль,"['292-N', '141180-N', '148316-N']","[['148316-N'], ['444-N'], ['1430-N', '124420-N']]"
баланс_компания,['141640-N'],[['1842-N']]
как_чертик_из_табакерка,['124600-N'],"[['111045-N', '111329-N']]"
контрабасист,['138133-N'],[['6499-N']]
охранение,"['115919-N', '106597-N']","[['790-N', '151553-N'], ['106473-N']]"
орск,['102327-N'],[['136806-N']]
февраль,['106744-N'],[['139147-N']]
очаково,['101911-N'],[['101897-N']]
братский_могила,['6188-N'],[['3422-N']]
аниматор,"['127027-N', '126261-N']","[['113185-N'], ['8296-N', '106689-N']]"
огрубелость,"['127189-N', '125977-N']","[['119764-N', '149851-N'], ['127126-N']]"
детективный_и_охранный_услуга,['149109-N'],[['7064-N']]
вулканология,['8969-N'],"[['42-N', '269-N']]"
социально-культурный_отрасль,['139975-N'],[['132386-N']]
студенческий_праздник,['135230-N'],[['619-N']]
океан,"['114474-N', '246-N']","[['107160-N'], ['2412-N']]"
пхукет,['104758-N'],[['207-N']]
наркопроизводство,['123967-N'],[['4535-N']]
параноидальный_психоз,['110468-N'],[['110392-N']]
петрушка,"['9898-N', '124711-N']","[['124049-N'], ['9642-N']]"
булавка,['110798-N'],[['106553-N']]
этап_соревнование,['148914-N'],[['123362-N']]
город_азербайджан,['137810-N'],[['242-N']]
рынок_производный_финансовый_инструмент,['149607-N'],[['7070-N']]
пресс-конференция,['7251-N'],[['106782-N']]
задраивание,['126181-N'],[['111572-N']]
пончик,['110368-N'],[['108472-N']]
долг_государство,['1750-N'],[['3165-N']]
свыкание,['114321-N'],[['106676-N']]
землеройный_оборудование,['112197-N'],"[['5547-N', '7309-N']]"
выздоравливание,['125806-N'],[['117855-N']]
распускание,"['142402-N', '115445-N', '115161-N']","[['116471-N', '128639-N'], ['106531-N', '117915-N'], ['120955-N']]"
резиновый_обувь,['131277-N'],[['1255-N']]
грузовой_автотранспорт,['3127-N'],[['155-N']]
дозатор,['130885-N'],[['106555-N']]
ящик_из_картон,['124660-N'],"[['6194-N', '107053-N']]"
республика_гамбия,['103666-N'],[['2062-N']]
разбрызгивание,['121041-N'],"[['112003-N', '121042-N']]"
папаха,['8752-N'],[['8114-N']]
тромбоцит,['133008-N'],[['133007-N']]
заморский_владение,['140965-N'],[['694-N']]
засыпка,"['111657-N', '116169-N', '112355-N']","[['106698-N', '106938-N', '107692-N'], ['107325-N'], ['110751-N']]"
бристоль,['103589-N'],[['207-N']]
показатель_производительность,['141097-N'],[['107583-N']]
научный_литература,['25-N'],[['1579-N']]
стронций,['5332-N'],"[['2868-N', '3835-N']]"
пустоголовость,['134277-N'],"[['115480-N', '118466-N']]"
свалка,"['138301-N', '4560-N']","[['121086-N'], ['129957-N', '147395-N']]"
культ,"['118494-N', '1124-N']","[['113462-N', '150230-N', '120955-N'], ['120086-N']]"
внешний_заимствование,['2365-N'],"[['833-N', '3720-N']]"
кашалот,['111158-N'],[['5062-N']]
мантия_земля,['120245-N'],[['135188-N']]
романист,['110901-N'],[['111814-N']]
обнищание,"['120023-N', '127305-N']","[['118394-N'], ['106633-N', '106637-N']]"
население_город,['4773-N'],"[['369-N', '589-N']]"
онемение,"['132930-N', '130825-N']","[['149602-N'], ['116388-N']]"
урна,"['135469-N', '137779-N', '8076-N']","[['10216-N'], ['107039-N'], ['107051-N']]"
как_кость_в_горло,['114934-N'],[['110474-N']]
обновление,"['124833-N', '119170-N']","[['106631-N', '106632-N'], ['106682-N']]"
приписочок,['134041-N'],"[['2966-N', '130864-N']]"
аудиторский_учреждение,['3970-N'],"[['115053-N', '149165-N']]"
дубль,"['152819-N', '130976-N', '126116-N']","[['1626-N', '110092-N'], ['129584-N'], ['111641-N', '132253-N']]"
оборудование_для_предприятие_торговля,['132488-N'],[['1320-N']]
шлейф_платье,['139585-N'],[['113762-N']]
пышность,"['140514-N', '123473-N', '119330-N']","[['140513-N'], ['119174-N', '119175-N', '119539-N'], ['117599-N', '125556-N']]"
телерадио,['1374-N'],"[['113973-N', '144131-N']]"
полова_контакт,['7341-N'],[['118698-N']]
стратегический_оборона,['128045-N'],[['126958-N']]
подкатка,['117287-N'],[['111594-N']]
оборонзаказ,['8331-N'],[['6582-N']]
интерес_к_новый_знание,['106949-N'],"[['114392-N', '118371-N']]"
изготовление_обувь,['139901-N'],[['110801-N']]
сулеймания,['103986-N'],[['140731-N']]
пикирование,['116183-N'],"[['111719-N', '115151-N']]"
агуаскальентес,['105212-N'],[['153062-N']]
петрозаводск,['101208-N'],[['123687-N']]
библиотечный_обслуживание,['5848-N'],"[['5849-N', '106529-N']]"
нарушение_верность,['117315-N'],[['106665-N']]
мыльница,"['143330-N', '139240-N']","[['117407-N'], ['107924-N']]"
долевой_собственность,['4071-N'],[['7670-N']]
наблюдение,"['106916-N', '118780-N', '106686-N']","[['106903-N'], ['3513-N'], ['106709-N']]"
кислородно-конвертерный_сталь,['131283-N'],[['65-N']]
северный_осетия_алания,['102647-N'],[['100028-N']]
аккредитация,['124962-N'],"[['106868-N', '106884-N']]"
бурый_медведь,['128759-N'],[['8891-N']]
гениальность,"['125866-N', '155115-N']","[['106767-N', '132928-N'], ['138615-N']]"
орган_госсанэпиднадзор,['6199-N'],[['6324-N']]
неуемность,"['118611-N', '119806-N']","[['125232-N', '150306-N'], ['119397-N', '120444-N']]"
лицо_мужской_пол,['2453-N'],[['2149-N']]
бомбовоз,['7378-N'],[['112160-N']]
неделя,"['146909-N', '106733-N']","[['154391-N'], ['106723-N']]"
предмет_залог,['1741-N'],[['106554-N']]
бизнес-образование,['143682-N'],"[['1610-N', '142200-N']]"
мерка,"['139813-N', '132586-N']","[['106717-N'], ['106488-N']]"
пицунда,['103147-N'],"[['100083-N', '152432-N', '152435-N']]"
обструкция,['115266-N'],"[['106881-N', '115265-N']]"
административный_наказание,['2130-N'],[['1847-N']]
ссылка_преступник,['120460-N'],"[['131723-N', '135012-N', '137167-N']]"
вырабатывание,['106495-N'],[['106493-N']]
авеню,['109193-N'],[['109194-N']]
канцелярский_скрепка,['107706-N'],"[['4832-N', '107705-N']]"
танцевальный_фольклор,['8082-N'],"[['1448-N', '108179-N']]"
домашний_очаг,['130946-N'],[['478-N']]
авиационный_чартерный_перевозка,['140237-N'],"[['198-N', '4051-N']]"
пляжный_волейбол,['136017-N'],[['5650-N']]
татта,['100204-N'],"[['100022-N', '100079-N']]"
биробиджан,['100931-N'],[['8247-N']]
технический_тестирование,['115464-N'],"[['116120-N', '146896-N']]"
чирканье,['118549-N'],[['111865-N']]
сенегал,"['104685-N', '130117-N']","[['2062-N'], ['132681-N']]"
почтовый_посылка,['4599-N'],"[['1713-N', '121379-N']]"
платежеспособность,['2782-N'],[['7072-N']]
недооцененность,['142400-N'],"[['115032-N', '131407-N', '132922-N']]"
свойство_проводимость,['128358-N'],[['133391-N']]
река_куда,['100271-N'],"[['100022-N', '100079-N']]"
семит,['134850-N'],[['106131-N']]
хваление,['107125-N'],[['106878-N']]
привал,['113562-N'],[['142147-N']]
курортный_город,['5904-N'],"[['242-N', '1057-N']]"
газовый_заправка,['3732-N'],[['3733-N']]
спиртосодержание,['152906-N'],[['149975-N']]
компьютерный_телекоммуникация,['7501-N'],[['1015-N']]
химический_агент,['147758-N'],"[['108760-N', '147757-N']]"
проигрыш,"['145838-N', '115115-N']","[['566-N', '106486-N'], ['107381-N']]"
фрахтователь,['5824-N'],[['256-N']]
шнурок,['116415-N'],[['116413-N']]
злость,['106656-N'],[['106651-N']]
расползание,['115439-N'],[['111045-N']]
административно-территориальный_район,['2051-N'],"[['2052-N', '123680-N']]"
тобол,['102896-N'],"[['100022-N', '100079-N']]"
элегия,"['108749-N', '108748-N']","[['4235-N'], ['108631-N']]"
семечко,['346-N'],[['133213-N']]
перекрещение,"['121221-N', '145786-N']","[['135044-N'], ['106884-N']]"
акробатика,"['124977-N', '126942-N']","[['4911-N', '5648-N', '126942-N'], ['126894-N']]"
керамзит,['9523-N'],[['4357-N']]
оспина,['114179-N'],"[['114180-N', '150699-N']]"
откусывание,['132766-N'],"[['107417-N', '114805-N']]"
институт_государственный_власть,['3706-N'],[['143969-N']]
радиолокационный_обнаружение,['153320-N'],"[['126902-N', '128542-N']]"
кусково,['101909-N'],[['101897-N']]
жительница_сочи,['142944-N'],[['4773-N']]
накладывание,['111427-N'],"[['107325-N', '106698-N']]"
программирование,['5265-N'],[['106493-N']]
олекминск,['103259-N'],[['242-N']]
дегунино,['101917-N'],[['101897-N']]
защита_почва,['4168-N'],[['4167-N']]
школьный_аттестат,['120421-N'],[['6420-N']]
кубок_мир,['9374-N'],[['140786-N']]
холодный_кушанье,['108535-N'],[['107778-N']]
взятие_ворота,['121049-N'],"[['121048-N', '126070-N']]"
пилка,"['107414-N', '137962-N', '110634-N']","[['107412-N'], ['106553-N'], ['107415-N']]"
мальтиец,['105386-N'],"[['105336-N', '132681-N', '139862-N']]"
борона,['5453-N'],[['5120-N']]
краснуха,['109439-N'],"[['2046-N', '10055-N']]"
роман_на_работа,['148872-N'],[['107675-N']]
российский_триколор,['8458-N'],"[['84-N', '154771-N', '135644-N']]"
братск,['101035-N'],[['134529-N']]
вооруженный_мятеж,['4281-N'],[['123913-N']]
реакционер,['127021-N'],[['127024-N']]
неотвязность,['119295-N'],[['119294-N']]
водяной_знак,['9614-N'],[['151287-N']]
религиозный_учение,['135607-N'],[['121514-N']]
принятие,"['134035-N', '146793-N', '124852-N']","[['106878-N', '112017-N'], ['118698-N'], ['116303-N']]"
удобность,"['119746-N', '135463-N']","[['111216-N', '114651-N'], ['119452-N']]"
исландский_сага,['107691-N'],[['107659-N']]
бельевой_трикотаж,['132388-N'],"[['8351-N', '108555-N']]"
артемовск_в_луганский_область,['105975-N'],[['242-N']]
донорский_сыворотка,['144789-N'],[['146130-N']]
свинцовость,['114822-N'],[['109487-N']]
перескок,['114579-N'],"[['114578-N', '144457-N']]"
родственница,['132893-N'],"[['756-N', '3231-N']]"
лежание,"['115155-N', '116270-N']","[['115786-N'], ['115786-N']]"
городской_парк,['146891-N'],[['144913-N']]
чаша,['151279-N'],[['107039-N']]
хлопанье,"['115043-N', '115041-N', '115036-N']","[['106878-N', '115039-N'], ['107093-N'], ['107404-N']]"
едкость,"['118789-N', '150736-N']","[['118790-N'], ['133391-N']]"
праздный_шатание,['154142-N'],"[['114073-N', '107470-N']]"
ус_животное,['145601-N'],[['145602-N']]
лешак,['111310-N'],[['132600-N']]
род-айленд,['106357-N'],[['100029-N']]
синдикат,['7289-N'],[['7285-N']]
бомбардир,"['124357-N', '125382-N']","[['113399-N'], ['114527-N']]"
переубеждение,['115912-N'],[['120095-N']]
результат_при_голосование,['121636-N'],[['106482-N']]
город_владимир,['100577-N'],"[['100066-N', '136764-N']]"
усик_растение,['142926-N'],"[['108067-N', '108669-N', '133213-N']]"
мирный_процесс,['7400-N'],"[['1701-N', '124388-N']]"
шаган,['101066-N'],"[['100022-N', '100079-N']]"
жизненный_тонус,['129287-N'],[['106564-N']]
отсыпание,['152588-N'],"[['113386-N', '116051-N']]"
бритвенный_станок,['144601-N'],"[['9651-N', '112812-N']]"
запугивание,['116121-N'],"[['116478-N', '127111-N']]"
самоа,['104508-N'],[['6943-N']]
отдел_экспедиция,['142848-N'],[['114757-N']]
сборочный_операция,['4919-N'],"[['467-N', '112095-N']]"
лодка,"['5030-N', '208-N']","[['5028-N'], ['146000-N']]"
эфес,['109675-N'],[['113344-N']]
коксование,['3345-N'],[['141928-N']]
наполнение,"['115583-N', '110751-N']","[['106629-N'], ['106631-N']]"
тесный_содружество,['111491-N'],[['111469-N']]
звучание,"['115116-N', '107093-N']","[['106477-N'], ['114103-N']]"
устрашение,['116478-N'],"[['129715-N', '110474-N']]"
мешок_спальный,['126883-N'],[['138657-N']]
сдатчик,"['9629-N', '129067-N']","[['4646-N'], ['2149-N']]"
главврач,['136343-N'],"[['1045-N', '7238-N', '7239-N']]"
архиепископ,['7802-N'],[['7801-N']]
нахичеванский_автономный_республика,['105586-N'],[['1541-N']]
посещение,['107305-N'],[['106504-N']]
кривизна,['119338-N'],[['137927-N']]
джизак,['100826-N'],[['8247-N']]
канавка,['116870-N'],[['107425-N']]
разморозка,['128657-N'],"[['108948-N', '119450-N']]"
посылание,"['115575-N', '107008-N']","[['112548-N', '119751-N'], ['119751-N']]"
чиуауа,['151331-N'],[['153062-N']]
благоприятность,['119148-N'],[['111216-N']]
дюна,['108888-N'],[['107563-N']]
габарит,['106843-N'],[['106717-N']]
любовь,"['115711-N', '106652-N', '112995-N']","[['116519-N'], ['106651-N', '115711-N'], ['106476-N']]"
многонациональность,['148249-N'],[['148247-N']]
живой_музыка,['152291-N'],"[['1443-N', '4235-N']]"
лямин,['102264-N'],"[['100022-N', '100079-N']]"
иносказательный_высказывание,['124979-N'],[['107521-N']]
прорубка,"['112747-N', '134200-N']","[['112429-N'], ['129756-N']]"
почтовый_корреспонденция,['1713-N'],[['106554-N']]
налим,['7397-N'],[['9746-N']]
рассылка,"['123560-N', '151627-N']","[['107008-N', '115575-N'], ['107008-N']]"
агентство_по_возврат_долг,['149432-N'],[['106666-N']]
сияние_свет,['107238-N'],[['107237-N']]
драматизация_ситуация,['130958-N'],[['116115-N']]
кондом,['126870-N'],"[['5242-N', '7859-N']]"
ламинария,['110965-N'],[['9652-N']]
с_блеск,['120465-N'],[['120464-N']]
бесшумность,['115894-N'],"[['114377-N', '114562-N']]"
кардиохирургический_помощь,['8606-N'],"[['1064-N', '5804-N']]"
курилы,['101515-N'],[['134723-N']]
бельмо,['115335-N'],"[['107573-N', '124150-N']]"
старинный_судно,['108860-N'],[['209-N']]
горностай,"['5658-N', '149970-N']","[['4593-N', '125282-N'], ['109561-N']]"
камлание,['133651-N'],[['1124-N']]
жареный_блюдо,['121963-N'],[['107778-N']]
внутренний_состояние,['106563-N'],[['106446-N']]
бросание,"['111022-N', '116481-N', '117147-N']","[['106938-N'], ['116035-N'], ['114590-N']]"
завещательный_распоряжение,['3988-N'],[['2428-N']]
агрокомплекс,['318-N'],[['133163-N']]
муляж,['127033-N'],"[['106526-N', '121032-N']]"
страхование_физический_лицо,['2482-N'],[['1993-N']]
аллея,['109310-N'],[['109215-N']]
расшивание,['124543-N'],"[['109444-N', '112763-N']]"
брешь,"['132068-N', '118701-N', '123535-N']","[['106499-N', '138237-N'], ['107551-N', '112428-N'], ['107498-N']]"
поза_тело,['151725-N'],[['106452-N']]
татьянина_день,['135231-N'],[['135230-N']]
майонез,['107909-N'],"[['6045-N', '146209-N']]"
саратов,['102587-N'],"[['100066-N', '136899-N']]"
королева_красота,['148530-N'],[['126541-N']]
снабжение_горячий_вода,['3722-N'],"[['483-N', '489-N', '5077-N']]"
терьер,['108524-N'],[['7678-N']]
сфера_массовый_коммуникация,['7004-N'],[['7001-N']]
голубь,['8955-N'],[['963-N']]
расширить_часть,['131992-N'],[['106509-N']]
раскат,"['118692-N', '113476-N']","[['118691-N'], ['107357-N', '108096-N']]"
упряжка_цуг,['129514-N'],[['125679-N']]
дознание,['2757-N'],[['151354-N']]
предзнаменование,['116196-N'],[['116197-N']]
обладатель,['133003-N'],[['138167-N']]
ветхость,['129760-N'],"[['118079-N', '133391-N']]"
учебный_семестр,['8237-N'],[['8236-N']]
глава_семья,['138118-N'],[['6907-N']]
гололед,['9615-N'],"[['6147-N', '107193-N']]"
вермишель,['109097-N'],[['109096-N']]
столкновение_с_трудность,['147428-N'],[['142141-N']]
антология,['114053-N'],[['114052-N']]
несение_наряд,['132833-N'],[['121096-N']]
винница,['100532-N'],[['8247-N']]
козленок,['111295-N'],"[['107807-N', '111292-N']]"
госпомощь,['10059-N'],[['106472-N']]
перекал,['116146-N'],[['127484-N']]
городской_народный_суд,['9254-N'],[['145115-N']]
больший_часть,['145806-N'],[['106509-N']]
устье,"['109459-N', '107333-N']","[['106451-N'], ['107087-N']]"
портленд,['138886-N'],[['247-N']]
дуплет,"['130980-N', '130979-N']","[['152943-N'], ['2465-N']]"
зеленоград,['138226-N'],[['100053-N']]
телевизионный_критика,['142908-N'],[['4683-N']]
долечивание,['1061-N'],"[['1062-N', '106631-N', '129710-N']]"
склад,"['106923-N', '151248-N', '1248-N']","[['137395-N'], ['107160-N'], ['106625-N']]"
солнечный_затмение,['147406-N'],[['131609-N']]
коллективный_инвестор,['149562-N'],[['1743-N']]
тариф_на_перевозка,['8203-N'],[['145375-N']]
рядовой_состав,['926-N'],[['792-N']]
кипячение,['108942-N'],[['108948-N']]
сохранение_без_изменение,['119028-N'],[['106563-N']]
лосино-петровский_московский_область,['105725-N'],[['136788-N']]
игра_в_карта,['109391-N'],"[['8058-N', '109383-N']]"
отъезд,['139726-N'],"[['111045-N', '130447-N']]"
физически_существующий_объект,['147133-N'],[['147134-N']]
фамильный_имя,['2540-N'],[['107539-N']]
алый_цвет,['109600-N'],[['109437-N']]
космический_стыковка,['129898-N'],[['111652-N']]
адыгейский_ао,['100126-N'],[['100028-N']]
родственник_по_линия_жена,['141020-N'],[['3231-N']]
область_россия,['2640-N'],[['2637-N']]
золотой_запас,['3656-N'],"[['267-N', '7655-N']]"
плагиат,['129441-N'],[['5893-N']]
возрастание,['106641-N'],[['106639-N']]
по_адрес,['115646-N'],[['112114-N']]
сказание,['107659-N'],"[['1448-N', '107658-N']]"
оросительный_сеть,['3080-N'],[['2525-N']]
мыльный_пузырь,['150697-N'],[['120048-N']]
неудовлетворительность,['111133-N'],[['120142-N']]
друг_женщина,['126110-N'],"[['756-N', '113338-N']]"
постоянный_место_жительство,['6919-N'],[['585-N']]
земля_водный_фонд,['133205-N'],[['110-N']]
индийский_рупия,['103898-N'],[['1338-N']]
вывод_информация,['153266-N'],[['106457-N']]
образец,"['106893-N', '140712-N', '106892-N']","[['106645-N'], ['129584-N'], ['106846-N']]"
барьер,"['106703-N', '141446-N', '114025-N']","[['138237-N'], ['107167-N'], ['106703-N']]"
киото,['105075-N'],[['242-N']]
след_движение,['146467-N'],[['111377-N']]
поза_йог,['135859-N'],[['151725-N']]
сигнальный_оружие,['152077-N'],[['112394-N']]
о-в,"['6943-N', '3465-N']","[['7166-N', '106611-N'], ['7166-N', '107135-N']]"
национально-культурный_автономия,['1541-N'],[['2052-N']]
адажио,"['108266-N', '109308-N']","[['4235-N'], ['109307-N']]"
рассылка,"['123560-N', '151627-N']","[['107008-N', '115575-N'], ['107008-N']]"
хозяйственный_взаимоотношение,['2835-N'],[['140007-N']]
доблесть,['130861-N'],"[['113857-N', '118883-N']]"
плеер,['141930-N'],[['6994-N']]
текущий_операция,['144108-N'],[['1317-N']]
диверсионно-террористический_акция,['151911-N'],[['151440-N']]
бронирование,"['117399-N', '125462-N']","[['107325-N'], ['116979-N', '125460-N']]"
шнур,"['125404-N', '116413-N', '116414-N']","[['140502-N', '141892-N'], ['143489-N'], ['113623-N']]"
кормление_грудь,['8901-N'],[['145895-N']]
авантюрный_произведение,['148237-N'],[['107662-N']]
комбайнерша,['4837-N'],"[['4836-N', '147697-N']]"
электромонтажный_работа,['143822-N'],[['547-N']]
ряженка,['9314-N'],[['5718-N']]
должностной_функция,['6600-N'],[['137247-N']]
клязьма,['102308-N'],[['136790-N']]
снабженческо_сбытовый_фирма,['6335-N'],[['2301-N']]
ставка_по_кредит,['1957-N'],[['6236-N']]
отель,['752-N'],[['142305-N']]
александрия,"['103852-N', '104651-N', '101347-N']","[['207-N'], ['242-N'], ['242-N']]"
группа_человек,['106627-N'],"[['138167-N', '138999-N']]"
производитель_контрафактный_продукция,['141692-N'],"[['648-N', '146193-N']]"
масложировой_производство,"['146268-N', '146313-N']","[['367-N'], ['142734-N']]"
ватерлиния,['117431-N'],[['153514-N']]
опрыскиватель,['144689-N'],[['106555-N']]
убойный_пункт,['4944-N'],[['3913-N']]
тромбоцит,['133008-N'],[['133007-N']]
заложение_фундамент,['152683-N'],[['546-N']]
вожатый,['125681-N'],[['4977-N']]
звукоряд,['116812-N'],[['106583-N']]
родинка,['134589-N'],"[['149959-N', '152920-N']]"
обучение_на_производство,['3077-N'],[['1613-N']]
генотип,['142924-N'],"[['136317-N', '142922-N']]"
обобщение_дать,['148681-N'],"[['112077-N', '124899-N']]"
приставка,"['110612-N', '137931-N']","[['124077-N'], ['106555-N']]"
в_рамка_акция,['124971-N'],"[['106504-N', '106711-N']]"
неразборчивый_речь,['148428-N'],"[['107094-N', '123928-N']]"
перманентность,['119120-N'],[['118598-N']]
редкий_вид_растение_и_животное,['133799-N'],"[['106579-N', '127597-N']]"
запаздывание,['115140-N'],"[['111329-N', '148400-N']]"
закрашивание,['115716-N'],[['111457-N']]
эскадра,['8498-N'],"[['789-N', '790-N']]"
фонд,"['106591-N', '8144-N', '122089-N']","[['2260-N'], ['1269-N'], ['106487-N']]"
черный_ящик,['136135-N'],"[['142138-N', '143441-N']]"
отрасль_экономика,['2043-N'],"[['106562-N', '148884-N']]"
джизакский_область,['100825-N'],[['100057-N']]
делимитация_граница,['8246-N'],[['120254-N']]
опаловый_цвет,['110326-N'],"[['109477-N', '119917-N']]"
списание_затрата,['135157-N'],"[['118736-N', '126241-N']]"
тур_голосование,['121673-N'],[['123362-N']]
изъятие,"['110909-N', '138080-N']","[['106631-N', '106638-N'], ['152490-N']]"
практичность,"['118471-N', '124552-N']","[['117866-N'], ['119280-N', '119746-N']]"
сулавеси,"['103967-N', '105172-N']","[['133643-N'], ['241-N']]"
за_скобка,['123920-N'],[['134873-N']]
охотничий_ферма,['4082-N'],[['525-N']]
трудовой_мигрант,['6535-N'],"[['2550-N', '2789-N']]"
панк,['138532-N'],[['2862-N']]
называние,"['117793-N', '116042-N']","[['107094-N'], ['111944-N']]"
поп-культура,['143596-N'],[['3591-N']]
электротяга,['190-N'],[['51-N']]
лжец,['111320-N'],[['111212-N']]
продавливание,"['118361-N', '141610-N']","[['111050-N', '116661-N'], ['106701-N']]"
плато,['9568-N'],"[['7049-N', '100109-N', '100108-N']]"
видеорегистратор,['153564-N'],"[['4603-N', '142138-N']]"
подводник,"['125666-N', '125667-N']","[['2550-N'], ['8596-N']]"
слово_признание,['151250-N'],[['107257-N']]
ветошка,['129759-N'],[['129327-N']]
разряд_квалификация,['113195-N'],[['106761-N']]
профессиональный_переобучение,['144533-N'],[['1487-N']]
супергигант,['151990-N'],[['2350-N']]
тряпка,"['125723-N', '129327-N', '151529-N']","[['130961-N', '150507-N'], ['129325-N'], ['129327-N']]"
янтарь,['2797-N'],"[['3417-N', '108551-N']]"
роль,"['125002-N', '106613-N', '106789-N']","[['110555-N'], [], ['106788-N']]"
таймур,['102199-N'],"[['100022-N', '100079-N']]"
стресс-тестирование,['150309-N'],[['116120-N']]
ворчание,"['114745-N', '113841-N']","[['107093-N'], ['108868-N']]"
крупинка,"['146928-N', '112418-N', '112420-N']","[['110735-N'], ['106515-N'], ['112421-N']]"
браунинг,['109277-N'],[['2783-N']]
самоотвод,['128994-N'],"[['127161-N', '147043-N']]"
стендовый_испытание,['147237-N'],[['106690-N']]
водораздел_река,['125670-N'],"[['673-N', '107560-N']]"
ставка_при_игра,['115452-N'],[['566-N']]
рейн-вестфалий,['137901-N'],[['105118-N']]
центрально-черноземный_район,['105309-N'],[['105349-N']]
королевство_иордания,['103970-N'],"[['2062-N', '105456-N']]"
положение_раб,['127130-N'],"[['2081-N', '127129-N']]"
новозыбков,['100497-N'],[['136763-N']]
преосвященство,['131833-N'],"[['4860-N', '106606-N']]"
паяц,['135678-N'],"[['125127-N', '126525-N']]"
коллекционирование_почтовый_марк,['4792-N'],[['112092-N']]
аньха,['128143-N'],[['128139-N']]
возбудитель_туберкулез,['9697-N'],[['133405-N']]
экспортирование_дать,['9575-N'],[['5474-N']]
латвийка,['136938-N'],"[['132681-N', '134360-N']]"
банкнотоприемник,['152205-N'],[['510-N']]
экранчик,"['112129-N', '137914-N', '145849-N']","[['107313-N'], ['111092-N', '114025-N'], ['107313-N']]"
воскресенск,['102084-N'],[['136788-N']]
угонка,"['137883-N', '116787-N']","[['121020-N'], ['4131-N']]"
вице-адмирал,['5570-N'],"[['803-N', '124214-N', '140219-N']]"
анестетик,['5961-N'],[['1047-N']]
расшатывание,"['128680-N', '124141-N', '140719-N']","[['128593-N'], ['106548-N', '111493-N', '118041-N'], ['111369-N']]"
разгрузочный_день,['152672-N'],[['106734-N']]
электрон,['2996-N'],[['8356-N']]
капище,['145018-N'],[['1136-N']]
терновка,['100852-N'],[['242-N']]
дегазация,['130771-N'],"[['110908-N', '128431-N']]"
отсутствие_война,['6701-N'],"[['106723-N', '115423-N']]"
обратимость,['150750-N'],[['150752-N']]
река_подмосковье,['136790-N'],[['136791-N']]
скапливание,"['118734-N', '116549-N']","[['115786-N'], ['112077-N']]"
шнурок,['116415-N'],[['116413-N']]
четырехлетие,"['148770-N', '129523-N']","[['106731-N'], ['125912-N']]"
полукафтан,['124873-N'],[['124874-N']]
пахотный_угодье,['4334-N'],"[['984-N', '114689-N']]"
пластический_искусство,['150607-N'],[['540-N']]
глобалистский_политика,['145562-N'],[['1208-N']]
указатель,"['123593-N', '107546-N', '130757-N']","[['107519-N'], ['106989-N'], ['3648-N']]"
нагрузка,"['111768-N', '147027-N', '124578-N']","[['184-N', '110751-N'], ['129685-N', '147028-N'], ['106866-N', '124577-N']]"
горчичный_цвет,['117313-N'],"[['109482-N', '109492-N']]"
полнородный_брат,['7582-N'],"[['3230-N', '4258-N', '146923-N']]"
галерка,"['151761-N', '152734-N']","[['148977-N'], ['150232-N']]"
среднеэтажный_дом,['146448-N'],[['113333-N']]
полоний,['127347-N'],"[['2868-N', '3836-N', '145367-N']]"
лезгинка,"['109895-N', '106202-N']","[['8082-N'], ['100046-N', '106197-N']]"
озеро_маковское,['101469-N'],[['100070-N']]
кавалерист,['126102-N'],[['792-N']]
сотрясение,"['129181-N', '136528-N', '121082-N']","[['106938-N'], ['8056-N'], ['114517-N']]"
эстрадный_певица,['126791-N'],"[['120018-N', '126787-N']]"
шахматный_король,['110005-N'],[['109996-N']]
двигаться_полотно,['130743-N'],[['107496-N']]
разрядка_обстановка,['128668-N'],"[['111493-N', '117696-N']]"
двухлетие,"['125993-N', '148768-N']","[['125912-N'], ['106731-N']]"
трансфокатор,['148723-N'],[['146881-N']]
внятность,"['121337-N', '118352-N']","[['119007-N', '125663-N'], ['106775-N']]"
социальный_мониторинг,['2843-N'],[['145183-N']]
фойе,['108522-N'],[['106573-N']]
шинель,['8372-N'],"[['3135-N', '6892-N']]"
ортопедия,['8215-N'],[['1047-N']]
ментальный_процесс,['145467-N'],[['135044-N']]
фрезерный_станок,['2307-N'],[['143328-N']]
документ,['2428-N'],[['2966-N']]
экотуризм,['140408-N'],"[['1633-N', '152367-N']]"
подземный_расположение,['146048-N'],[['146412-N']]
запеченый_рулет,['128981-N'],[['107778-N']]
заразительность,['134124-N'],[['118594-N']]
крыса,"['8493-N', '126702-N']","[['5669-N'], ['152714-N']]"
бангалор,['103936-N'],[['132070-N']]
онкологический_центр,['145230-N'],"[['1037-N', '1040-N']]"
уважение,"['114217-N', '137922-N']","[['106647-N', '138596-N'], ['137386-N']]"
миниатюра,"['150622-N', '128532-N', '124527-N']","[['107677-N'], ['4908-N'], ['1446-N']]"
техносфера,['150366-N'],[['106562-N']]
отдел_социальный_защита,['133899-N'],"[['4445-N', '117041-N']]"
туркоязычный,['146084-N'],[['141038-N']]
тоскливость,"['119622-N', '114032-N']","[['116683-N'], ['106661-N']]"
органист,['111084-N'],[['6499-N']]
бездельница,['111352-N'],[['111351-N']]
героический_поступок,['108241-N'],[['106504-N']]
обвивка,['117228-N'],[['115187-N']]
проговаривание,['107094-N'],[['106876-N']]
одноименность,['133313-N'],[['118218-N']]
обрывание,"['120431-N', '107418-N', '118227-N']","[['106531-N'], ['107417-N'], ['107417-N']]"
судебный_инстанция,['661-N'],"[['1855-N', '117462-N']]"
тир,['5096-N'],[['3537-N']]
падкость,['112996-N'],[['112995-N']]
нравственный_ориентир,['140053-N'],[['140052-N']]
светофорный_объект,['4183-N'],"[['4161-N', '138650-N']]"
секундомер,['110208-N'],"[['2498-N', '110206-N']]"
подрастание,"['114188-N', '106639-N']","[['106639-N', '125011-N'], ['106629-N']]"
выпускница,['126-N'],[['2196-N']]
утолщение,"['135577-N', '127045-N', '111495-N']","[['106640-N'], ['106451-N', '106509-N'], ['106639-N']]"
шмон,['4282-N'],"[['2559-N', '106901-N']]"
титан,"['3838-N', '129730-N']","[['974-N', '2868-N', '3835-N', '145367-N'], ['131683-N', '154403-N']]"
конвертерный_сталь,['131283-N'],[['65-N']]
господь,['1151-N'],"[['113701-N', '134858-N']]"
комедия,"['108614-N', '140823-N']","[['110374-N'], ['106576-N']]"
шумный_возня,['130102-N'],[['106587-N']]
взрывной_снаряд,['8104-N'],[['811-N']]
штрафник,"['153785-N', '135677-N']","[['648-N'], ['110092-N', '123618-N']]"
дед_мороз,['123568-N'],[['111309-N']]
подмосковье,['102028-N'],[['2640-N']]
мобильность,['132697-N'],[['151610-N']]
заклад,"['4292-N', '1741-N']","[['1554-N', '9267-N', '118698-N', '143076-N'], ['106554-N']]"
лугопастбищный_трава,['124008-N'],"[['347-N', '4789-N']]"
гусли,['109153-N'],"[['1450-N', '107996-N']]"
задний_двор,['146769-N'],[['120100-N']]
эластичность,"['149762-N', '133400-N']","[['2116-N'], ['119163-N', '125248-N', '133392-N']]"
доказательство,"['140753-N', '106872-N', '130890-N']","[['106872-N'], ['106871-N'], ['106869-N', '106467-N', '106701-N', '145467-N']]"
сестренка,"['4259-N', '144705-N']","[['132893-N'], ['140716-N']]"
подначка,['128641-N'],"[['117284-N', '118672-N', '110474-N']]"
шестиклассник,['114802-N'],[['1606-N']]
буржуазный_общество,['139953-N'],[['139949-N']]
шарж,['108640-N'],[['108321-N']]
дипломатический_акт,['149107-N'],[['118698-N']]
научный_деятельность,['20-N'],[['106562-N']]
дельфинарий,['112618-N'],[['9240-N']]
затрата_капитальный_характер,['143299-N'],"[['1815-N', '152724-N']]"
солнечный_луч,['155092-N'],[['114632-N']]
вестник,"['124381-N', '116197-N', '125582-N']","[['106579-N'], ['106613-N'], ['1345-N', '145807-N']]"
цахкадзор,['100320-N'],[['134142-N']]
морской_отлить,['127377-N'],[['141096-N']]
участковый_врач,['150122-N'],[['1066-N']]
духовный_образовательный_учреждение,['5047-N'],[['1609-N']]
ханка,['102448-N'],[['100070-N']]
артериальный_пульс,['128456-N'],[['125011-N']]
скептический_отношение,['127159-N'],[['106470-N']]
приручение,"['116520-N', '127260-N']","[['110474-N'], ['114819-N', '120136-N']]"
молниезащита,['124426-N'],"[['107233-N', '147727-N']]"
цукат,['112658-N'],[['1224-N']]
пышность,"['140514-N', '123473-N', '119330-N']","[['140513-N'], ['119174-N', '119175-N', '119539-N'], ['117599-N', '125556-N']]"
подражательность,['112044-N'],[['110447-N']]
сахарный_промышленность,['5919-N'],[['367-N']]
осаждение,"['114723-N', '146668-N']","[['111085-N', '116105-N'], ['108824-N']]"
документация,"['2428-N', '116448-N']","[['2966-N'], ['106869-N']]"
гидрометслужба,['124192-N'],[['106571-N']]
рабочий_совещание,['3269-N'],[['106782-N']]
купе_в_поезд,['126578-N'],[['106573-N']]
региональный_экономика,['145359-N'],[['49-N']]
фонарь,['7438-N'],[['128561-N']]
щенок,"['108158-N', '129174-N']","[['4454-N', '107807-N'], ['129173-N']]"
в_весь_опора,['107446-N'],[['106587-N']]
майн,['104617-N'],"[['100022-N', '100079-N']]"
риал,"['103993-N', '104523-N']","[['1338-N'], ['1338-N']]"
энтомолог,['10003-N'],[['10004-N']]
запорный_клапан,['113876-N'],"[['113875-N', '142026-N']]"
помутнение,['132722-N'],[['106629-N']]
дизайн,"['7711-N', '146601-N']","[['1453-N', '112124-N'], ['107545-N', '112043-N']]"
негритянский_раса,['122101-N'],[['9946-N']]
водосвятие,['147152-N'],[['129066-N']]
потоп,['1003-N'],"[['266-N', '3665-N']]"
выхино,['101900-N'],[['101897-N']]
философский_иррационализм,['137170-N'],[['111965-N']]
голенище,['111952-N'],[['152751-N']]
тренажер_бегов_дорожка,['151469-N'],[['140432-N']]
сольный_альбом,['148847-N'],[['146435-N']]
птицевод,['8674-N'],[['4862-N']]
музыкальный_пассаж,['117507-N'],[['110027-N']]
католичка,['4545-N'],[['4544-N']]
допускать_различный_понимание,['123796-N'],"[['119004-N', '123798-N']]"
силовой_министерство,['133955-N'],"[['1559-N', '152962-N']]"
суррей,['121770-N'],[['121752-N']]
керамзит,['9523-N'],[['4357-N']]
нейтрализация_влияние,['148339-N'],"[['111493-N', '128431-N']]"
северный_комбинация,['110852-N'],"[['5656-N', '146576-N']]"
расстраивание,['110478-N'],[['110474-N']]
выдерживание,"['118148-N', '123444-N']","[['106494-N', '118433-N'], ['110435-N', '150230-N']]"
фотохудожница,['142915-N'],"[['10024-N', '113185-N']]"
субтильность,['129234-N'],"[['118144-N', '121166-N', '129235-N']]"
кондор,['108872-N'],[['107784-N']]
предуведомление,['106707-N'],"[['106542-N', '114040-N']]"
вещмешок,['111452-N'],[['107118-N']]
репутация_компания,['137592-N'],"[['116964-N', '137566-N']]"
жилье_для_турист,['142305-N'],[['478-N']]
килобайт,['129666-N'],[['129664-N']]
котельниково,['100641-N'],[['136768-N']]
раскованность,['125283-N'],[['119340-N']]
вино_игристый,['140774-N'],[['8367-N']]
механический_упругость,['133399-N'],"[['118186-N', '133392-N']]"
фанатизм,['129444-N'],"[['118433-N', '119563-N', '127066-N']]"
пляжный_волейбол,['136017-N'],[['5650-N']]
венерический_заболевание,['108965-N'],"[['4658-N', '131263-N']]"
феодал,['121230-N'],[['2149-N']]
холодный_фронт,['152820-N'],[['129463-N']]
министерство_здравоохранение_и_социальный_развитие,['142595-N'],[['1559-N']]
оперность,['145893-N'],"[['1432-N', '7541-N']]"
гримуборный,['142492-N'],[['3537-N']]
бейсбольный_битый,['153177-N'],[['136048-N']]
биосфера,['94-N'],[['152784-N']]
натирание,"['118571-N', '111785-N', '115966-N']","[['106548-N'], ['106631-N', '106938-N', '111963-N'], ['107324-N', '115964-N']]"
результативность,['119712-N'],[['119150-N']]
мусоропровод,['3771-N'],[['3770-N']]
минога,['109903-N'],[['5060-N']]
аскорбиновый_кислота,['6184-N'],"[['2980-N', '133017-N']]"
цинк,['981-N'],"[['948-N', '2868-N']]"
бег_на_дистанция,['111201-N'],"[['7966-N', '107469-N']]"
гриф_музыкальный_инструмент,['125953-N'],[['107233-N']]
отрицательный_рентабельность,['5187-N'],[['2116-N']]
аневризма,['153474-N'],[['6129-N']]
экспозиция,"['6947-N', '137748-N']","[['154391-N'], ['106720-N']]"
ситра,"['103432-N', '103435-N']","[['242-N'], ['3465-N']]"
утяжка,['116692-N'],[['116419-N']]
радиочастотный_спектр,['1368-N'],[['141052-N']]
боровск,['101147-N'],[['136776-N']]
государственный_совет_рф,['140765-N'],"[['9964-N', '117462-N', '137657-N']]"
инсценирование,"['115899-N', '126346-N']","[['107002-N', '115900-N'], ['106674-N', '115814-N']]"
фигура_речь,['128560-N'],[['106828-N']]
марля,['5751-N'],"[['2138-N', '3432-N']]"
голеностопный_сустав,['145496-N'],[['107720-N']]
личный_охранник,['7036-N'],[['7228-N']]
беременный_женщина,['759-N'],[['132890-N']]
бронзовый_награда,['149570-N'],[['86-N']]
статистый_в_чужой_игра,['132247-N'],"[['121451-N', '126702-N', '129706-N']]"
ребрышко,['109376-N'],[['109221-N']]
река_раб,['103812-N'],"[['100022-N', '100079-N']]"
минимизация,['137451-N'],"[['106819-N', '130940-N']]"
противоположный_направление,['119689-N'],[['106586-N']]
персонаж_русский_сказка,['132600-N'],[['111309-N']]
лайк,"['111604-N', '107940-N']","[['1259-N'], ['7678-N']]"
картинг,['114740-N'],[['112599-N']]
геометрия,['30-N'],[['31-N']]
охранение,"['115919-N', '106597-N']","[['790-N', '151553-N'], ['106473-N']]"
геморрагия,['8713-N'],"[['3406-N', '115745-N']]"
лхаса,['104230-N'],[['242-N']]
колониализм,['126475-N'],[['1208-N']]
мурлыканье,"['118657-N', '114746-N']","[['110453-N'], ['114745-N']]"
личный_оружие,['6846-N'],[['784-N']]
город_в_афганистан,['134154-N'],[['242-N']]
пересылка,['115112-N'],[['107008-N']]
нерюнгри,['103257-N'],[['242-N']]
пина,['102454-N'],"[['100022-N', '100079-N']]"
илим,['100269-N'],"[['100022-N', '100079-N']]"
анализировать_проба,['106524-N'],"[['820-N', '140712-N']]"
крушение,"['118130-N', '154643-N', '140636-N']","[['111369-N', '126169-N'], ['7494-N'], ['130453-N']]"
прислушивание,"['118435-N', '137760-N', '120981-N']","[['118433-N'], ['120812-N'], ['117564-N', '119132-N']]"
жестикуляция,['118641-N'],[['106938-N']]
горбачевский_перестройка,['140470-N'],"[['7936-N', '126898-N', '137303-N']]"
звук_свисток,['138651-N'],"[['107098-N', '113111-N']]"
расклеивание,"['114959-N', '110822-N']","[['137338-N'], ['107409-N', '107418-N']]"
сыщик,['129475-N'],"[['136183-N', '138467-N']]"
летописец,['149775-N'],[['135149-N']]
производство_тростниковый_сахар,['142799-N'],"[['142743-N', '146401-N']]"
заводила,['126167-N'],"[['126163-N', '150507-N']]"
чукотско-камчатский_народ,['106215-N'],[['106131-N']]
дверной_и_оконный_петлить,['133697-N'],[['120575-N']]
трущоба,['129324-N'],[['4250-N']]
хасидизм,['137134-N'],"[['1129-N', '106286-N']]"
выискивание,['118282-N'],[['117371-N']]
хищный_птица,['107784-N'],"[['5681-N', '108441-N']]"
веселость,['114662-N'],"[['106657-N', '145845-N']]"
авиационный_диспетчер,['9243-N'],"[['3698-N', '129838-N']]"
преждевременность,['119733-N'],"[['118141-N', '137454-N']]"
напряжение,"['2101-N', '119132-N', '106970-N']","[['110871-N'], ['106714-N'], ['106446-N']]"
исправительный_колония,['3761-N'],[['2281-N']]
медиахолдинг,['144725-N'],[['848-N']]
магдебург,['103734-N'],[['137904-N']]
пластиковый_пуля,['153123-N'],[['153122-N']]
должностной_преступление,['5585-N'],[['9438-N']]
спинка,"['109289-N', '140884-N', '140553-N']","[['107729-N', '112766-N'], ['133133-N'], ['106623-N']]"
ин-так,"['114355-N', '113986-N']","[['1390-N'], ['764-N']]"
пол,"['107147-N', '8465-N', '114687-N']","[['107176-N', '120350-N'], ['123434-N'], ['113193-N']]"
исполнение_бюджет,['134034-N'],[['106494-N']]
надиктовка,['111743-N'],[['107094-N']]
гала-концерт,['138558-N'],[['112022-N']]
авиапосылка,['4599-N'],"[['1713-N', '121379-N']]"
кишлак,['120511-N'],[['4104-N']]
резиновый_сапожок,['131278-N'],"[['8211-N', '131277-N']]"
колея,"['146600-N', '111379-N']","[['145048-N'], ['107303-N', '146467-N']]"
манжета_рукав,['109454-N'],[['109455-N']]
на_минорный_нота,['126169-N'],"[['112148-N', '150230-N', '133751-N']]"
локоть,"['107721-N', '146573-N']","[['107720-N'], ['133133-N']]"
воздушный_шар,"['110928-N', '110927-N']","[['109575-N', '109620-N'], ['9479-N', '109575-N']]"
симулирование,['117176-N'],[['115900-N']]
жирность_линия,['152818-N'],[['106755-N']]
пинск,['100465-N'],[['242-N']]
трудовой_доход,['4396-N'],[['588-N']]
универсальность,['119641-N'],[['119640-N']]
контркультура,['137584-N'],[['1427-N']]
носик,"['109218-N', '109079-N', '127177-N']","[['146035-N'], ['10117-N'], ['107203-N']]"
беспощадность,"['125368-N', '117810-N']","[['110251-N'], ['117809-N']]"
корпоративность,['126521-N'],[['121512-N']]
парк_подвижный_состав,['144967-N'],[['114287-N']]
биологический_оружие,['1658-N'],[['1660-N']]
волочь,['110915-N'],[['125768-N']]
под_венец,['5697-N'],"[['5210-N', '6555-N']]"
добыча_уголь,['530-N'],"[['462-N', '3724-N']]"
химпосуда,['126803-N'],"[['107039-N', '136382-N']]"
паутина,['108600-N'],[['108599-N']]
кислородный_голодание,['144856-N'],"[['107498-N', '125011-N']]"
угловой_секунда,['137719-N'],[['129654-N']]
столица_югославия,['106374-N'],[['3208-N']]
представительство_за_рубеж,['141357-N'],"[['7020-N', '128173-N']]"
проповедница,"['113373-N', '128393-N']","[['4860-N', '128393-N'], ['107524-N', '128392-N']]"
хворост,"['115560-N', '115561-N']","[['10198-N'], ['2432-N']]"
лиственный_лес,['9704-N'],[['258-N']]
военный_концепция,['1528-N'],[['121515-N']]
вталкивание,['117213-N'],[['111189-N']]
внутренний_камера,['113890-N'],[['107511-N']]
нотный_знак,['135983-N'],[['107076-N']]
порнобизнес,['128552-N'],[['140758-N']]
подмосковный_река,['136790-N'],[['136791-N']]
электронный_кошелек,['152090-N'],"[['144132-N', '152086-N']]"
идеал,"['140904-N', '126308-N']","[['128995-N'], ['106893-N', '126307-N']]"
отчисление,"['125904-N', '144557-N', '121284-N']","[['144538-N'], ['140545-N'], ['110909-N']]"
отдых_на_море,['152440-N'],"[['152367-N', '152439-N']]"
президентский_указ,['142675-N'],"[['374-N', '6540-N']]"
река_барнаулка,['102276-N'],"[['100022-N', '100079-N']]"
погрузчик,['5052-N'],[['2318-N']]
сакраменто,"['145715-N', '138848-N']","[['100022-N'], ['207-N', '138831-N']]"
шевеление,"['117094-N', '119502-N']","[['106938-N'], ['106587-N']]"
горделивость,['125558-N'],[['119261-N']]
прудик,['5087-N'],[['5775-N']]
классический_язык,['136581-N'],[['128997-N']]
пассажирка,['176-N'],[['113128-N']]
работа_по_наем,['6604-N'],[['840-N']]
ароматный_вкус,['149917-N'],[['114776-N']]
лесной_делянка,['147906-N'],[['130499-N']]
спирт,"['2990-N', '2499-N']","[['2499-N', '142362-N'], ['3675-N']]"
натаскивание,['120943-N'],[['118370-N']]
римский_легион,['146724-N'],[['138488-N']]
предание,"['133750-N', '112463-N']","[['111611-N'], ['107659-N']]"
втыкание,['114805-N'],[['111189-N']]
недостоверность_информация,['139645-N'],"[['1880-N', '107178-N', '119348-N']]"
полиуретан,['136923-N'],[['142431-N']]
кировоградский_область,['101340-N'],[['100054-N']]
олений_упряжка,['152297-N'],[['125679-N']]
прихрамывание,['117130-N'],[['107470-N']]
озадаченность,['119393-N'],"[['118563-N', '119391-N']]"
психолог,"['4542-N', '134876-N']","[['21-N', '2550-N'], ['115128-N']]"
сунгача,['104812-N'],"[['100022-N', '100079-N']]"
колодец,"['108638-N', '4986-N']","[['3405-N', '107304-N'], ['6106-N', '107304-N']]"
дурбан,['105067-N'],[['207-N']]
долговязость,['130892-N'],"[['118144-N', '118534-N', '130893-N']]"
валка_дерево,['121307-N'],"[['3944-N', '111030-N']]"
восторженность,['123472-N'],"[['119904-N', '124438-N']]"
тюрок,['106148-N'],"[['106131-N', '106147-N']]"
леопардовый_расцветка,['145541-N'],[['124803-N']]
франкмасонство,['126677-N'],[['119563-N']]
сияние_свет,['107238-N'],[['107237-N']]
лацио,['104067-N'],[['105110-N']]
гипнотизация,['114482-N'],[['118574-N']]
благотворительница,['121084-N'],[['138167-N']]
прозвание,['107615-N'],"[['2539-N', '107539-N']]"
горячий_какао,['4838-N'],[['550-N']]
грейпфрут,"['144318-N', '144193-N']","[['126758-N'], ['5436-N']]"
киргизка,['106157-N'],"[['139862-N', '106148-N']]"
шпиономания,['142117-N'],[['115291-N']]
киль_самолет,['139840-N'],"[['107313-N', '143441-N']]"
социал-демократия,['126697-N'],[['6639-N']]
хранение_документация,['2158-N'],[['106626-N']]
крепнуть,['109059-N'],"[['2135-N', '2136-N', '2139-N']]"
контрразведчик,['8454-N'],[['8455-N']]
строгость,"['118817-N', '118936-N', '118907-N']","[['106775-N'], ['118937-N'], ['123454-N']]"
духовный_наследство,['131044-N'],"[['131043-N', '140087-N']]"
камерный_музыка,['9750-N'],[['1432-N']]
консьержка,['137026-N'],"[['114531-N', '117301-N']]"
крепколобость,['118207-N'],[['115480-N']]
коста-рика,['104280-N'],[['2062-N']]
кагор,['108231-N'],"[['108232-N', '129568-N']]"
беспокойность,['106791-N'],[['106833-N']]
рукописный_текст,['121532-N'],[['2966-N']]
рабочий_неделя,['1493-N'],"[['1495-N', '106723-N']]"
константинополь,['136645-N'],[['3208-N']]
проставление,['118868-N'],"[['107003-N', '115486-N']]"
дубина,"['109645-N', '137343-N']","[['2159-N', '107709-N'], ['111392-N']]"
полудрема,['116031-N'],[['106565-N']]
газовый_двигатель,['146883-N'],[['4694-N']]
оборудование_электростанция,['2067-N'],[['468-N']]
аландский_остров,['105265-N'],[['6943-N']]
наркомат,['137843-N'],[['137842-N']]
взвешивание,"['115021-N', '110409-N']","[['107490-N'], ['3649-N']]"
сердечный_приступ,['137569-N'],[['109636-N']]
авиакеросин,['4346-N'],[['145-N']]
царапинка,"['119495-N', '112164-N']","[['112164-N', '129814-N', '150699-N'], ['137683-N', '149355-N']]"
удешевление,['121222-N'],[['110894-N']]
в_елочка,['120345-N'],[['151527-N']]
лозанна,['104947-N'],[['135595-N']]
упрочение,"['125642-N', '125644-N']","[['106631-N'], ['106629-N']]"
счет_в_матч,['118547-N'],[['106482-N']]
разваливание,"['140589-N', '128595-N']","[['111950-N'], ['106631-N', '124141-N']]"
овчина,['5798-N'],"[['4578-N', '108193-N']]"
кэш,['136430-N'],[['7979-N']]
сфера,"['106562-N', '135188-N']","[['106501-N'], ['107031-N']]"
компьютерный_железо,['139570-N'],[['510-N']]
плотный_телосложение,['123381-N'],"[['106768-N', '121166-N']]"
жест_рука,['118640-N'],"[['106587-N', '125812-N']]"
правовой_охрана,"['147646-N', '1302-N']","[['149092-N'], ['106595-N', '147646-N']]"
житель_азия,['124954-N'],[['369-N']]
концертмейстер,['8710-N'],"[['7971-N', '116216-N']]"
дверца,"['121448-N', '107150-N']","[['115944-N'], ['107311-N']]"
лапта,['109457-N'],[['109383-N']]
надавливание,"['115535-N', '111163-N']","[['111192-N'], ['110916-N']]"
оценка_четыре,['121148-N'],[['113429-N']]
шаг_процесс,['123361-N'],[['153471-N']]
маразм,"['138543-N', '132246-N']","[['125890-N'], ['125011-N', '128594-N']]"
овал,['120247-N'],[['106559-N']]
джанкой,['101478-N'],[['242-N']]
кулич,['109412-N'],[['107282-N']]
поминовение,['140463-N'],[['110517-N']]
облачение,"['127202-N', '129237-N']","[['108856-N'], ['1256-N']]"
паутинка,['108600-N'],[['108599-N']]
душевая_кабина,['116503-N'],"[['106573-N', '108229-N']]"
самолет,['212-N'],"[['137876-N', '142555-N']]"
гортань,['9659-N'],[['6210-N']]
шариковый_ручка,['9751-N'],[['146875-N']]
настоящий_мужчина,['138575-N'],"[['107543-N', '126308-N']]"
исключительность,"['119895-N', '143673-N']","[['118229-N'], ['119895-N']]"
сражение_великий_отечественный,['136770-N'],[['153460-N']]
перестановка,"['118420-N', '151390-N']","[['106698-N'], ['116307-N', '118420-N']]"
сушняк,['115561-N'],[['2432-N']]
каяк,['152384-N'],"[['6641-N', '145991-N']]"
город_германия,['137904-N'],[['136274-N']]
вождь_племя,['136553-N'],[['132305-N']]
лианозово,['101933-N'],[['101897-N']]
сальвадорский_колон,['104658-N'],[['1338-N']]
свободный_время,['3504-N'],[['106720-N']]
подправка,['111361-N'],"[['111360-N', '111362-N']]"
знак_перенос,['111638-N'],[['107076-N']]
колорадо-спрингс,['143210-N'],[['242-N']]
ожидание,"['115219-N', '118770-N']","[['115786-N'], ['106467-N']]"
любовный_связь,['107675-N'],"[['129738-N', '152520-N']]"
съемочный_работа,['4344-N'],[['106901-N']]
электрохимический_процесс,['9366-N'],[['6052-N']]
слезный_просьба,['107345-N'],[['107344-N']]
ленинградский_обл,['101673-N'],[['2640-N']]
баранина,['4574-N'],[['1225-N']]
знак_почтовый_оплата,['2420-N'],[['107519-N']]
электрод,['5497-N'],[['146018-N']]
арочный_перекрытие,['123763-N'],[['119980-N']]
двоюродный_сестра,['124320-N'],"[['4259-N', '139663-N']]"
чувствительность,"['130827-N', '126120-N', '126119-N']","[['106765-N'], ['120010-N'], ['119904-N', '124438-N']]"
транспорт_пригородный_сообщение,['173-N'],[['3488-N']]
афар,['105153-N'],[['100086-N']]
мелкий_порошок,['140682-N'],[['107267-N']]
перехлест,"['115284-N', '127475-N', '133691-N']","[['115285-N', '138482-N'], ['122242-N'], ['115455-N', '133639-N']]"
орган_государственный_власть_субъект_рф,['9965-N'],[['6209-N']]
розетка_для_варение,['114770-N'],[['108106-N']]
лопух,"['131722-N', '108015-N']","[['125721-N', '150507-N'], ['4201-N', '4789-N']]"
павловск,"['102582-N', '100687-N']","[['100053-N'], ['136766-N']]"
блокировка_механизм,['124921-N'],"[['115394-N', '120502-N']]"
австралия_и_океания,['105141-N'],[['105138-N']]
балтийск,['101123-N'],[['136773-N']]
выкорчевка,['111863-N'],"[['115776-N', '110911-N']]"
географический_параллель,['124484-N'],[['125571-N']]
гусеница,"['108088-N', '130740-N']","[['108087-N'], ['130743-N', '130755-N']]"
центральный_европа,['105575-N'],[['105570-N']]
детройт,['137987-N'],[['242-N']]
конструкция,['139509-N'],[['106575-N']]
крепежный_шпилька,['154863-N'],[['5464-N']]
желудочек,['109909-N'],[['109910-N']]
блик_свет,['125223-N'],"[['107241-N', '107573-N']]"
гиббон,['109696-N'],[['108123-N']]
жезказган,['100955-N'],[['8247-N']]
федеральный_орган,['1573-N'],"[['6209-N', '144817-N']]"
свадебка,['6154-N'],"[['107223-N', '117137-N']]"
ухань,['104231-N'],[['242-N']]
микробиологический_отрасль,['3421-N'],"[['50-N', '7127-N']]"
паспортно-визовый_режим,['3312-N'],[['115790-N']]
отнесение_к_число,['118736-N'],"[['106884-N', '115486-N']]"
набережный_челн,['105611-N'],[['242-N']]
вытекание,"['115745-N', '130550-N']","[['111045-N'], ['106477-N']]"
выключение,"['143861-N', '111842-N', '110909-N']","[['106485-N'], ['106531-N', '107417-N'], ['106631-N', '106638-N']]"
сетчатый_сумка,['117898-N'],[['107118-N']]
термогенератор,['145141-N'],"[['2067-N', '4435-N']]"
лыжный_центр,['9103-N'],[['3240-N']]
драмтеатр,['8486-N'],[['1441-N']]
стригущий_лишать,['110633-N'],"[['9457-N', '9670-N']]"
вещный_право,['7692-N'],[['143178-N']]
рубцовск,['100234-N'],[['136753-N']]
такт_работа,['124801-N'],[['148760-N']]
визуальный_эффект,['140510-N'],[['138549-N']]
лечение_электричество,['113639-N'],[['5330-N']]
поливитамин,['113194-N'],[['146508-N']]
амфибия,"['9195-N', '121708-N', '121707-N']","[['144174-N'], ['4975-N'], ['169-N']]"
рассеивание,"['134347-N', '128802-N', '130852-N']","[['128784-N'], ['135044-N', '119125-N'], ['111493-N']]"
чудовище,"['121129-N', '128752-N', '111393-N']","[['106579-N'], ['121129-N', '128751-N'], ['111212-N']]"
коровино,['101920-N'],[['101897-N']]
нормативно-правовой_акт,['143982-N'],[['411-N']]
теплоизоляция,"['9011-N', '129394-N']","[['137180-N'], ['2409-N']]"
телефонный_прослушка,['140329-N'],"[['133962-N', '147470-N']]"
фальшивость,"['118676-N', '118674-N']","[['125860-N'], ['106924-N']]"
баллистический_ракета_морской_базирование,['7381-N'],"[['5840-N', '143905-N']]"
идеал,"['140904-N', '126308-N']","[['128995-N'], ['106893-N', '126307-N']]"
именинник,"['120449-N', '148507-N']","[['152714-N'], ['148506-N']]"
маршевый_лестница,['143017-N'],[['107201-N']]
рецептура,"['123458-N', '134577-N', '146072-N']","[['106552-N'], ['123458-N', '146072-N'], ['106552-N']]"
скрытность,"['118765-N', '119649-N']","[['110437-N'], ['119648-N']]"
гандболист,['113105-N'],"[['1626-N', '110092-N']]"
полевой_бинокль,['8208-N'],[['3470-N']]
срывание_покров,['133045-N'],"[['112963-N', '120088-N']]"
конверсия,['2527-N'],"[['833-N', '3426-N']]"
системный_программный_средство,['9225-N'],[['513-N']]
оборонщик,['139195-N'],[['129959-N']]
дисциплина,"['3989-N', '106984-N']","[['106562-N'], ['106778-N']]"
лютость,"['119541-N', '117810-N']","[['114019-N'], ['117809-N']]"
гастролировать_артист,['148812-N'],[['1413-N']]
новосибирский_обл,['102219-N'],[['2640-N']]
балтийский_пролив,['106398-N'],[['100095-N']]
чувствительность,"['130827-N', '126120-N', '126119-N']","[['106765-N'], ['120010-N'], ['119904-N', '124438-N']]"
присяжный_заседатель,['3982-N'],"[['2149-N', '106857-N', '140518-N']]"
диагносцирование,['115463-N'],[['146896-N']]
казым,['102263-N'],"[['100022-N', '100079-N']]"
прогнозирование,['106859-N'],[['106858-N']]
сушильный_помещение,['117800-N'],[['3537-N']]
ивритский_язык,['103885-N'],"[['126127-N', '148180-N']]"
второсортность,['119108-N'],[['118389-N']]
гвалт,['125849-N'],"[['106946-N', '107103-N']]"
гидрометеорологический_центр,['124193-N'],[['106560-N']]
сочи,['101423-N'],"[['5904-N', '137780-N']]"
подземный_сооружение,['3405-N'],[['2525-N']]
афинянка,['144393-N'],[['4773-N']]
фундук,['124043-N'],[['6879-N']]
гражданско-правовой_сделка,['1289-N'],"[['135045-N', '149532-N']]"
походка,['120708-N'],[['151699-N']]
бремен,['103745-N'],[['137905-N']]
налим,['7397-N'],[['9746-N']]
бойница,['124996-N'],[['107087-N']]
темза,['103600-N'],[['100022-N']]
крупнотоннажный_груз,['144472-N'],[['181-N']]
аэромеханика,['113738-N'],[['7853-N']]
порядок_размещение,['106584-N'],[['115786-N']]
подвопрос,['106780-N'],[['106446-N']]
река_тара,['101061-N'],"[['100022-N', '100079-N']]"
с_х_показатель,['2704-N'],[['2116-N']]
допущение,"['107694-N', '107693-N', '115288-N']","[['106504-N'], ['107175-N'], ['106774-N']]"
запечатывание,['111880-N'],[['111427-N']]
внешний_экономический_связь,['1700-N'],[['2835-N']]
первобытность,"['119680-N', '119322-N']","[['119679-N'], ['118869-N']]"
эпителиальный_ткань,['7279-N'],[['7281-N']]
ремонт_и_содержание,['144137-N'],[['135041-N']]
тумак,['126265-N'],[['107404-N']]
распухание,"['115485-N', '118503-N', '120631-N']","[['106639-N'], ['106639-N'], ['111495-N']]"
отрезвление,"['130529-N', '117280-N']","[['129710-N'], ['116244-N', '124452-N']]"
среднеэтажный_дом,['146448-N'],[['113333-N']]
остряк,['127309-N'],[['125127-N']]
епископ,['7801-N'],"[['7365-N', '8029-N', '131833-N']]"
периодичность,['120593-N'],[['119581-N']]
судебный_пристать,['134998-N'],"[['6442-N', '6527-N']]"
познань,['104581-N'],[['242-N']]
психотерапевт,['8514-N'],"[['1045-N', '4542-N']]"
организация_радиовещание,['1365-N'],[['1375-N']]
клязьма,['102308-N'],[['136790-N']]
зачетный_книжка,['8928-N'],"[['2428-N', '7061-N']]"
ледовый_арена,['152015-N'],[['4211-N']]
круговой_порука,['116681-N'],[['116527-N']]
авиационный_продукция,['137876-N'],[['145667-N']]
наследственный_патология,['8658-N'],[['6481-N']]
болото,"['8280-N', '139759-N']","[['494-N', '133205-N'], ['106446-N', '149995-N']]"
трата,"['124534-N', '106716-N']","[['147852-N'], ['566-N']]"
ревакцинация,['4521-N'],"[['2065-N', '7514-N', '111189-N']]"
необщительность,['119648-N'],[['151843-N']]
кофейня,['126534-N'],[['4084-N']]
мимический_движение,['126984-N'],[['117094-N']]
росомаха,['108340-N'],[['125282-N']]
иновещание,['143601-N'],[['1364-N']]
бизнес-образование,['143682-N'],"[['1610-N', '142200-N']]"
остров_в_тихий_океан,['134724-N'],[['3465-N']]
компания_сфера_услуга,['141013-N'],[['525-N']]
диагностирование,"['115464-N', '146896-N', '115463-N']","[['116120-N', '146896-N'], ['106710-N'], ['146896-N']]"
маскарад,['126676-N'],[['109657-N']]
прядка,['108783-N'],"[['108951-N', '121266-N']]"
саудовский_аравия,['104665-N'],[['105456-N']]
мускат,"['113250-N', '138251-N', '113251-N']","[['144247-N'], ['5735-N'], ['108232-N', '132277-N']]"
профессиональный_обучение,['1613-N'],"[['1604-N', '120233-N']]"
каракалпак,['106164-N'],"[['139862-N', '106148-N']]"
лектор,['7990-N'],[['1600-N']]
явление,"['106549-N', '115524-N', '111329-N']","[['153471-N'], ['153471-N'], ['153471-N']]"
комментарий,['106967-N'],[['106774-N']]
обработка,"['106534-N', '106535-N']","[['106631-N', '117035-N'], ['111611-N']]"
космический_ракета-носитель,['6783-N'],"[['5840-N', '6239-N', '139894-N']]"
включение,"['115486-N', '115489-N', '113296-N']","[['111668-N'], ['111667-N'], ['111668-N']]"
администрация_область,['2648-N'],"[['2643-N', '117042-N']]"
дуга,['107471-N'],[['119810-N']]
толстовка,['153240-N'],"[['108065-N', '108555-N']]"
корифей,['131686-N'],"[['117797-N', '125677-N', '131682-N']]"
центр_технический_обслуживание,['143582-N'],[['141013-N']]
эмаль,"['126796-N', '4171-N', '146031-N']","[['4170-N', '126797-N'], ['126929-N'], ['107423-N']]"
безликий_серость,['118390-N'],"[['118389-N', '118997-N']]"
ранжирование,['141349-N'],"[['106585-N', '138362-N']]"
лишение_воинский_звание,['124754-N'],[['9784-N']]
здание,['2526-N'],"[['1313-N', '2525-N']]"
мвд,['2556-N'],"[['6811-N', '133955-N']]"
навои,['102129-N'],[['8247-N']]
кедровый_древесина,['146597-N'],[['141926-N']]
пластина,['107309-N'],[['153947-N']]
санитарный_транспорт,['8220-N'],[['51-N']]
свивание,['129240-N'],[['111466-N']]
свирь,['101699-N'],[['100022-N']]
трудовой_занятость,['884-N'],"[['6801-N', '147028-N']]"
порода_животное,['115936-N'],[['106846-N']]
учебный_стипендия,['895-N'],[['1507-N']]
московский_кремль,['292-N'],[['148316-N']]
газопроводный_труба,['152-N'],[['2285-N']]
ядовитый_газ,['135584-N'],[['1011-N']]
стаж_деятельность,['117743-N'],[['106720-N']]
софия,['103476-N'],[['3208-N']]
вокальный_партия,['125920-N'],[['125918-N']]
средство_передача_информация,['1351-N'],[['1349-N']]
компактность,"['118559-N', '119609-N']","[['118557-N'], ['150737-N']]"
назрань,['105543-N'],[['123687-N']]
вязкость,"['133398-N', '118889-N', '118888-N']","[['133392-N'], ['131956-N'], ['118887-N']]"
анамнез,['9451-N'],[['125008-N']]
талибан,['124299-N'],[['106286-N']]
бобслеист,['112865-N'],[['113593-N']]
самородок,"['124464-N', '140452-N']","[['101-N', '107131-N'], ['125864-N']]"
рыночный_услуга,['7064-N'],"[['106529-N', '106562-N']]"
причина_происходить,['106474-N'],[['139762-N']]
агент,"['8481-N', '121156-N', '147757-N']","[['2550-N'], ['106891-N', '112319-N'], ['106474-N', '137418-N']]"
артикул,['117255-N'],"[['6824-N', '106846-N']]"
слепой_случай,['137788-N'],[['106577-N']]
утомленность,['107336-N'],"[['106564-N', '106567-N']]"
углегорск,"['105773-N', '100917-N']","[['136903-N'], ['242-N']]"
радиотелепередача,['153764-N'],[['113973-N']]
симптом,"['9528-N', '107586-N']","[['107586-N', '125011-N'], ['106768-N']]"
навигатор,['5383-N'],[['106555-N']]
космополит,['126527-N'],[['107524-N']]
траектория_движение,['116178-N'],[['106586-N']]
розовый_очки,['116753-N'],[['116752-N']]
новгородец,['139206-N'],[['4773-N']]
возвышение,"['125687-N', '107558-N']","[['106636-N'], ['106451-N']]"
продолжительный_эпопея,['120587-N'],[['106549-N']]
сополимер_винилхлорид,['9006-N'],[['142431-N']]
выгрызание,"['114581-N', '130363-N']","[['111369-N', '111853-N'], ['106934-N']]"
температура,"['3192-N', '121341-N']","[['106841-N'], ['3192-N']]"
больной_проказа,['113059-N'],[['4846-N']]
сползание,['114961-N'],[['114452-N']]
сгущение,"['119987-N', '119493-N']","[['106534-N'], ['119140-N']]"
генеалогический_древо,['137568-N'],[['107182-N']]
дерево_какао,['108403-N'],"[['350-N', '988-N', '121680-N', '124052-N']]"
форма_крест,['132007-N'],[['106559-N']]
онколог,['8491-N'],[['1045-N']]
аллегоризм,['119663-N'],[['119569-N']]
громыхание,['113024-N'],[['107093-N']]
посуда_столовый,['126833-N'],[['2513-N']]
слюнтяй,['125723-N'],"[['130961-N', '150507-N']]"
эмбрион,"['139687-N', '116639-N']","[['107442-N', '121261-N'], ['114962-N']]"
хоровод,['139433-N'],[['110450-N']]
прострел,"['116762-N', '110238-N']","[['112429-N'], ['110237-N']]"
детеныш_животное,['107807-N'],"[['120974-N', '128320-N']]"
скольжение,['116310-N'],[['106587-N']]
планер,['110665-N'],"[['138661-N', '145667-N']]"
напуск,['119750-N'],[['119751-N']]
лоб,"['108090-N', '139577-N']","[['108799-N', '133173-N'], ['109080-N']]"
республиканский_государство,['105422-N'],[['445-N']]
цежение,"['112263-N', '112265-N', '112264-N']","[['112136-N', '112264-N'], ['106932-N'], ['106938-N']]"
крыльцо,['121190-N'],[['106451-N']]
пылеулавливатель,['146277-N'],"[['1320-N', '137977-N']]"
пожелание,"['106458-N', '126146-N']","[['106459-N'], ['126148-N']]"
гваделупа,['104909-N'],[['140965-N']]
безалкогольный_напиток,['550-N'],[['549-N']]
австриец,['105124-N'],"[['105336-N', '132681-N', '139862-N']]"
полевой_бинокль,['8208-N'],[['3470-N']]
глава_милицейский_ведомство,['6242-N'],"[['1875-N', '133954-N']]"
каштановый_дерево,['108205-N'],[['3364-N']]
ортопед,['111070-N'],[['1046-N']]
черноморский_флот,['125146-N'],[['145609-N']]
плешь,"['127553-N', '126652-N']","[['107133-N', '133173-N'], ['126650-N']]"
червоноград,['101872-N'],[['242-N']]
безустанность,['120444-N'],"[['118777-N', '118989-N']]"
научно-педагогический_кадр,['1386-N'],"[['21-N', '136224-N']]"
порывистость,"['126335-N', '119488-N']","[['106924-N'], ['119487-N']]"
хозяйственность,['124130-N'],"[['118471-N', '120120-N', '121498-N']]"
пилотировать_станция,['116359-N'],[['1023-N']]
работник_строительство,['3204-N'],[['2550-N']]
полуправда,['134006-N'],[['107178-N']]
садик,"['2593-N', '131-N']","[['2594-N'], ['130-N']]"
бюллетень_голосование,['121814-N'],[['2428-N']]
просрочить_долг,['132296-N'],[['3165-N']]
ежедневный_газета,['133187-N'],[['1354-N']]
диаграмма,['107184-N'],[['110929-N']]
покрывало,"['108829-N', '145473-N', '149925-N']","[['108527-N'], ['108829-N', '108853-N'], ['107423-N']]"
секретарь,"['118365-N', '118366-N', '138311-N']","[['106606-N'], ['139497-N'], ['106857-N']]"
гузар,['101288-N'],[['242-N']]
автопробег,['153190-N'],[['7158-N']]
структурный_экономический_реформа,['6254-N'],"[['335-N', '137304-N', '142257-N']]"
таможенный_кордон,['7795-N'],"[['2373-N', '115917-N', '117676-N']]"
национальный_общность,['7739-N'],[['139946-N']]
тополь,"['5445-N', '146596-N']","[['3364-N'], ['141926-N']]"
отправительница,['116475-N'],[['138167-N']]
кингисепп,['101689-N'],[['136785-N']]
навоз,['4878-N'],[['5244-N']]
свекольный_жом,['4776-N'],"[['3074-N', '112372-N']]"
река_камчатка,['100455-N'],[['100022-N']]
фламинго,['108519-N'],[['5349-N']]
первомайск_в_николаевский_область,['106020-N'],[['242-N']]
перетирание,"['116690-N', '116691-N']","[['107410-N'], ['111994-N']]"
царский_самодержавие,['129500-N'],[['8048-N']]
петушиный_задор,['130967-N'],[['106924-N']]
мезометеорология,['7906-N'],[['5068-N']]
сталевар,['111177-N'],"[['8471-N', '110125-N']]"
куриный_грипп,['142655-N'],"[['2143-N', '8161-N']]"
гетто,['4402-N'],[['6689-N']]
прорицание,['106858-N'],"[['106707-N', '117032-N']]"
дорожка_для_бег,['143458-N'],"[['141931-N', '154699-N']]"
ваххабист,['128931-N'],[['127064-N']]
бриз,['109280-N'],[['4220-N']]
комфортность,"['119745-N', '107327-N']","[['119746-N'], ['106563-N']]"
пасха,"['115057-N', '124173-N']","[['371-N', '107831-N'], ['112880-N']]"
могила_неизвестный_солдат,['127001-N'],[['4037-N']]
штат_виктория,['138812-N'],[['138808-N']]
страхование_гражданский_ответственность,['133141-N'],[['1993-N']]
срочный_операция,['149610-N'],[['144275-N']]
мигание,"['132613-N', '120859-N']","[['113005-N', '118473-N'], ['117094-N']]"
трясина,"['147410-N', '139759-N']","[['107135-N'], ['106446-N', '149995-N']]"
как_руководство,['146819-N'],[['106454-N']]
типология,['135361-N'],[['120137-N']]
отчетно-перевыборный_собрание,['145739-N'],[['145740-N']]
бюджет,"['3760-N', '143407-N']","[['115790-N', '143407-N'], ['121974-N']]"
щурение,['117861-N'],"[['111572-N', '112037-N']]"
диспетчерский_служба_аэропорт,['140952-N'],[['106571-N']]
голошение,['116868-N'],"[['107104-N', '107196-N']]"
лыжный_дуатлоно,['152018-N'],"[['5656-N', '145901-N']]"
сотрясение,"['129181-N', '136528-N', '121082-N']","[['106938-N'], ['8056-N'], ['114517-N']]"
намолачивание,['114124-N'],"[['110916-N', '113575-N']]"
боевой_гранат,['7610-N'],[['8104-N']]
атомный_бомба,"['1657-N', '146855-N']","[['1660-N'], ['1657-N', '5612-N']]"
аскетизм,['124642-N'],[['110242-N']]
оккультистка,['145046-N'],[['107524-N']]
нейтрализация,"['146178-N', '148339-N', '132929-N']","[['6052-N'], ['111493-N', '128431-N'], ['111943-N']]"
глубоководность,['121413-N'],"[['112842-N', '115630-N', '130106-N']]"
просветитель,['128402-N'],"[['6650-N', '128392-N']]"
чувство_облегчение,['147105-N'],[['106651-N']]
естественный_отбор,['136712-N'],[['111-N']]
материальный_культура,['145950-N'],[['1427-N']]
удар_по_ворота,['128919-N'],[['128915-N']]
атташе,['2808-N'],"[['1075-N', '1179-N']]"
опасность_возгорание,['134964-N'],[['106547-N']]
городской_транспорт,['177-N'],"[['170-N', '3488-N']]"
эксплуатация_человек,"['142010-N', '154981-N']","[['7656-N', '154981-N'], ['106497-N']]"
первенство_мир,['9373-N'],"[['112949-N', '149550-N']]"
крепленый_вино,['140987-N'],"[['8367-N', '108232-N']]"
жительница_милан,['106308-N'],[['4773-N']]
чистописание,['137545-N'],[['146495-N']]
овощевод,['8823-N'],[['111307-N']]
карши,['106060-N'],[['242-N']]
враждебность,['118984-N'],[['106653-N']]
зверинец,['131642-N'],[['111506-N']]
материальный_культура,['145950-N'],[['1427-N']]
гиревик,['131774-N'],[['112757-N']]
пациентка,['5417-N'],[['4846-N']]
вышивание,['112763-N'],"[['107002-N', '109444-N', '134618-N']]"
стриж,['109341-N'],[['7396-N']]
культовый_сооружение,['1136-N'],[['145182-N']]
аббат,['113077-N'],"[['110094-N', '110384-N']]"
перекрашивание,"['111621-N', '121365-N']","[['107458-N', '120969-N'], ['111621-N', '107458-N']]"
пьемонт,['104075-N'],[['105110-N']]
калимантан,['103968-N'],[['3465-N']]
раж,['107254-N'],[['106564-N']]
юридический_кадр,['2064-N'],[['2550-N']]
публицистика,['9085-N'],"[['6114-N', '145024-N']]"
бартерный_сделка,['561-N'],"[['2311-N', '140949-N']]"
устаревание,['119421-N'],[['120602-N']]
перерабатывание,"['113030-N', '139843-N']","[['106534-N', '106950-N'], ['120969-N']]"
направление_движение,['106586-N'],[['106451-N']]
быстрота,['117942-N'],[['150306-N']]
река_белый,"['100273-N', '100431-N', '101442-N']","[['100022-N', '100079-N'], ['100022-N', '100079-N'], ['100022-N', '100079-N']]"
структурирование,['138363-N'],[['138362-N']]
город_в_индия,['132070-N'],[['242-N']]
могиканка,['127002-N'],"[['124112-N', '125949-N']]"
двигаться_колонна,['108660-N'],[['107207-N']]
информационно-рекламный_агентство,['10069-N'],[['106666-N']]
углекислый_вода,['972-N'],"[['550-N', '3114-N', '121338-N', '149307-N']]"
петровск,['102596-N'],[['136899-N']]
власть_предержащий,['6209-N'],"[['117042-N', '117462-N', '143970-N']]"
нормандский_остров,['104498-N'],[['6943-N']]
торговый_пункт,['3947-N'],[['3946-N']]
гримировка,['112041-N'],"[['111427-N', '106631-N']]"
авиационно-космический_салон,['3825-N'],[['2358-N']]
водитель_большегрузный_автомобиль,['130745-N'],[['140238-N']]
оборонительный_действие,['128542-N'],[['1664-N']]
колотье,['119526-N'],[['110237-N']]
арбитражный_орган,['145598-N'],[['106560-N']]
старушенция,['132891-N'],"[['2616-N', '132892-N']]"
пункт_пропуск_через_граница,['6979-N'],"[['4733-N', '9264-N']]"
римлянин,['143191-N'],[['132681-N']]
ребро,"['109376-N', '146578-N', '115494-N']","[['109221-N'], ['127511-N'], ['107570-N']]"
фундамент_дом,['114234-N'],[['153534-N']]
многогранник,['107033-N'],[['107031-N']]
вырез,"['124423-N', '115773-N']","[['107087-N'], ['110910-N']]"
романистка,['110901-N'],[['111814-N']]
оборона,"['114903-N', '770-N', '128542-N']","[['106595-N'], ['145138-N'], ['1664-N']]"
подытоживание,['10179-N'],[['10161-N']]
силовой_жим,['145536-N'],"[['108821-N', '126894-N']]"
кишечный_непроходимость,['127152-N'],[['9337-N']]
политический_преступление,['9438-N'],[['637-N']]
гибкость,"['149947-N', '119163-N']","[['106765-N'], ['118186-N']]"
газовый_хранилище,['3072-N'],[['106625-N']]
национализм,['600-N'],"[['599-N', '1911-N']]"
колебание,"['149802-N', '117493-N', '107513-N']","[['106629-N'], ['150230-N'], ['106587-N']]"
светочувствительный_пленка,['114759-N'],"[['5424-N', '107478-N']]"
вынесение,"['144934-N', '125801-N', '116725-N']","[['107489-N', '145776-N'], ['111596-N', '106698-N'], ['110908-N']]"
увесистость,['114350-N'],[['114019-N']]
потрясение,"['129181-N', '106784-N', '118523-N']","[['106938-N'], ['123469-N'], ['7789-N', '106833-N']]"
фосфоритование_почва,['8627-N'],"[['6240-N', '6797-N']]"
буржуйка,['142837-N'],[['128514-N']]
часть_летательный_аппарат,['143441-N'],[['143440-N']]
плавательный_комплекс,['5892-N'],"[['3240-N', '113792-N']]"
полстолетие,['133992-N'],[['106723-N']]
зарождение,"['141371-N', '110474-N']","[['106477-N'], ['106473-N']]"
аляска,"['105135-N', '105136-N']","[['100029-N'], ['3392-N']]"
домодедово,"['102080-N', '154428-N']","[['136788-N'], ['134396-N']]"
подсыпание,['126097-N'],"[['111657-N', '111983-N']]"
весь_свой_существо,['128443-N'],"[['115932-N', '123840-N']]"
проявление_чувство,['148998-N'],[['119699-N']]
сапр,['9047-N'],"[['7148-N', '148785-N']]"
абстрактный_сущность,['146671-N'],[['153782-N']]
опиум,['8495-N'],[['138009-N']]
бандура,"['125158-N', '113137-N']","[['106554-N'], ['1450-N', '107996-N']]"
дрейф,['116030-N'],[['147175-N']]
единообразие,['118554-N'],[['118218-N']]
трепетание,"['114585-N', '120600-N']","[['114517-N'], ['150230-N', '130971-N']]"
взгляд_в_упор,['125487-N'],[['106903-N']]
политика_стабилизация,['837-N'],"[['833-N', '125650-N']]"
коллаборационизм,['137314-N'],"[['107614-N', '111281-N']]"
сейсморазведка,['4922-N'],[['106686-N']]
казах,['106150-N'],"[['139862-N', '106148-N']]"
продух,['121120-N'],[['107087-N']]
расхождение,"['107213-N', '137308-N', '121080-N']","[['106647-N', '118966-N'], ['106829-N'], ['111688-N', '121081-N']]"
сталинистый,['139871-N'],[['107524-N']]
грузоперевозкa,['178-N'],[['170-N']]
банщица,['120638-N'],[['123962-N']]
новогиреево,['101944-N'],[['101897-N']]
рапорт,['114960-N'],[['106605-N']]
выход_из_состояние,['120602-N'],"[['106485-N', '120955-N']]"
кабардинский_язык,['148153-N'],[['148148-N']]
селенга,['102689-N'],[['100022-N']]
облом,"['118428-N', '118130-N', '133044-N']","[['117225-N'], ['111369-N', '126169-N'], ['111371-N']]"
завоеватель,['131133-N'],[['115074-N']]
кишечник,['112930-N'],"[['109844-N', '114749-N']]"
христианизация,['136952-N'],"[['2202-N', '146984-N', '155114-N']]"
моравия,['137212-N'],[['100077-N']]
уборть,['102464-N'],"[['100022-N', '100079-N']]"
регистр_информация,['106987-N'],[['106989-N']]
охранение,"['115919-N', '106597-N']","[['790-N', '151553-N'], ['106473-N']]"
провозглашение,['117577-N'],[['106540-N']]
придел_церковь,['113939-N'],[['109268-N']]
сестренка,"['4259-N', '144705-N']","[['132893-N'], ['140716-N']]"
трехлетний_период,['148769-N'],[['106731-N']]
австрийский_столица,['103302-N'],[['3208-N']]
форма_кредитование,['150775-N'],[['1322-N']]
маскирование,['126398-N'],[['117840-N']]
вулканолог,['112406-N'],[['270-N']]
порт_брест,['100464-N'],[['8247-N']]
жирный_растительный_масло,['3588-N'],"[['1724-N', '146530-N']]"
копировальный_бумага,['126512-N'],"[['4832-N', '111708-N']]"
терьер,['108524-N'],[['7678-N']]
генерал-майор,['5639-N'],[['7308-N']]
отвоевание,['121473-N'],"[['116303-N', '118715-N']]"
агрономия,['8837-N'],[['111334-N']]
боровичок,['125383-N'],"[['107860-N', '142327-N']]"
шкода,['125197-N'],"[['106548-N', '119595-N', '122242-N']]"
брюхо_животное,['152921-N'],[['112889-N']]
кижи,['101251-N'],[['3465-N']]
дозиметрический_контроль,['5536-N'],"[['3649-N', '6125-N']]"
журналистка_радио,['123706-N'],"[['8320-N', '144136-N']]"
выпуск_акция,['143309-N'],"[['2075-N', '150943-N']]"
буква_алфавит,['107078-N'],[['107076-N']]
руководство_район,['3631-N'],[['2645-N']]
грифон,['128754-N'],[['128752-N']]
кубок_мир_по_футбол,['151645-N'],[['9373-N']]
красноуральск,['105920-N'],[['242-N']]
тип_склонение,['110589-N'],[['110584-N']]
пластинка_гриб,['147527-N'],[['133213-N']]
астраханский_область,['100354-N'],"[['2640-N', '105301-N']]"
бельгия,['103437-N'],"[['2062-N', '8049-N', '105334-N', '142194-N']]"
международный_безопасность,['1107-N'],[['3856-N']]
столярный_работа,['138473-N'],[['138474-N']]
повестка,"['107673-N', '107672-N']","[['106835-N'], ['10175-N']]"
ответ,"['113160-N', '106976-N', '112933-N']","[['106976-N', '107488-N'], ['106605-N'], ['106504-N']]"
молибден,['8189-N'],"[['974-N', '2868-N', '145367-N']]"
телекорпорация,['1371-N'],[['1375-N']]
наживка,['126153-N'],[['153863-N']]
индостан,['106287-N'],[['3392-N']]
милицейский_дубинка,['7700-N'],"[['5242-N', '7697-N', '109645-N']]"
питсбург,['106384-N'],[['242-N']]
эффект,"['107227-N', '135706-N']","[['106481-N'], ['125745-N']]"
профицит,"['130025-N', '152107-N']","[['106694-N', '152107-N'], ['149976-N']]"
свердловский_обл,['102519-N'],[['2640-N']]
перекоп,['145042-N'],[['133692-N']]
стрелочный_перевод,['118529-N'],"[['106555-N', '114318-N']]"
ухмылка,['120440-N'],"[['112039-N', '116284-N']]"
пролом,"['112428-N', '112430-N']","[['107088-N'], ['112429-N']]"
груша,"['144188-N', '125967-N', '144310-N']","[['354-N', '154384-N'], ['109873-N'], ['107956-N']]"
зайчик,"['5699-N', '111804-N']","[['4593-N', '5669-N'], ['125223-N']]"
растаскивание,"['134463-N', '116890-N', '128662-N']","[['107409-N', '108870-N', '140441-N', '140864-N'], ['116891-N'], ['128602-N', '106817-N', '115694-N', '116244-N']]"
кавер-версия,['148598-N'],"[['108434-N', '154751-N']]"
кашка,"['8361-N', '6023-N']","[['6859-N', '115372-N', '124008-N'], ['107778-N']]"
многогранник,['107033-N'],[['107031-N']]
новомосковск,"['105983-N', '102926-N']","[['242-N'], ['242-N']]"
синтаксический_подчинение,['137960-N'],[['137259-N']]
усть-лабинск,['105622-N'],[['137780-N']]
хирургический_инструмент,['126892-N'],"[['126891-N', '145220-N']]"
сосенка,['4227-N'],"[['2524-N', '121680-N']]"
спор,"['115415-N', '106830-N']","[['107213-N'], ['106800-N', '106961-N', '107213-N']]"
металлический_покрытие,['153549-N'],[['130726-N']]
карл_вар,['134361-N'],[['134362-N']]
группа_продлить_день,['147974-N'],[['123-N']]
обрывочность,['119039-N'],[['150737-N']]
перетаскивание,['115673-N'],[['115672-N']]
утрата_свойство,['149602-N'],[['106629-N']]
поточный_линия,['2317-N'],[['468-N']]
неизведанность,['120964-N'],[['119778-N']]
маневренность,['132244-N'],[['106587-N']]
полиглотка,['128586-N'],[['115128-N']]
телушка,['134984-N'],"[['938-N', '109722-N', '112379-N']]"
попадья,['129060-N'],[['757-N']]
основной_свобода,['274-N'],[['1858-N']]
нервишки,['5050-N'],[['145815-N']]
пылеулавливающий_оборудование,['146277-N'],"[['1320-N', '137977-N']]"
пожарно-технический_часть,['7444-N'],[['106561-N']]
соседка,['139491-N'],[['589-N']]
каблук,['108230-N'],"[['107203-N', '113193-N']]"
брус,['117759-N'],[['107233-N']]
профессор,['45-N'],"[['1386-N', '2147-N']]"
триллион,['142531-N'],[['124127-N']]
вникание,['116081-N'],[['106678-N']]
разочарование,['106664-N'],[['106651-N']]
помповый_ружье,['133574-N'],[['110342-N']]
бескорыстный_человек,['125394-N'],[['150507-N']]
помещение_дирекция,['146421-N'],[['140569-N']]
район_московский_область,['147330-N'],[['2051-N']]
спортивно-развлекательный_сооружение,['152346-N'],"[['2525-N', '145191-N']]"
австралийский_животное,['128765-N'],[['144174-N']]
интернет_сми,['144123-N'],"[['143659-N', '144131-N']]"
лейтмотив,"['106465-N', '114873-N']","[['106468-N'], ['111141-N', '111142-N']]"
одеколон,['5799-N'],"[['3675-N', '112956-N', '142362-N']]"
готовый_блюдо,['107778-N'],[['108890-N']]
петарда,['127530-N'],[['153561-N']]
радиационный_поражение,['5134-N'],[['114631-N']]
ходжалы,['105780-N'],[['242-N']]
нервный_депрессия,['142357-N'],[['3949-N']]
в_следующий_редакция,['114752-N'],"[['2966-N', '106846-N']]"
юмористка,"['125127-N', '111024-N']","[['125125-N', '142078-N', '150507-N'], ['1578-N', '142078-N']]"
латвийский_язык,['148137-N'],[['148135-N']]
лишение_право,['143921-N'],"[['1847-N', '114372-N', '125028-N']]"
бандура,"['125158-N', '113137-N']","[['106554-N'], ['1450-N', '107996-N']]"
пространность,"['119048-N', '120361-N']","[['150737-N'], ['114019-N', '115110-N']]"
философ,['122232-N'],[['21-N']]
диалектика,"['113844-N', '150048-N']","[['132973-N'], ['106629-N']]"
боб,"['142553-N', '108112-N']","[['111081-N'], ['148475-N']]"
человек_по_характер,['150507-N'],[['2149-N']]
химический_производитель,['69-N'],[['57-N']]
шишка_на_тело,['152601-N'],"[['132719-N', '150699-N', '152920-N']]"
жодино,['101952-N'],[['242-N']]
выворачивание,"['118591-N', '118590-N']","[['106888-N'], ['110910-N']]"
черный_волос,['115331-N'],[['115326-N']]
город_в_чехия,['134362-N'],[['242-N']]
иерархия,"['139307-N', '141173-N', '137128-N']","[['137128-N'], ['137128-N'], ['115790-N']]"
остров_зеленый_мыс,['105468-N'],[['2062-N']]
коммунизм,"['3572-N', '145084-N']","[['1461-N'], ['6639-N', '121514-N']]"
средство_радиосвязь,['141945-N'],[['2686-N']]
льеж,['103445-N'],[['242-N']]
мак,"['5745-N', '147293-N', '148502-N']","[['350-N', '965-N', '4789-N'], ['346-N', '121353-N'], ['4651-N']]"
характеристика_высказывание,['150737-N'],[['106768-N']]
акробатический_колесо,['137738-N'],[['137737-N']]
рдение,"['111004-N', '110417-N']","[['106646-N'], ['110416-N']]"
оценка_стоимость_компания,['149212-N'],"[['147449-N', '150878-N']]"
окружающий_человек,['127272-N'],"[['106627-N', '118476-N']]"
досуг,['5688-N'],[['3504-N']]
огородик,['3824-N'],[['2594-N']]
мучение,"['115102-N', '107281-N']","[['110479-N'], ['106651-N']]"
незаконный_оборот_огнестрельный_оружие,['151923-N'],"[['7334-N', '153926-N']]"
иезуит,['110867-N'],"[['110866-N', '140521-N']]"
орел,"['102337-N', '107982-N']","[['100066-N', '136891-N'], ['107784-N']]"
записать_информация,['112114-N'],[['153782-N']]
поддержка,"['119198-N', '137658-N', '106472-N']","[['110435-N'], ['106878-N'], ['112905-N']]"
карикатура,"['108321-N', '145733-N']","[['107006-N'], ['106518-N']]"
балетный_пачка,['120945-N'],[['108092-N']]
пробоина,['107551-N'],"[['106500-N', '107088-N']]"
отточка,['116162-N'],[['114872-N']]
арчинка,['106232-N'],[['100046-N']]
епископат,['141576-N'],[['106607-N']]
музыкальный_номер,['4235-N'],"[['1447-N', '107667-N']]"
служба_скорый_медицинский_помощь,['151375-N'],"[['1037-N', '7635-N']]"
тазовый_кость,['109866-N'],"[['5841-N', '109221-N']]"
заметание,"['116171-N', '134383-N']","[['116169-N'], ['111597-N']]"
болезнь_мозг,['7505-N'],[['616-N']]
санскрит,['128999-N'],"[['128997-N', '148125-N']]"
река_пим,['102253-N'],"[['100022-N', '100079-N']]"
автократия,['137546-N'],"[['3706-N', '7984-N', '136242-N']]"
статистика_население,['9380-N'],[['6371-N']]
череповец,['100662-N'],[['136765-N']]
предприятие_технический_обслуживание_автомобиль,['2878-N'],"[['157-N', '106622-N']]"
остросюжетный_фильм,['135948-N'],[['6786-N']]
отоларинголог,['7766-N'],[['1045-N']]
списание_с_баланс,['149322-N'],[['135157-N']]
пузырь,"['150402-N', '120048-N', '125707-N']","[['7277-N', '145431-N'], ['125927-N'], ['150699-N', '152920-N']]"
ценник,['8723-N'],"[['8722-N', '112118-N']]"
аллах-юнь,['105282-N'],"[['100022-N', '100079-N']]"
знакомство_с_человек,['106649-N'],[['106647-N']]
правонарушитель,['648-N'],[['123618-N']]
зебра,"['109159-N', '144546-N']","[['126920-N'], ['7441-N']]"
бурт,['125492-N'],[['107161-N']]
носик,"['109218-N', '109079-N', '127177-N']","[['146035-N'], ['10117-N'], ['107203-N']]"
премия_по_итог_работа,['142530-N'],"[['2715-N', '6906-N']]"
авиакосмический_промышленность,['149425-N'],[['7127-N']]
подступ,"['133973-N', '115863-N']","[['106451-N'], ['111978-N']]"
вдовица,['3818-N'],"[['5428-N', '6738-N']]"
вяловатость,['119425-N'],[['119423-N']]
парадный_вход,['152616-N'],[['107163-N']]
клинический_практика,['7529-N'],[['142491-N']]
каратеистка,['112230-N'],[['1626-N']]
служительница,['141646-N'],[['2551-N']]
американский_доллар,['1762-N'],"[['1315-N', '1338-N']]"
приручение,"['116520-N', '127260-N']","[['110474-N'], ['114819-N', '120136-N']]"
ямал,['102944-N'],[['3392-N']]
биатлонный_стрельбище,['151964-N'],[['9848-N']]
адаптер,['7502-N'],[['510-N']]
кубрик,['110530-N'],[['5827-N']]
усилительный_оборудование,['114416-N'],[['106555-N']]
стоматология,"['149202-N', '5184-N']","[['4920-N'], ['1047-N']]"
замах,"['131402-N', '131400-N']","[['106813-N', '118268-N', '124237-N'], ['131399-N', '131401-N']]"
межевание_земля,['121077-N'],[['120254-N']]
долговечность,"['119498-N', '119589-N']","[['114203-N'], ['113995-N', '118598-N']]"
журналистский_братия,['1347-N'],[['1412-N']]
ответственность_за_нарушение_законодательство,['8263-N'],[['106779-N']]
форма_прямоугольник,['153070-N'],[['106559-N']]
водонагревательный_колонка,['150111-N'],[['144485-N']]
парагвай,['104547-N'],[['2062-N']]
концентрирование_вещество,['146156-N'],"[['2385-N', '139819-N']]"
госконтракт,['135711-N'],[['8102-N']]
сельскохозяйственный_уборочный_машина,['4419-N'],[['53-N']]
камуфляж,"['149787-N', '126399-N']","[['1256-N'], ['126398-N']]"
реферат,['121722-N'],[['135318-N']]
шейк,"['108125-N', '108639-N']","[['107729-N'], ['124186-N']]"
обряд_посвящение,['153076-N'],[['107223-N']]
коллегиальность,['120923-N'],[['119947-N']]
здание_пожарный_охрана,['123809-N'],[['2526-N']]
задание_на_дом,['121097-N'],[['147047-N']]
форс-мажор,['4618-N'],"[['106446-N', '148966-N']]"
река_чуять,['101283-N'],"[['100022-N', '100079-N']]"
арматура,"['142024-N', '538-N']","[['1320-N'], ['537-N', '107070-N']]"
скатывание,['115157-N'],[['114453-N']]
хлебозаготовительный_база,['5925-N'],[['5340-N']]
семейный_капитал,['152620-N'],[['1507-N']]
турбинный_установка,['13-N'],[['5951-N']]
обворожительность,['118624-N'],[['118626-N']]
термический_стойкость,['143521-N'],"[['127016-N', '133391-N']]"
год_лишение_свобода_условный,['150143-N'],[['150142-N']]
британский_колумбия,['138778-N'],[['105122-N']]
неуемность,"['118611-N', '119806-N']","[['125232-N', '150306-N'], ['119397-N', '120444-N']]"
таштып,['100116-N'],[['100022-N']]
гнедой_масть,['111949-N'],[['111948-N']]
региональный_лидер,['136561-N'],[['9606-N']]
пигментный_пятно,['145830-N'],[['149959-N']]
остров_в_индийский_океан,['134499-N'],[['3465-N']]
здравость,['118426-N'],[['118425-N']]
драгоценный_камень_и_металл,['144866-N'],[['128017-N']]
шахматный_позиция,['147487-N'],[['147485-N']]
лояльность,['137425-N'],"[['119886-N', '119888-N']]"
моцион,['152320-N'],"[['107470-N', '116599-N']]"
расцветка,"['117547-N', '128847-N']","[['150243-N'], ['109444-N', '112878-N']]"
вкусность,"['114776-N', '132113-N']","[['114651-N', '123608-N', '130064-N'], ['107778-N']]"
бытовой_жизнь,['3772-N'],"[['106562-N', '137358-N']]"
пролитие_жидкость,['115744-N'],[['115745-N']]
без_остановка,['125229-N'],[['118598-N']]
вздорность,['134773-N'],[['119334-N']]
лошадиный_упряжка,['152328-N'],[['125679-N']]
трапеза,"['148430-N', '106934-N']","[['153493-N'], ['106933-N']]"
беспорядочность,"['118252-N', '119369-N']","[['150306-N'], ['106924-N']]"
закуска,"['108823-N', '118825-N', '112413-N']","[['107778-N'], ['106934-N'], ['106934-N']]"
перевалочный_терминал,['144375-N'],[['3126-N']]
микроэлектроника,"['858-N', '143181-N']","[['857-N', '7557-N'], ['510-N']]"
лютеранин,['8287-N'],[['8124-N']]
информационный_лента,['152867-N'],[['106508-N']]
агрохимический_мероприятие,['9212-N'],[['4431-N']]
добровольный_характер,['130872-N'],[['135601-N']]
физкультурник,"['134833-N', '1626-N']","[['134601-N', '135277-N'], ['150555-N']]"
регистрация_рождение,['149216-N'],[['6562-N']]
медицинский_формирование,['6324-N'],"[['106560-N', '145190-N']]"
разборчивость,"['118938-N', '119005-N']","[['118937-N', '119351-N'], ['119007-N']]"
демпинговый_процесс,['5528-N'],"[['833-N', '2055-N']]"
таранто,['104125-N'],[['207-N']]
арабатский_стрелка,['106394-N'],[['118528-N']]
премия_кинофестиваль,['143954-N'],[['2715-N']]
размножение_животное,['126881-N'],[['127089-N']]
плод_и_ягода,['144341-N'],[['4681-N']]
стиль_спортивный_плавание,['9817-N'],[['106552-N']]
отставник,['134836-N'],[['150555-N']]
поделочный_камень,['108551-N'],"[['3417-N', '106536-N']]"
уорикшир,['121782-N'],[['121752-N']]
госизмена,['5359-N'],"[['827-N', '111281-N', '135004-N']]"
самарканд,['102554-N'],[['8247-N']]
энергетический_система,['2091-N'],[['115790-N']]
многоходовка,['120160-N'],[['106471-N']]
медвежатник,"['146731-N', '136375-N', '115366-N']","[['111506-N'], ['121980-N'], ['4233-N']]"
перекал,['116146-N'],[['127484-N']]
клык,"['126455-N', '117001-N', '111425-N']","[['106580-N'], ['109417-N'], ['109221-N']]"
кизел,['102386-N'],[['136893-N']]
люйшунь,['128138-N'],[['207-N']]
резиновый_покрышка,['124311-N'],"[['5242-N', '107071-N', '111918-N']]"
комбинирование,['110049-N'],[['106557-N']]
техподдержка,['144139-N'],"[['106472-N', '135413-N']]"
прессинг,"['127111-N', '144388-N']","[['106817-N', '116506-N'], ['144387-N']]"
обязательность,"['132935-N', '121065-N']","[['118773-N', '119473-N'], ['121064-N']]"
ханда,['100206-N'],"[['100022-N', '100079-N']]"
панамец,['126598-N'],"[['132681-N', '139862-N', '126592-N']]"
нетрудовой_доход,['4699-N'],[['588-N']]
стрелка_из_лук,['111382-N'],"[['1626-N', '114911-N']]"
шкафчик,['107289-N'],"[['1253-N', '107038-N']]"
тройский_унция,['129925-N'],[['109974-N']]
бейрут,['104746-N'],"[['207-N', '3208-N']]"
земельный_владение,['4644-N'],"[['1313-N', '2594-N']]"
жеребенок,['109847-N'],"[['935-N', '107807-N']]"
застывание,"['119492-N', '122204-N']","[['119491-N', '119493-N'], ['111097-N', '111109-N']]"
йод,"['5322-N', '131850-N']","[['135863-N'], ['1067-N', '111683-N']]"
крючок_для_вязание,['138134-N'],[['111960-N']]
сделка_с_квартира,['149276-N'],[['149219-N']]
обаятельность,['118625-N'],[['118624-N']]
надым,['103272-N'],[['242-N']]
касли,['103071-N'],[['242-N']]
резина,"['913-N', '5242-N']","[['820-N', '919-N', '106536-N'], ['109873-N']]"
овощеводство,['4591-N'],[['322-N']]
шарлатанка,['115617-N'],"[['110103-N', '111320-N']]"
оппозиционный_отношение,['123492-N'],[['106882-N']]
цветочек,"['965-N', '145889-N', '150718-N']","[['144172-N'], ['133213-N'], ['107987-N']]"
день_благодарение,['136572-N'],[['137000-N']]
сфера_гидротехник,['146816-N'],[['3101-N']]
повторный_съемка,['152485-N'],"[['107602-N', '111641-N']]"
нонкомформист,['136055-N'],[['107524-N']]
эстрадный_артистка,['126787-N'],[['1413-N']]
машинописный_работа,['4933-N'],[['135041-N']]
мурафа,['100873-N'],"[['100022-N', '100079-N']]"
нетрудоспособный_население,['618-N'],[['369-N']]
ложбинка,['108622-N'],[['3486-N']]
выбалтывание,['118139-N'],"[['107094-N', '120087-N', '1885-N', '106887-N']]"
исполнение_бюджет,['134034-N'],[['106494-N']]
пепелище,['133597-N'],[['106451-N']]
опаска,['119239-N'],"[['119237-N', '119963-N']]"
изгнанник,['131724-N'],[['152714-N']]
коксохимический_производство,['521-N'],[['520-N']]
полуфинальный_встреча,['113475-N'],"[['1625-N', '106961-N']]"
браконьер,['121290-N'],[['639-N']]
дисциплинарный_ответственность,['3696-N'],[['8263-N']]
гиена,['109131-N'],[['107795-N']]
откуп,['118061-N'],"[['112280-N', '117914-N']]"
кружечка,['107057-N'],[['154237-N']]
женьшень,['5807-N'],[['6862-N']]
анафема,['125016-N'],[['125014-N']]
отчим,['5103-N'],"[['5099-N', '153536-N']]"
реплика_разговор,['107398-N'],[['107257-N']]
стратегический_носитель,['143906-N'],[['1690-N']]
единица_мощность_взрыв,['138642-N'],[['133242-N']]
лук_зеленый,['144347-N'],[['144182-N']]
пункт_погрузка,['3317-N'],[['117676-N']]
кровать,['5254-N'],"[['1253-N', '142815-N']]"
штрафной_стоянка,['153601-N'],[['8266-N']]
затверделость,"['119483-N', '129363-N']","[['117806-N'], ['106451-N']]"
четверка,"['121148-N', '153349-N']","[['113429-N'], ['143687-N']]"
нарушение_конституция,['136-N'],[['647-N']]
выцарапывание,"['119494-N', '125902-N', '125900-N']","[['107002-N', '111916-N'], ['125901-N'], ['110911-N']]"
полегание,['116912-N'],[['111066-N']]
подружка_невеста,['136089-N'],[['106891-N']]
доля_в_процент,['133872-N'],"[['107583-N', '113161-N']]"
нить_синтетический,['149712-N'],[['5054-N']]
мужской_организм,['147567-N'],[['4806-N']]
уборка_территория,['147879-N'],[['111903-N']]
обнаружитель,['130812-N'],"[['3648-N', '130757-N']]"
наш_эра,['137009-N'],[['126940-N']]
самоедство,['128989-N'],"[['117385-N', '128925-N', '145572-N']]"
фотография,"['6816-N', '5189-N', '111644-N']","[['149440-N'], ['111641-N'], ['107182-N']]"
шлюпка,['9916-N'],[['5030-N']]
травля,"['129222-N', '114475-N', '118094-N']","[['117530-N', '153127-N'], ['111609-N', '112162-N'], ['107181-N', '116506-N']]"
резиновый_полусапожок,['131278-N'],"[['8211-N', '131277-N']]"
сберегательный_банк,['1830-N'],"[['1278-N', '142951-N']]"
квадратный_метр,['129662-N'],[['109684-N']]
восточный_европа,['105573-N'],[['105570-N']]
обуздывание,['133231-N'],[['123532-N']]
измышление,"['120104-N', '118634-N']","[['107178-N'], ['111983-N', '106467-N', '115751-N']]"
описка,['110753-N'],[['154560-N']]
платок_на_голова,['146418-N'],"[['3510-N', '108676-N']]"
газотурбинный_техника,['8422-N'],"[['2100-N', '143511-N']]"
хозяйственник,"['124817-N', '6770-N']","[['7238-N', '7239-N', '116190-N'], ['7238-N', '7239-N', '7240-N']]"
военщина,['125675-N'],[['107524-N']]
инфекционно-вирусный_болезнь,['2046-N'],[['1054-N']]
трамвайчик,['193-N'],"[['169-N', '179-N', '191-N', '144362-N']]"
железногорск_курский_область,['101540-N'],[['136784-N']]
западный_европа,['105572-N'],[['105570-N']]
звездность,"['155137-N', '115172-N']","[['106775-N'], ['131683-N']]"
трезвон,"['123879-N', '116633-N']","[['116633-N', '123878-N'], ['107093-N']]"
шнурок,['116415-N'],[['116413-N']]
импортер,['3645-N'],[['141259-N']]
таймер,['143033-N'],"[['110207-N', '112394-N']]"
хвойный_лес,['9703-N'],[['258-N']]
настраивание,"['132848-N', '117535-N']","[['106490-N'], ['110474-N']]"
авария_радиационный,['1005-N'],"[['4427-N', '5195-N']]"
арарат,"['100307-N', '106280-N']","[['134142-N'], ['3484-N']]"
кунда,['103216-N'],[['242-N']]
материальный_культура,['145950-N'],[['1427-N']]
ежедневный_газета,['133187-N'],[['1354-N']]
послание,"['123813-N', '3033-N']","[['106459-N'], ['2966-N']]"
женский_головной_убор,['108795-N'],"[['3510-N', '108091-N']]"
в_приватный_порядок,['134082-N'],[['106768-N']]
синтетический_моющий_средство,['131299-N'],[['109368-N']]
разногласие,"['107213-N', '137308-N']","[['106647-N', '118966-N'], ['106829-N']]"
швартовка,['5463-N'],"[['112286-N', '106698-N']]"
батюшка,"['110462-N', '2656-N']","[['7365-N', '8388-N'], ['2655-N', '132896-N']]"
початок,"['115998-N', '115999-N']","[['108443-N'], ['115998-N']]"
выпускание,['114519-N'],[['107692-N']]
печатный_оттиск,['145858-N'],"[['4142-N', '111406-N']]"
мать_жена,['126831-N'],[['144047-N']]
воздушный_пространство,['224-N'],[['106610-N']]
ставень,['126142-N'],[['115944-N']]
пациентка,['5417-N'],[['4846-N']]
победительница,['113544-N'],[['138167-N']]
графство,"['130734-N', '150068-N']","[['2052-N'], ['4644-N']]"
диаспора,['703-N'],[['767-N']]
проектно-конструкторский_деятельность,['5876-N'],[['5873-N']]
рукоплескание,['115043-N'],"[['106878-N', '115039-N']]"
деятель_революционный_движение,['123407-N'],"[['2149-N', '106857-N', '127291-N']]"
бросок_в_игра,['151504-N'],"[['111022-N', '144387-N']]"
балтиец,['125141-N'],[['237-N']]
интенсификация,['839-N'],"[['833-N', '106839-N']]"
сводный_брат,['139892-N'],[['4258-N']]
фашизм,['3144-N'],"[['600-N', '2801-N', '6639-N']]"
лесной_насаждение,['4763-N'],"[['988-N', '4762-N']]"
утренник,['114671-N'],[['1446-N']]
уважительность,"['114217-N', '137461-N']","[['106647-N', '138596-N'], ['133338-N']]"
стабилизатор,"['135171-N', '129208-N']","[['820-N'], ['128296-N']]"
христианский_таинство,['129246-N'],[['8031-N']]
река_луг,['101698-N'],[['100022-N']]
доходный_дом,['148246-N'],[['4749-N']]
простата,['9535-N'],[['9534-N']]
регламент_деятельность,['113258-N'],"[['106450-N', '106489-N']]"
водный_объект,['2412-N'],"[['7166-N', '141136-N']]"
контрольно-измерительный_прибор,['3648-N'],"[['2489-N', '2754-N']]"
дубай,['104502-N'],[['100103-N']]
ольхон,['100366-N'],[['3465-N']]
исполнительный_власть,['1340-N'],[['3706-N']]
шуруп,['110644-N'],[['5469-N']]
в_общий_сложность,['118941-N'],[['118940-N']]
потертость,['124669-N'],"[['119870-N', '124668-N']]"
однородность,['118219-N'],[['118218-N']]
модель_описание,['132692-N'],[['121960-N']]
почечный_лоханка,['124735-N'],[['109980-N']]
луковица_чеснок,['143136-N'],[['132200-N']]
хонь,['105910-N'],[['242-N']]
краешек,['107570-N'],[['106514-N']]
торпедный_атака,['117139-N'],[['115663-N']]
утренний_сумерки,['150734-N'],[['135122-N']]
табель,"['3196-N', '107464-N']","[['3474-N'], ['106989-N', '107463-N']]"
австрало-азиатский_средиземный_море,['105169-N'],[['241-N']]
поездка,['2661-N'],[['111094-N']]
зануда,['131409-N'],[['131410-N']]
тасовка,"['116688-N', '135350-N']","[['115234-N'], ['106585-N']]"
цепочка,"['107207-N', '130741-N']","[['106583-N'], ['106553-N', '107496-N']]"
паралич,"['147555-N', '5567-N']","[['147556-N'], ['6337-N', '9045-N']]"
магистр_орден,['141707-N'],"[['4860-N', '106606-N']]"
ярмо,['129685-N'],[['106613-N']]
прибалтика,['105584-N'],[['100076-N']]
флорида,"['106362-N', '106367-N']","[['100029-N'], ['3392-N']]"
город_северный_европа,['136273-N'],[['136274-N']]
фаланга,"['125299-N', '129408-N']","[['107850-N'], ['109221-N']]"
дискография,['136950-N'],[['121960-N']]
снайпер_команда,['146577-N'],"[['1626-N', '110092-N']]"
измерительный_инструмент,['2489-N'],[['1320-N']]
метание_молотый,['126811-N'],"[['7966-N', '112585-N']]"
съемка_видеофильм,['4642-N'],"[['4918-N', '116498-N']]"
эмульсия,"['136812-N', '124588-N']","[['130726-N'], ['3675-N', '115244-N']]"
перекрашивание,"['111621-N', '121365-N']","[['107458-N', '120969-N'], ['111621-N', '107458-N']]"
лесоохотничий_хозяйство,['4082-N'],[['525-N']]
электротехнический_средство,['2070-N'],[['149201-N']]
сельскохозяйственный_политика,['4238-N'],"[['833-N', '142254-N']]"
монастырь,['1158-N'],[['1136-N']]
объект_связь,['141128-N'],[['2525-N']]
взятие_ворота,['121049-N'],"[['121048-N', '126070-N']]"
расторжение_брачный_договор,['6558-N'],"[['5210-N', '114690-N', '145354-N', '149129-N']]"
первичный_организация_партия,['3433-N'],"[['5116-N', '143856-N']]"
религиозный_святыня,['132712-N'],[['106554-N']]
наган,['112932-N'],[['112258-N']]
добыча_урановый_сырье,['142691-N'],[['112640-N']]
масон,['126678-N'],[['107524-N']]
электрокабель,['143814-N'],"[['2070-N', '4708-N']]"
профессиональный_образование,['1610-N'],[['1607-N']]
мособлдума,['151242-N'],[['121642-N']]
мотогонщица,['120494-N'],"[['5577-N', '112547-N']]"
эскулап,['1045-N'],"[['1044-N', '134969-N']]"
легковес,['114029-N'],[['1626-N']]
дальневосточный_кронштадт,['102411-N'],[['3465-N']]
генеральный_подрядчик,['3974-N'],[['3973-N']]
союз_государство,['6734-N'],[['111490-N']]
перезвон,['133632-N'],[['123878-N']]
веселый_времяпровождение,['120076-N'],[['126589-N']]
многоступенчатый_ракета,['139894-N'],[['3843-N']]
репертуар,['134533-N'],[['106508-N']]
полевой_игрок,['148913-N'],"[['1626-N', '110092-N']]"
стабильность,['119009-N'],"[['118598-N', '127016-N']]"
засуживание,"['131599-N', '131598-N']","[['113119-N', '115751-N', '116390-N', '120251-N'], ['3496-N', '144155-N']]"
чернобыльский_авария,['10018-N'],[['122137-N']]
сырой_нефть,['108-N'],"[['8998-N', '146017-N']]"
попечитель,"['144390-N', '4261-N', '144440-N']","[['121084-N'], ['113713-N', '144438-N'], ['144438-N']]"
вегетарианец,['121509-N'],[['153097-N']]
водовод,['149473-N'],"[['6489-N', '112312-N']]"
схема_образование,['106496-N'],[['106493-N']]
госбюджетный_организация,['2041-N'],"[['106560-N', '134781-N']]"
электронный_браслет,['154049-N'],[['7697-N']]
вагон_пассажирский,['7137-N'],[['133841-N']]
орудийный_лафет,['126601-N'],[['121103-N']]
участие_в_партизанский_движение,['127457-N'],[['106856-N']]
судно_гражданский_авиация,['129632-N'],"[['212-N', '8659-N']]"
привязанность,['116519-N'],"[['106647-N', '119886-N']]"
представление_в_театр,['4755-N'],[['1446-N']]
покровитель,['116774-N'],[['113713-N']]
сбрызгивание,['116564-N'],"[['110779-N', '114638-N']]"
балетный_спектакль,['121700-N'],[['9024-N']]
маршевый_лестница,['143017-N'],[['107201-N']]
забайкальский_край,['146926-N'],[['2639-N']]
медиаплеер,['148613-N'],[['141930-N']]
туристический_байдарка,['8718-N'],[['145991-N']]
обводнение,['9092-N'],[['489-N']]
сыщик,['129475-N'],"[['136183-N', '138467-N']]"
чистюля,['129534-N'],[['129535-N']]
служащий_гражданин,['2551-N'],[['2550-N']]
термогенератор,['145141-N'],"[['2067-N', '4435-N']]"
отечность,['119446-N'],[['119445-N']]
гребной_шлюпка,['9916-N'],[['5030-N']]
единица_объем,['109783-N'],[['8646-N']]
курейка,['100948-N'],"[['100022-N', '100079-N']]"
четырехлетний_период,['148770-N'],[['106731-N']]
водла,['101223-N'],[['100022-N']]
сборщица,"['116078-N', '152846-N']","[['110125-N'], ['2550-N', '114405-N']]"
белизна,['109494-N'],[['106944-N']]
хозяйственный_товар,['2512-N'],[['130019-N']]
пересаживание,"['123622-N', '133677-N', '123844-N']","[['112813-N'], ['120166-N'], ['115773-N', '123845-N']]"
военнообязанный_лицо,['793-N'],[['2553-N']]
систематичность,['119900-N'],[['119236-N']]
кислородно-конвертерный_сталь,['131283-N'],[['65-N']]
мелиоративный_канал,['129991-N'],"[['6162-N', '107425-N', '149473-N']]"
участница,['106857-N'],[['138167-N']]
диксон,['101257-N'],[['3465-N']]
антилопа,['108288-N'],[['107772-N']]
концертно-зрелищный_мероприятие,['1444-N'],[['144093-N']]
приставка,"['110612-N', '137931-N']","[['124077-N'], ['106555-N']]"
хвойный_лапа,['116754-N'],[['109622-N']]
атеизм,['4400-N'],"[['119563-N', '134025-N']]"
полнородный_сестра,['7581-N'],"[['3230-N', '4259-N', '146923-N']]"
искрение_контакт,['131793-N'],[['110474-N']]
додача,['120899-N'],[['118698-N']]
степенность,['124682-N'],"[['119255-N', '119261-N']]"
течение_искусство,['108333-N'],[['151350-N']]
речной_шлюз,['244-N'],[['491-N']]
бездействие,['120128-N'],[['106563-N']]
считание,['119737-N'],[['106541-N']]
феодальный_вассал,['129707-N'],[['121230-N']]
показной_сторона,['119070-N'],"[['119072-N', '119311-N']]"
могильщик,"['132695-N', '153832-N']","[['110125-N'], ['106613-N']]"
аллерголог,['124978-N'],[['1045-N']]
зуб,"['107506-N', '109417-N']","[['107203-N'], ['106580-N']]"
защитный_головной_убор,['108324-N'],"[['3510-N', '144427-N']]"
белый_движение,['134827-N'],[['3142-N']]
чашка,['107056-N'],"[['126802-N', '126833-N', '154237-N']]"
белоруска,['106125-N'],"[['132681-N', '134360-N', '139862-N', '139247-N']]"
выдаивание,['5684-N'],"[['5685-N', '114245-N']]"
ямайка,"['104904-N', '103523-N']","[['2062-N'], ['3465-N']]"
отец_церковь,['142794-N'],"[['4544-N', '117797-N']]"
выгреб,['152849-N'],[['107304-N']]
организация_по_добыча,['143307-N'],[['57-N']]
синтетический_ткань,['108570-N'],"[['919-N', '2135-N']]"
ощущение_жажда,['106928-N'],"[['106462-N', '106476-N']]"
земледелие,['4996-N'],"[['52-N', '252-N', '106534-N']]"
тунгусо-маньчжурский_язык,['148206-N'],[['148133-N']]
саутгемптон,"['103596-N', '104188-N']","[['207-N'], ['3465-N']]"
дактилоскопирование,['7716-N'],[['106686-N']]
полимерный_соединение,['3396-N'],[['108760-N']]
обличительница,['142471-N'],[['152714-N']]
восточно-казахстанский_область,['100697-N'],[['100056-N']]
анабиоз,['124999-N'],"[['114833-N', '125011-N']]"
процентщик,['124453-N'],"[['2149-N', '4294-N']]"
пук,['121266-N'],[['107466-N']]
больничный_оборудование,['141952-N'],[['2977-N']]
карпинск,['102616-N'],[['242-N']]
лучок,"['144347-N', '144182-N']","[['144182-N'], ['348-N', '6878-N', '107867-N']]"
фрахтовый_договор,['143470-N'],[['2748-N']]
огненный_стихия,['1006-N'],"[['3061-N', '113412-N', '113413-N']]"
матпомощь,['143090-N'],[['1515-N']]
автомобильный_гонка,['112599-N'],[['111793-N']]
скромность,"['137911-N', '119155-N', '132937-N']","[['114022-N'], ['106924-N'], ['118914-N', '132915-N']]"
кухонный_плита,['5723-N'],"[['3770-N', '146864-N']]"
круглый_скобка,['126837-N'],[['113101-N']]
ракетка,['111685-N'],"[['2498-N', '143156-N']]"
укладка_асфальт,['4639-N'],"[['4635-N', '111413-N', '111871-N']]"
ядерный_техника,['2073-N'],[['2067-N']]
нижний_белье,['8351-N'],"[['1256-N', '4204-N']]"
расселение,"['128789-N', '139430-N', '146917-N']","[['106585-N', '106700-N', '115447-N'], ['111688-N', '146917-N'], ['106617-N', '135044-N']]"
гидрогеология,['8643-N'],[['269-N']]
архивоведение,['4857-N'],"[['2158-N', '106562-N']]"
пушкинист,['140690-N'],[['4930-N']]
бикфордов_шнур,['125404-N'],"[['140502-N', '141892-N']]"
силовой_тренировка,['152958-N'],[['9849-N']]
кубовый_цвет,['110504-N'],[['153159-N']]
перекрытие_здание,['119980-N'],[['537-N']]
измеритель,"['131731-N', '2489-N']","[['2550-N'], ['1320-N']]"
финишный_этап,['117721-N'],[['113802-N']]
волюнтаризм,['130135-N'],"[['107489-N', '134174-N']]"
обливание_прохладный_вода,['153686-N'],"[['110780-N', '123383-N', '150578-N']]"
музыкальный_канон,['148426-N'],[['125919-N']]
жемчужница,['113578-N'],[['128740-N']]
сверхзадача,['148651-N'],[['148650-N']]
полутьма,['134007-N'],[['106446-N']]
химик_органик,['145267-N'],[['9236-N']]
непостоянство,['119588-N'],[['150752-N']]
артиллерийский_батарея,['121696-N'],[['790-N']]
подсудимый,['6170-N'],"[['3971-N', '138631-N', '140250-N']]"
спортивный_занятие,['147521-N'],[['106501-N']]
предпродажный_подготовка,['144384-N'],[['119669-N']]
высказывание,"['106877-N', '106876-N', '107257-N']","[['106542-N', '106876-N'], ['146664-N'], ['151257-N']]"
член_большевистский_партия,['125381-N'],[['7976-N']]
абрикос,"['144197-N', '144304-N']","[['354-N', '144322-N'], ['107956-N', '144253-N']]"
символизм,"['134896-N', '109407-N']","[['132690-N'], ['108333-N']]"
егорьевск,['102075-N'],[['136788-N']]
домашний_коза,['111292-N'],"[['9279-N', '111291-N']]"
историко-культурный_комплекс,['1580-N'],[['3599-N']]
оторванность,['133477-N'],[['119869-N']]
медалист,"['154958-N', '115364-N']","[['126-N', '115364-N'], ['113544-N', '113941-N']]"
протодиакон,['110861-N'],[['10061-N']]
радикализация,['147139-N'],"[['6646-N', '147138-N']]"
каемка,['108814-N'],[['149355-N']]
некоренной_национальность,['6726-N'],[['369-N']]
разъем,['132869-N'],[['132868-N']]
имола,['104086-N'],[['242-N']]
летательный_аппарат,['211-N'],[['106555-N']]
штучка,['120561-N'],[['106554-N']]
присоска,"['145465-N', '128329-N']","[['106553-N'], ['106580-N']]"
обливание,"['153686-N', '110780-N']","[['110780-N', '123383-N', '150578-N'], ['106938-N', '107325-N']]"
политпартия,['2382-N'],"[['2260-N', '149685-N']]"
боец,"['130565-N', '926-N']","[['106857-N', '152714-N'], ['792-N']]"
неестественность,"['119060-N', '119073-N']","[['111133-N', '118141-N', '119061-N'], ['106924-N']]"
экологический_чрезвычайный_ситуация,['999-N'],"[['75-N', '3061-N']]"
обои_на_рабочий_стол,['146560-N'],"[['142454-N', '148724-N']]"
полупроводниковый_продукция,['5494-N'],"[['510-N', '2754-N']]"
элегест,['100951-N'],"[['100022-N', '100079-N']]"
ларь,['141326-N'],[['107051-N']]
сметанка,['6018-N'],[['5718-N']]
караван,"['131891-N', '120118-N']","[['145634-N'], ['108660-N']]"
запятая,['113083-N'],[['110846-N']]
обеднение,"['118394-N', '130530-N']","[['116388-N'], ['116390-N']]"
кулиса,['132094-N'],[['126018-N']]
монолитность,['120883-N'],[['119235-N']]
принцесса,['114291-N'],"[['110604-N', '110641-N', '123358-N']]"
космический_челнок,['7384-N'],"[['1023-N', '8250-N']]"
поводок,['124498-N'],"[['109611-N', '127322-N']]"
аскорбинка,['6184-N'],"[['2980-N', '133017-N']]"
дезинсекционный_работа,['4759-N'],"[['1052-N', '114475-N']]"
дверца,"['121448-N', '107150-N']","[['115944-N'], ['107311-N']]"
журнальный_продукция,['1346-N'],"[['1345-N', '4142-N']]"
река_сула,"['102418-N', '100835-N']","[['100022-N', '100079-N'], ['100022-N', '100079-N']]"
кочегар,['126533-N'],[['126369-N']]
гостевой_дом,['154608-N'],[['142305-N']]
красноуфимск,['102627-N'],[['242-N']]
спортивный_гонка,['111793-N'],[['1625-N']]
мочалка,['121268-N'],[['121266-N']]
лояльность,['137425-N'],"[['119886-N', '119888-N']]"
трио,"['110319-N', '110318-N', '137970-N']","[['121687-N'], ['4235-N'], ['106627-N', '114781-N', '154589-N']]"
жвачка,"['126143-N', '140692-N']","[['368-N'], ['107277-N']]"
додача,['120899-N'],[['118698-N']]
излом,"['131727-N', '107473-N', '151755-N']","[['152915-N'], ['107471-N', '107472-N'], ['107143-N', '128594-N', '149339-N']]"
грелка,['126845-N'],[['9027-N']]
макуха,['146294-N'],[['110145-N']]
многовластие,['126998-N'],[['125989-N']]
сахарок,['1230-N'],"[['368-N', '8325-N', '142577-N']]"
глупый_упрямец,['126310-N'],"[['111392-N', '126312-N']]"
новосибирский_область,['102219-N'],[['2640-N']]
бронхиальный_астма,['9655-N'],"[['9402-N', '9462-N']]"
правило_техника_безопасность,['3100-N'],[['106450-N']]
смрадность,['119859-N'],[['119843-N']]
обескураженность,['119392-N'],[['119391-N']]
ртутный_термометр,['146225-N'],[['146265-N']]
дополнительный_ремарка,['124511-N'],[['111134-N']]
минарет,['109902-N'],[['107725-N']]
новый_гебрид,['128125-N'],[['6943-N']]
сноска_в_текст,['124510-N'],[['124511-N']]
беспризорность,['5216-N'],[['151867-N']]
привлекательность,"['139366-N', '121180-N']","[['114651-N'], ['118150-N']]"
организация_объединить_нация,['9570-N'],[['1891-N']]
транспортный_оборудование,['2316-N'],[['1320-N']]
сердечный_приступ,['137569-N'],[['109636-N']]
слюна,['114636-N'],[['110869-N']]
усадка,['114912-N'],[['106637-N']]
донбасс,['138198-N'],[['138291-N']]
вольер,['123626-N'],"[['111506-N', '123627-N']]"
преамбула_документ,['114506-N'],[['125764-N']]
экономический_риск,['147676-N'],[['116480-N']]
выездной_обслуживание,['150579-N'],[['7064-N']]
печора_в_псковский_область,['102485-N'],[['136894-N']]
предписание,"['107371-N', '128264-N', '139836-N']","[['106447-N'], ['106876-N', '111944-N'], ['107374-N', '106817-N']]"
увертливость,['119288-N'],"[['117959-N', '119286-N']]"
пешеходный_зона,['140255-N'],"[['9171-N', '107508-N']]"
скульптурный_рельеф,['145988-N'],[['4741-N']]
гонолулу,['106368-N'],[['138831-N']]
геймер,['147181-N'],[['110092-N']]
огуречный_плеть,['144338-N'],[['143519-N']]
вместительность,['119744-N'],[['114019-N']]
перекращать,['106485-N'],[['118698-N']]
завивка,"['110351-N', '111431-N']","[['109108-N'], ['106493-N', '122091-N']]"
скейтбординг,['143018-N'],[['147123-N']]
девелоперский_деятельность,['149289-N'],[['140306-N']]
личный_право,['2018-N'],[['107696-N']]
цепочка,"['107207-N', '130741-N']","[['106583-N'], ['106553-N', '107496-N']]"
распутывание,"['128808-N', '130469-N', '130468-N']","[['106678-N'], ['107410-N'], ['110910-N', '121100-N']]"
электронный_сообщение,['148633-N'],[['3033-N']]
кровный_родство,['148618-N'],[['3232-N']]
физический_энтропия,['136905-N'],[['110871-N']]
кумир,['125378-N'],[['126308-N']]
ингода,['103163-N'],[['100022-N']]
анализ_финансовый_состояние_предприятие,['150878-N'],[['150802-N']]
затихание,"['114833-N', '114834-N']","[['106484-N', '119625-N'], ['114833-N']]"
нулевой_ставка,['140654-N'],[['130024-N']]
нахабино,['147377-N'],[['136788-N']]
антрацит,['112482-N'],[['4634-N']]
черепица,['5595-N'],"[['5503-N', '6401-N']]"
столик,"['107294-N', '151687-N']","[['1253-N', '106554-N'], ['146834-N']]"
крутость,"['115908-N', '119113-N']","[['114019-N', '115906-N'], ['118168-N']]"
невозможность,"['147556-N', '118833-N']","[['106446-N'], ['119439-N']]"
буковин,['142917-N'],[['100077-N']]
лихачество_в_езда,['126636-N'],[['126637-N']]
пересесть,['144952-N'],"[['107602-N', '112815-N']]"
оборотень,['111318-N'],"[['111309-N', '153006-N']]"
транспортный_работа,['4633-N'],[['135041-N']]
устный_перевод,['137434-N'],[['113971-N']]
родий,['7644-N'],"[['2868-N', '6392-N']]"
коллективность,['119947-N'],[['118940-N']]
коммерческий_счет,['151127-N'],"[['5276-N', '143326-N']]"
новоуральск,['105926-N'],[['242-N']]
должностной_обязанность,['6600-N'],[['137247-N']]
с_натура,['113084-N'],[['107006-N']]
ремонт_обувь,['133125-N'],"[['464-N', '1250-N']]"
прокладочный_слой,['107436-N'],[['107193-N']]
работник_московский_угро,['138468-N'],[['138467-N']]
злодеяние,['111394-N'],"[['111260-N', '112981-N']]"
специализировать_детский_учреждение,['1593-N'],[['129-N']]
движение_за_мир,['3747-N'],"[['3142-N', '106713-N']]"
переяславль,['105958-N'],[['136889-N']]
рецептура,"['123458-N', '134577-N', '146072-N']","[['106552-N'], ['123458-N', '146072-N'], ['106552-N']]"
недисциплинированность,['128590-N'],"[['139083-N', '140166-N']]"
взыскание,"['116489-N', '116488-N']","[['1847-N'], ['106817-N', '116821-N']]"
патрон,"['4715-N', '132865-N']","[['811-N'], ['132864-N', '132872-N']]"
стоматологический_коронка,['132709-N'],[['8560-N']]
истопница,['126369-N'],[['110125-N']]
уровень_вода,['126693-N'],[['106761-N']]
разбитость,['120064-N'],[['107336-N']]
предание,"['133750-N', '112463-N']","[['111611-N'], ['107659-N']]"
обуза,['133229-N'],"[['106778-N', '129685-N']]"
скамейка_запасный,['148495-N'],[['117634-N']]
атлетический_гимнастика,['125104-N'],"[['5648-N', '8138-N']]"
стрекотня,"['106963-N', '118325-N']","[['106945-N'], ['107094-N', '118140-N']]"
неслыханность,['119118-N'],"[['118204-N', '118229-N']]"
крепежный_приспособление,['5464-N'],"[['466-N', '106553-N']]"
опиум,['8495-N'],[['138009-N']]
шпион,"['147101-N', '124631-N']","[['8455-N'], ['111212-N']]"
последователь_марксизм,['126614-N'],"[['6650-N', '126679-N']]"
либерализация_экономика,['155144-N'],"[['335-N', '122207-N']]"
резка_металл,['143327-N'],"[['3038-N', '107412-N']]"
балхаш,"['101109-N', '100956-N']","[['100070-N'], ['242-N']]"
дефибрилляция,['136420-N'],[['7529-N']]
вегетарианство,['121510-N'],"[['4230-N', '132973-N']]"
земноводный_вид,['9195-N'],[['144174-N']]
пожарный_оборона,['141028-N'],[['106711-N']]
икорец,['100884-N'],"[['100022-N', '100079-N']]"
переводчик,"['152596-N', '6538-N']","[['148785-N'], ['2550-N', '150555-N']]"
усвоение,"['118403-N', '130167-N', '120824-N']","[['106676-N'], ['106678-N', '106709-N', '111885-N'], ['113030-N', '115222-N']]"
петелька,"['119811-N', '113033-N']","[['119810-N'], ['107087-N']]"
цахур,['106208-N'],"[['100046-N', '106197-N']]"
хруст,['112921-N'],[['106962-N']]
распаковка,"['116343-N', '146661-N']","[['121100-N'], ['118693-N']]"
прадедушка,['120909-N'],"[['2656-N', '117795-N', '117796-N', '132896-N']]"
разруливание,['137751-N'],[['107489-N']]
гастроэнтерология,['9228-N'],[['1047-N']]
нетрадиционный_вид_энергия,['8552-N'],[['4-N']]
голова_животное,['107735-N'],[['107732-N']]
лучница,['111382-N'],"[['1626-N', '114911-N']]"
взрывоопасный_ситуация,"['135531-N', '152975-N']","[['8193-N', '106547-N'], ['106547-N']]"
приглашение,"['137297-N', '115174-N']","[['106818-N'], ['107344-N']]"
плавление_металл,['153408-N'],[['111098-N']]
барашек,"['112444-N', '109699-N']","[['940-N', '107807-N'], ['5821-N']]"
агония,['108917-N'],[['106567-N']]
электрохимия,['7880-N'],[['6206-N']]
албанец,['105356-N'],"[['105336-N', '132681-N', '139862-N', '106123-N']]"
спортивный_инвентарь,['2498-N'],"[['106553-N', '130019-N', '131272-N']]"
печора,"['101393-N', '102413-N', '102485-N']","[['242-N'], ['100022-N'], ['136894-N']]"
спортивный_молотый,['118034-N'],[['128563-N']]
потомство,"['139803-N', '128320-N']","[['127647-N'], ['127647-N', '155152-N']]"
заряд_бодрость,['120093-N'],[['118574-N']]
спекуляция,"['118482-N', '142399-N']","[['106497-N'], ['114577-N']]"
греческий_столица,['103755-N'],[['3208-N']]
совместность,['118940-N'],[['124019-N']]
неприятель,['107557-N'],[['107555-N']]
волгодонск,['102534-N'],[['136895-N']]
нетканый_материал,['117159-N'],[['108527-N']]
объявление,"['145776-N', '106540-N', '106836-N']","[['106540-N', '106884-N'], ['106542-N'], ['106835-N']]"
автобус,['156-N'],"[['154-N', '144362-N']]"
трафаретный_печать,['143724-N'],[['5931-N']]
государственный_пожарный_надзор,['136821-N'],"[['1869-N', '6898-N']]"
временной_отрезок,['106723-N'],[['106720-N']]
фортепиано,['5261-N'],[['9691-N']]
калька,"['149423-N', '118706-N']","[['125823-N'], ['2037-N']]"
докладчица,['116893-N'],[['152714-N']]
ухо,"['154022-N', '114152-N', '145664-N']","[['133133-N'], ['106580-N'], ['10117-N']]"
легкоатлетический_ядро,['114564-N'],[['128563-N']]
форма_республика,['149986-N'],[['7984-N']]
враг,"['107552-N', '107557-N', '107555-N']","[['138167-N'], ['107555-N'], ['154061-N']]"
дорывание,['111791-N'],"[['106772-N', '112004-N']]"
малый_антильский_остров,['104375-N'],[['6943-N']]
усиление,"['137446-N', '106635-N']","[['111983-N'], ['106641-N']]"
хирургический_нож,['143075-N'],"[['5282-N', '126892-N']]"
заквашивание,['118732-N'],[['5731-N']]
градация,['130669-N'],"[['121261-N', '123361-N', '130670-N']]"
пищевкусовой_промышленность,['131300-N'],[['367-N']]
выдох,['115826-N'],[['114519-N']]
эфирный_масло,['136935-N'],"[['3675-N', '146372-N']]"
безрукость,['125250-N'],[['118686-N']]
перебрасывание,"['115653-N', '137813-N', '115650-N']","[['106938-N'], ['111022-N', '117685-N'], ['111022-N']]"
знать_толк,['128588-N'],[['128587-N']]
город_пакистан,['135846-N'],[['242-N']]
механический_заедание,['131227-N'],[['120504-N']]
воздушно-десантный_войско,['3887-N'],[['113365-N']]
ремень_безопасность,['139130-N'],"[['109611-N', '147271-N']]"
спинка_одежда,['140884-N'],[['133133-N']]
лебедянь,['101709-N'],[['136786-N']]
табурет,['107297-N'],[['107295-N']]
нарциссизм,['137138-N'],"[['111367-N', '116804-N']]"
хорошистка,['114991-N'],[['114896-N']]
маргинализация,['146962-N'],[['139989-N']]
славистика,['38-N'],"[['8716-N', '111514-N']]"
ярославль,['103275-N'],"[['100066-N', '136889-N']]"
нищета,"['125193-N', '114916-N']","[['5986-N'], ['114915-N']]"
парламентский_партия,['135089-N'],[['2382-N']]
сытность,['119305-N'],[['119304-N']]
ненецкий_язык,['148212-N'],[['148210-N']]
морозильный_аппарат,['6076-N'],[['557-N']]
ранец,['111451-N'],[['107118-N']]
французский_язык,['106097-N'],[['126972-N']]
плотность_население,['1910-N'],[['9595-N']]
газетный_утка,['148848-N'],[['2270-N']]
кабельно-проводниковый_продукция,['4708-N'],[['113623-N']]
легион,"['138488-N', '146724-N']","[['124282-N'], ['138488-N']]"
площадь_помещение,['144651-N'],[['107315-N']]
малообоснованность,['138204-N'],"[['118135-N', '150737-N']]"
пермский_обл,['102382-N'],[['100077-N']]
мозжечок,['112628-N'],[['106580-N']]
правнучка,['132897-N'],"[['132893-N', '132895-N']]"
летний_лагерь,['136437-N'],[['4752-N']]
аморальность,['119210-N'],[['106924-N']]
реализация_проект,['138540-N'],"[['106978-N', '135041-N']]"
взбалмошность,['123836-N'],[['123835-N']]
летательный_аппарат,['211-N'],[['106555-N']]
индонезия,['103950-N'],[['2062-N']]
друг_женщина,['126110-N'],"[['756-N', '113338-N']]"
великоросск,['1917-N'],"[['3291-N', '139862-N', '139247-N']]"
выноска,['116725-N'],[['110908-N']]
сытность,['119305-N'],[['119304-N']]
скорый_неотложный_помощь,['7588-N'],[['1062-N']]
хорал,['135630-N'],[['114374-N']]
обмолот_зерно,['114124-N'],"[['110916-N', '113575-N']]"
прошествие,['116230-N'],[['106484-N']]
кавалеристка,['126102-N'],[['792-N']]
абадан,['104009-N'],[['135597-N']]
добрососедство,['1112-N'],"[['1701-N', '118987-N']]"
проталина,['126651-N'],[['126650-N']]
оружие_массовый_поражение,['1660-N'],[['1196-N']]
волатильность_цена,['142087-N'],"[['108261-N', '141778-N']]"
прорез,"['114340-N', '123369-N']","[['107412-N', '111853-N'], ['106451-N', '107087-N']]"
строительный_инструмент,['128509-N'],"[['3203-N', '106553-N']]"
бойкость,"['118251-N', '119105-N', '119104-N']","[['117960-N', '119104-N'], ['118496-N'], ['118373-N']]"
кадриль,['108236-N'],"[['8082-N', '124186-N']]"
гидромет,['124192-N'],[['106571-N']]
проставление,['118868-N'],"[['107003-N', '115486-N']]"
подсудность,['7660-N'],[['1645-N']]
шляпник,['147097-N'],[['111238-N']]
больной_диабет,['113842-N'],[['4846-N']]
краснокамск,['102403-N'],[['136893-N']]
подземный_колодец,['108638-N'],"[['3405-N', '107304-N']]"
неявка,['132945-N'],[['114377-N']]
палермо,['104124-N'],[['207-N']]
праведность,['128238-N'],"[['123392-N', '128240-N']]"
покрывать_часть,['144149-N'],"[['106509-N', '147134-N']]"
взяткодатель,['8155-N'],[['639-N']]
семенна_материал,['149945-N'],"[['346-N', '4707-N']]"
предстоятель_церковь,['106115-N'],"[['7242-N', '131833-N']]"
белореченск,['101439-N'],[['137780-N']]
ртуть,['977-N'],"[['948-N', '2868-N']]"
цирковой_предприятие,['1454-N'],[['1417-N']]
жом,['4776-N'],"[['3074-N', '112372-N']]"
псоу,['141681-N'],[['100022-N']]
версия_текст,['145985-N'],"[['2966-N', '106847-N']]"
наречие,"['117751-N', '110617-N']","[['148133-N'], ['110593-N']]"
обваливание,"['117225-N', '123758-N']","[['111031-N', '137421-N'], ['107325-N', '123389-N', '123757-N']]"
человекоподобный_инопланетянин,['131691-N'],[['128346-N']]
внутриядерный_энергия,['16-N'],[['4-N']]
энергия_солнце,['9831-N'],[['8552-N']]
чистка_от_пыль,['146315-N'],[['114441-N']]
генератор,['2072-N'],[['2067-N']]
близнец,"['125320-N', '125222-N', '148958-N']","[['125315-N', '125327-N'], ['146923-N'], ['148802-N']]"
рыхлость,"['140430-N', '115183-N']","[['118752-N'], ['128985-N']]"
укороченность,['135459-N'],[['114022-N']]
календула,['108310-N'],"[['965-N', '4789-N']]"
галера,['108861-N'],"[['108860-N', '145992-N']]"
пярну,['105638-N'],[['242-N']]
кошение,['113330-N'],"[['328-N', '112080-N']]"
старательность,['118028-N'],"[['106924-N', '121064-N']]"
неповоротливость,"['136269-N', '118685-N']","[['118686-N'], ['118686-N']]"
агава,['108918-N'],"[['6883-N', '124052-N']]"
буденновск,['102734-N'],[['137782-N']]
подтверждение_соответствие,['144379-N'],[['137465-N']]
наземный_расположение,['146410-N'],[['146412-N']]
сплавление,"['111487-N', '120278-N']","[['106557-N'], ['111484-N']]"
изоляционный_материал,['133840-N'],[['2409-N']]
магистр_орден,['141707-N'],"[['4860-N', '106606-N']]"
студийный_съемка,['149556-N'],[['111641-N']]
умышленный_убийство,['2275-N'],"[['4271-N', '4628-N']]"
клок,"['107245-N', '121294-N']","[['107131-N'], ['121266-N']]"
поясной_время,['141105-N'],[['9346-N']]
подначка,['128641-N'],"[['117284-N', '118672-N', '110474-N']]"
дровишки,['2432-N'],"[['142-N', '989-N', '147601-N']]"
народ,"['148389-N', '100046-N', '369-N']","[['369-N', '582-N'], ['7739-N'], ['138999-N']]"
перепрофилирование,['141402-N'],[['137430-N']]
гальванотехника,['136306-N'],[['7880-N']]
малахитовый_цвет,['144378-N'],[['109478-N']]
ставка_заработный_плата,['3479-N'],[['116535-N']]
распечатать_лист,['149624-N'],[['111708-N']]
кандалакша,['102111-N'],[['242-N']]
глава_законодательный_орган,['144851-N'],[['106606-N']]
иртыш,['101053-N'],"[['100022-N', '100079-N']]"
прохладительный_напиток,['108342-N'],[['550-N']]
застенок,['140871-N'],[['106451-N']]
техника_для_уборка_урожай,['4419-N'],[['53-N']]
домашний_кошка,['6804-N'],"[['4453-N', '110841-N']]"
актинид,['132880-N'],"[['2868-N', '3836-N']]"
восточный_азия,['106110-N'],[['100076-N']]
авторитетность,['120144-N'],[['125656-N']]
самообучение,['137110-N'],"[['1604-N', '112839-N']]"
музыкальный_коллектив,['1452-N'],[['7634-N']]
суонси,['103583-N'],[['207-N']]
государственный_агентство,['126213-N'],[['2576-N']]
замоскворечье,['101947-N'],[['101897-N']]
каре,"['148978-N', '148999-N', '126411-N']","[['112086-N'], ['118486-N'], ['130648-N']]"
напрасность,"['118608-N', '142863-N']","[['118607-N'], ['119629-N', '138204-N']]"
государственный_награда_рф,['136205-N'],[['6377-N']]
невозмутимость,"['119341-N', '140529-N']","[['106924-N', '118995-N'], ['119602-N']]"
восточно-сибирский_экономический_район,['105111-N'],"[['105349-N', '100076-N']]"
безыскусность,['118869-N'],[['106768-N']]
печора,"['101393-N', '102413-N', '102485-N']","[['242-N'], ['100022-N'], ['136894-N']]"
детский_безнадзорность,['5216-N'],[['151867-N']]
международный_санкция,['154757-N'],[['1847-N']]
кебеж,['100941-N'],"[['100022-N', '100079-N']]"
даровитость,['106767-N'],"[['106765-N', '132928-N']]"
перчатка,"['5856-N', '110350-N']","[['5854-N'], ['2498-N']]"
графство_великобритания,['149776-N'],[['130734-N']]
проказа,"['8764-N', '119595-N']","[['1054-N', '4658-N'], ['119594-N']]"
датирование,"['114435-N', '130756-N']","[['106710-N'], ['107003-N', '107002-N', '116198-N', '145907-N']]"
отстойник,['127405-N'],[['107038-N']]
гусар,['126105-N'],[['126102-N']]
юбилярша,['135710-N'],[['148506-N']]
обездоленность,['132990-N'],[['132917-N']]
клинкер,"['138655-N', '133907-N']","[['134982-N'], ['3351-N']]"
подгонка,['120062-N'],[['116521-N']]
маршальство,['3589-N'],"[['803-N', '124214-N']]"
списание_на_берег,['117083-N'],[['868-N']]
водоподача,['489-N'],[['112144-N']]
недисциплинированность,['128590-N'],"[['139083-N', '140166-N']]"
блюзмена,['144918-N'],"[['1431-N', '112216-N']]"
сфера_радиоэлектроника,['149416-N'],[['857-N']]
признательность,['119065-N'],"[['106647-N', '106651-N']]"
сущий_копейка,['152841-N'],[['121223-N']]
перчаточный_изделие,['5854-N'],[['1256-N']]
сохатый,['5812-N'],"[['936-N', '4091-N']]"
игуана,['138127-N'],[['108996-N']]
светосигнальный_устройство,['138650-N'],"[['4222-N', '112394-N']]"
автомобиль_марк_газель,['151705-N'],"[['138403-N', '138593-N']]"
агроном,['5225-N'],"[['343-N', '135532-N']]"
челябинка,['129142-N'],[['4773-N']]
глава_мид,['3963-N'],[['1875-N']]
обозначение,"['107519-N', '115882-N']","[['107182-N'], ['111653-N', '115880-N']]"
индейка,['4842-N'],[['4839-N']]
воззвание,['125696-N'],[['106459-N']]
задний_привод,['144449-N'],[['144446-N']]
контрибуция,['9585-N'],[['135840-N']]
полувагон,['150431-N'],[['7134-N']]
смотрение,['106903-N'],"[['114501-N', '145755-N']]"
капеллан,['131890-N'],[['4860-N']]
олифа,['5738-N'],[['4170-N']]
зарывание,['112354-N'],[['112355-N']]
завышение,['131129-N'],"[['110888-N', '127475-N']]"
поговорка,['107522-N'],[['153600-N']]
гражданско-правовой_сделка,['1289-N'],"[['135045-N', '149532-N']]"
отбытие_срок,['1848-N'],"[['6574-N', '115982-N']]"
карп,['5972-N'],[['9746-N']]
новошахтинск,['102537-N'],[['136895-N']]
топливный_бак,['139865-N'],"[['121685-N', '143440-N']]"
гинекологический_помощь,['6361-N'],[['1062-N']]
фоторепортер,['6097-N'],"[['10024-N', '128568-N']]"
помета,"['107541-N', '9802-N', '134014-N']","[['107519-N'], ['5244-N', '121026-N'], ['128321-N']]"
стиль_сафари,['134737-N'],"[['1256-N', '108928-N']]"
суперлига,['143314-N'],[['126625-N']]
авиаконструктор,['10260-N'],"[['2393-N', '134744-N']]"
черногорск,['103014-N'],[['242-N']]
налог_на_продукция,['133211-N'],[['142221-N']]
благородный_металл,['101-N'],"[['259-N', '144866-N']]"
гудермес,['105614-N'],[['242-N']]
корка,"['108019-N', '109040-N']","[['107269-N'], ['107193-N']]"
обтекатель,['144010-N'],[['2316-N']]
калмыкия,['101137-N'],[['100028-N']]
зимний_спорт,['9844-N'],[['8138-N']]
снятие_порча,['153209-N'],"[['122206-N', '148339-N']]"
ницца,['104885-N'],[['207-N']]
физзарядка,['131481-N'],"[['5648-N', '126894-N']]"
демон,['125346-N'],"[['125345-N', '153006-N']]"
хакер,['137085-N'],"[['639-N', '5266-N']]"
генеральный_подрядчик,['3974-N'],[['3973-N']]
смеситель,"['144726-N', '112533-N']","[['112533-N'], ['106555-N']]"
манка,"['143606-N', '9674-N']","[['126155-N', '138649-N'], ['4318-N']]"
собственность_на,['393-N'],[['7692-N']]
улыбка,['112039-N'],"[['112037-N', '126984-N']]"
туристический_экипировка,['138657-N'],"[['2498-N', '125001-N']]"
дания,['103787-N'],"[['2062-N', '2812-N', '105334-N', '142193-N']]"
подступ,"['133973-N', '115863-N']","[['106451-N'], ['111978-N']]"
изотопный_продукция,['6015-N'],"[['2868-N', '9344-N']]"
краткий_формула,['148582-N'],[['130822-N']]
мебельщица,['126688-N'],[['129959-N']]
пролитие,"['110727-N', '115744-N']","[['110726-N'], ['115745-N']]"
тонкий_кишка,['137048-N'],[['110042-N']]
владивосток,['102440-N'],"[['100091-N', '137781-N']]"
титул,"['150003-N', '154161-N', '110604-N']","[['109749-N'], ['3057-N'], ['3057-N']]"
железнодорожный_полотно,['140549-N'],[['128095-N']]
гуашь,['111461-N'],[['107459-N']]
способность_к_музыка,['150475-N'],[['106765-N']]
взнуздывание,['129807-N'],[['118109-N']]
фикция,['119311-N'],[['106764-N']]
экономический_сфера,['49-N'],[['106562-N']]
штат_вашингтон,['121786-N'],[['100029-N']]
аэропорт_домодедово,['154428-N'],[['134396-N']]
ивано-франковский_область,['101016-N'],[['100054-N']]
псевдонаука,['139289-N'],[['121514-N']]
лаосец,['126600-N'],"[['8288-N', '132681-N', '139862-N']]"
дылда,['113916-N'],"[['125549-N', '154184-N']]"
великий_новгород,['102207-N'],"[['100066-N', '136804-N']]"
хрящик,['110204-N'],[['7291-N']]
пиление,['116184-N'],"[['106809-N', '114934-N']]"
ленинск_в_волгоградский_область,['105688-N'],[['136768-N']]
разворачивание,"['137440-N', '120376-N']","[['106494-N'], ['106889-N']]"
обувщик,['111972-N'],[['135273-N']]
летие,['2192-N'],[['125912-N']]
нарочитость,['119752-N'],"[['119249-N', '119251-N']]"
состояние_разруха,['139513-N'],"[['128594-N', '128596-N']]"
любек,['103744-N'],[['137905-N']]
антверпен,['103452-N'],[['207-N']]
здание_общественный_назначение,['128057-N'],"[['9155-N', '145182-N']]"
петушиный_задор,['130967-N'],[['106924-N']]
место_спуск,['107568-N'],[['106451-N']]
дискография,['136950-N'],[['121960-N']]
навигационный_створ,['133611-N'],[['8867-N']]
кулебаки,['102184-N'],[['136800-N']]
мусса,"['150588-N', '107832-N']","[['137756-N'], ['107831-N']]"
спонсорство,['4566-N'],"[['3237-N', '115361-N']]"
пушок,"['137799-N', '5886-N', '151487-N']","[['108951-N'], ['4127-N', '6893-N'], ['820-N']]"
путаница_нить,['149540-N'],[['140596-N']]
сложность,"['149896-N', '118445-N', '138237-N']","[['119579-N'], ['118447-N'], ['137418-N']]"
обезглавливание,"['138367-N', '120796-N']","[['114372-N'], ['110833-N', '111386-N']]"
багулалка,['106234-N'],[['100046-N']]
новый_уренгой,['105965-N'],[['242-N']]
маршрутизатор,['147016-N'],[['144127-N']]
остров_ямайка,['103523-N'],[['3465-N']]
подкачивание,['117290-N'],[['111983-N']]
скандальность,"['139798-N', '107212-N']","[['118828-N', '134773-N'], ['106576-N']]"
силикон,['141602-N'],[['3396-N']]
автобус,['156-N'],"[['154-N', '144362-N']]"
пуговка,"['109168-N', '131921-N']","[['107916-N'], ['125927-N']]"
показание,"['121435-N', '2927-N', '120457-N']","[['107658-N'], ['106768-N'], ['106515-N']]"
архипелаг_атлантический_океан,['134508-N'],[['6943-N']]
восхитительность,['118626-N'],[['115079-N']]
буфет_для_посуда,['107302-N'],[['107289-N']]
банда,['7322-N'],"[['3560-N', '135944-N']]"
республика_польша,['104564-N'],"[['2062-N', '142193-N']]"
затычка,['136386-N'],[['106554-N']]
бахчеводство,['112544-N'],[['5903-N']]
книжный_тот,['115699-N'],[['3790-N']]
натуральный_волокно,['133053-N'],[['108670-N']]
умывание,['114639-N'],"[['107010-N', '153216-N']]"
рений,['127351-N'],"[['974-N', '2868-N', '145367-N']]"
токсичность,['119556-N'],[['119555-N']]
атомный_энергия,['16-N'],[['4-N']]
река_шагонар,['100950-N'],"[['100022-N', '100079-N']]"
доля,"['107197-N', '106659-N']","[['106509-N'], ['106549-N']]"
спортивный_продукция,['131272-N'],"[['56-N', '8218-N']]"
сгусток,['120995-N'],[['113920-N']]
лагуна,['113685-N'],[['100111-N']]
ропот,"['107676-N', '115754-N']","[['106946-N'], ['106880-N', '115752-N']]"
жительница_берлин,['131738-N'],"[['4773-N', '106094-N']]"
гибралтарский_пролив,['105553-N'],[['100095-N']]
люстрация,['143104-N'],"[['601-N', '7638-N', '114441-N']]"
футболка,['108533-N'],"[['108065-N', '132388-N', '133092-N']]"
обладатель_лицензия,['7600-N'],[['138167-N']]
презентабельность,['123933-N'],"[['119261-N', '139366-N']]"
исполнение_наказание,['6574-N'],"[['106494-N', '141331-N']]"
лесосечный_работа,['3944-N'],"[['991-N', '125871-N']]"
таджикский_республика,['102790-N'],[['2062-N']]
устой,['114406-N'],[['106623-N']]
носилки,['126861-N'],[['106553-N']]
отмежевание,['134386-N'],"[['115548-N', '120256-N']]"
общественный_общежитие,['140839-N'],[['134892-N']]
струйный_принтер,['146869-N'],[['4515-N']]
превышение_установленный_скорость_движение,['148800-N'],[['139114-N']]
разморозка,['128657-N'],"[['108948-N', '119450-N']]"
морфема,['110610-N'],"[['107519-N', '153483-N']]"
иудейский_вера,['1129-N'],"[['105364-N', '127011-N']]"
рассказчица,['121384-N'],[['152714-N']]
версаль,['104874-N'],[['242-N']]
индифферентность,['118203-N'],[['106647-N']]
приговор,"['3377-N', '112964-N']","[['3199-N'], ['125015-N']]"
средиземноморский_побережье,['148902-N'],[['2406-N']]
укол_самолюбие,['150689-N'],"[['115889-N', '127537-N']]"
заклейка,"['110782-N', '111573-N']","[['107325-N'], ['111568-N']]"
секция_организация,['134818-N'],[['106627-N']]
дизайн,"['7711-N', '146601-N']","[['1453-N', '112124-N'], ['107545-N', '112043-N']]"
уравновешивание,"['114092-N', '140715-N']","[['116789-N'], ['129710-N']]"
каракуль,['109579-N'],"[['5821-N', '108193-N']]"
грубый_изготовление,['125964-N'],[['121363-N']]
раскулачивание,['137080-N'],[['2601-N']]
южный_полюс,['106268-N'],"[['4714-N', '128100-N']]"
свастика,['124212-N'],"[['107585-N', '154785-N']]"
холодность,"['115949-N', '119973-N', '119258-N']","[['106760-N', '133391-N'], ['106944-N'], ['118203-N', '119259-N']]"
ветеринария,"['140693-N', '332-N']","[['106562-N'], ['112189-N']]"
подрывание,"['127610-N', '116434-N']","[['111791-N'], ['111950-N']]"
прыжок_в_высота,['110989-N'],"[['7966-N', '110948-N']]"
закупка_сельхозпродукция,['8921-N'],[['9312-N']]
корабельный_рубка,['110532-N'],[['5825-N']]
актерский_исполнительство,['9982-N'],[['7541-N']]
стих,"['5163-N', '108631-N']","[['4488-N'], ['5163-N']]"
выкрутасы,"['108483-N', '125813-N']","[['106504-N'], ['125812-N']]"
занудливый_человек,['131409-N'],[['131410-N']]
пассажирский_вагон,['7137-N'],[['133841-N']]
перфоратор_для_отверстие,['133694-N'],[['106555-N']]
новый_уренгой,['105965-N'],[['242-N']]
самороспуск,['139341-N'],"[['115445-N', '150331-N']]"
мерцание,['115901-N'],[['113005-N']]
проглатывание,"['130579-N', '124504-N']","[['121204-N', '121243-N'], ['114267-N']]"
мансийский_язык,['148165-N'],[['148163-N']]
лианозово,['101933-N'],[['101897-N']]
кашне,['108643-N'],[['1256-N']]
магнитоноситель,['4241-N'],"[['511-N', '919-N']]"
баранка,"['109823-N', '118547-N']","[['108459-N'], ['106482-N']]"
деторождение,['3235-N'],[['115010-N']]
официальный_информация,['7303-N'],[['928-N']]
вооруженный_прикрытие,['134127-N'],"[['1664-N', '106595-N']]"
перерождение,"['142367-N', '112455-N']","[['106951-N'], ['106633-N']]"
чудак,['141489-N'],[['150507-N']]
город_абердин,['103584-N'],[['207-N']]
угощение,"['128212-N', '128211-N']","[['108890-N'], ['119043-N']]"
социальный_процесс,['139989-N'],[['135044-N']]
теория_линейный_уравнение,['9395-N'],[['7846-N']]
токовище,['135407-N'],[['106451-N']]
шлюз,"['135672-N', '244-N']","[['106555-N', '133502-N'], ['491-N']]"
второй_планета_от_солнце,['122194-N'],[['3660-N']]
футбольный_клуб,['9895-N'],[['137360-N']]
лечение_народный_средство,['7784-N'],[['7783-N']]
послевкусие,['144386-N'],[['130064-N']]
долгопрудный,['102089-N'],[['136788-N']]
человеко-день,['133910-N'],[['138652-N']]
ветеринарно-санитарный_станция,['6284-N'],[['106560-N']]
налог_на_доход,['144693-N'],[['142223-N']]
усыпление,"['129399-N', '115317-N', '115316-N']","[['110474-N'], ['111386-N'], ['106817-N']]"
гидротерапия,['113571-N'],"[['5330-N', '152411-N']]"
правящий_круг,['149848-N'],[['149847-N']]
прогнозирование,['106859-N'],[['106858-N']]
способ,['106552-N'],[['106613-N']]
размывание,"['118060-N', '120459-N']","[['111950-N'], ['106631-N', '114638-N']]"
лактоза,['9601-N'],"[['132806-N', '146117-N']]"
фельетон,['111834-N'],[['6794-N']]
реппер,['143662-N'],[['1431-N']]
ощущение_защищенность,['151559-N'],[['110243-N']]
внедорожник,['111155-N'],[['154-N']]
государственный_гимн,['83-N'],"[['82-N', '4235-N', '149373-N']]"
картон,['5708-N'],"[['2037-N', '132393-N']]"
эмиграционно-иммиграционный_поток,['5387-N'],[['602-N']]
южный_федеральный_округ,['134307-N'],[['134148-N']]
замазывание,"['111458-N', '111457-N']","[['111568-N'], ['107325-N']]"
прагматик,"['142397-N', '142395-N']","[['122232-N'], ['150507-N']]"
перелив_цвет,['119981-N'],[['113003-N']]
понижательный_ценовой_динамика,['149664-N'],"[['8529-N', '149662-N']]"
пылеуловитель,['146277-N'],"[['1320-N', '137977-N']]"
неотчетливость,"['128660-N', '119004-N']","[['151360-N'], ['118135-N']]"
каменный_лицо,['151793-N'],[['112037-N']]
обезьянник,"['112773-N', '146547-N']","[['4337-N', '111506-N'], ['7369-N', '8127-N']]"
звукоизоляция,['146482-N'],[['137180-N']]
новый_каменный_век,['110259-N'],[['126940-N']]
ангара,['101051-N'],"[['100022-N', '100079-N']]"
сельский_район,['143001-N'],[['106611-N']]
биеннале,['141458-N'],[['6947-N']]
государственный_опека,['6621-N'],[['2517-N']]
патронажный_услуга,['9871-N'],"[['8046-N', '118779-N']]"
подзащитный,['138631-N'],[['138167-N']]
пастеризация,['5732-N'],"[['4688-N', '137819-N']]"
умышленность,['119251-N'],[['119249-N']]
парк_автомобиль,['159-N'],[['157-N']]
хасидизм,['137134-N'],"[['1129-N', '106286-N']]"
традиционный_ориентация,['134840-N'],[['10094-N']]
дорожный_покрытие,['4637-N'],[['130726-N']]
мертворожденность,['139886-N'],[['113895-N']]
направление_движение,['106586-N'],[['106451-N']]
биатлонистка,['111418-N'],[['1626-N']]
обнинск,['101149-N'],[['136776-N']]
закатывание,"['118377-N', '116666-N', '123388-N']","[['111571-N'], ['106698-N'], ['115187-N', '116555-N']]"
салют,"['9294-N', '128988-N']","[['1443-N'], ['116816-N', '118640-N']]"
гильза,"['147380-N', '147381-N', '130560-N']","[['107496-N', '120512-N'], ['120512-N'], ['150679-N']]"
организовать_преступник,['145948-N'],[['639-N']]
молоча,['100612-N'],"[['100022-N', '100079-N']]"
обособленность,['118839-N'],[['106768-N']]
табло,['118099-N'],"[['510-N', '145849-N']]"
тампон,['120934-N'],[['136386-N']]
хафпайп,"['152070-N', '152069-N']","[['3240-N'], ['3240-N', '143135-N']]"
теплопровод,['6487-N'],[['146366-N']]
абхазско-адыгский_народ,['106198-N'],"[['106131-N', '106196-N']]"
чешуйка,['135655-N'],[['107423-N']]
менструальный_цикл,['148278-N'],[['125011-N']]
пропитка,"['143054-N', '114848-N', '111436-N']","[['3675-N', '107460-N'], ['106629-N'], ['111435-N', '117826-N']]"
готовый_блюдо,['107778-N'],[['108890-N']]
дрожжи,['4569-N'],[['121277-N']]
межгосударственный_договор,['1115-N'],"[['2747-N', '4422-N']]"
выделка_шкура,['5633-N'],[['116036-N']]
наследование_имущество,['3233-N'],"[['1842-N', '113796-N', '150985-N']]"
симптом,"['9528-N', '107586-N']","[['107586-N', '125011-N'], ['106768-N']]"
комбикорм,['4771-N'],"[['109704-N', '121654-N']]"
теплоизоляция,"['9011-N', '129394-N']","[['137180-N'], ['2409-N']]"
политика_либерализм,['126620-N'],"[['6639-N', '139488-N']]"
цежение,"['112263-N', '112265-N', '112264-N']","[['112136-N', '112264-N'], ['106932-N'], ['106938-N']]"
портсмут,['103591-N'],[['247-N']]
левый_партия,['8023-N'],[['2382-N']]
подслащивание,['113655-N'],[['106698-N']]
отъединение,['107417-N'],"[['107409-N', '107410-N', '108870-N']]"
невидимка,['124696-N'],[['124697-N']]
парламентский_фракция,['2242-N'],[['123639-N']]
увод_в_сторона,['115840-N'],"[['121004-N', '132760-N']]"
гибель_человек,['149629-N'],[['2852-N']]
развозка,['128597-N'],[['116392-N']]
лесной_питомник,['4338-N'],[['138248-N']]
священство,['4859-N'],[['140006-N']]
взбивание,['125601-N'],[['107404-N']]
спортивный_ориентирование,['139229-N'],[['8138-N']]
пешеходный_проход,['7441-N'],[['107091-N']]
иностранный_язык,['3627-N'],[['148133-N']]
неинфекционный_заболевание,['3534-N'],[['616-N']]
хлебный_изделие,['132276-N'],[['2168-N']]
финансовый_положение,['147789-N'],"[['106446-N', '106563-N']]"
неквалифицированность,['137595-N'],[['3618-N']]
матч-реванш,['148510-N'],"[['112851-N', '113863-N']]"
упряжка,"['116588-N', '125679-N']","[['106553-N'], ['146538-N']]"
молекулярный_биология,['5353-N'],[['5850-N']]
координатор,['126508-N'],"[['123594-N', '138167-N']]"
город_рязанский_область,['136898-N'],[['134530-N']]
монархия,"['7986-N', '151644-N']","[['445-N'], ['7984-N']]"
пеньюар,['108476-N'],"[['108091-N', '137666-N']]"
француженка,['105405-N'],"[['105336-N', '132681-N', '139862-N', '106140-N']]"
река_ветлуга,['100523-N'],"[['100022-N', '100079-N']]"
добрый_человек,['126069-N'],[['150507-N']]
груша,"['144188-N', '125967-N', '144310-N']","[['354-N', '154384-N'], ['109873-N'], ['107956-N']]"
река_кеть,['102259-N'],"[['100022-N', '100079-N']]"
пухлость,"['120630-N', '134294-N']","[['114019-N'], ['119174-N', '131380-N']]"
мак,"['5745-N', '147293-N', '148502-N']","[['350-N', '965-N', '4789-N'], ['346-N', '121353-N'], ['4651-N']]"
столица_великобритания,['103556-N'],"[['3208-N', '134783-N', '137906-N']]"
политика_в_область_труд,['140215-N'],[['604-N']]
ликвидность,"['148986-N', '143300-N', '151228-N']","[['148988-N', '151228-N'], ['3493-N'], ['7072-N']]"
лачужка,['121538-N'],[['121536-N']]
бойлерный_котел,['123942-N'],"[['4827-N', '144485-N']]"
бром,['8967-N'],"[['3675-N', '131273-N', '135863-N']]"
бравурность,['124422-N'],"[['114607-N', '118786-N', '119073-N']]"
кран_на_пневмоколесный_ход,['8794-N'],"[['2319-N', '9209-N']]"
спелость,['115916-N'],[['125699-N']]
космический_явление,['128005-N'],[['111-N']]
страховой_сумма,['3205-N'],[['566-N']]
разрушение,"['111950-N', '111951-N', '118380-N']","[['106483-N', '111371-N', '111951-N'], ['106483-N', '106665-N'], ['111994-N', '133878-N']]"
морской_прилив,['9256-N'],[['141096-N']]
потребительский_кооперация,['2623-N'],"[['131971-N', '134279-N']]"
податель,['133736-N'],[['138167-N']]
духовный_учитель,['145825-N'],[['145824-N']]
окончание_промежуток_время,['147589-N'],[['116230-N']]
цвет_металлик,['152889-N'],[['106944-N']]
гунзибец,['106244-N'],"[['100046-N', '106261-N']]"
нарушение_трудовой_дисциплина,['4966-N'],[['107592-N']]
круглый_скобка,['126837-N'],[['113101-N']]
выпускница,['126-N'],[['2196-N']]
узкий_место,"['153953-N', '106499-N']","[['106451-N', '106509-N'], ['113275-N']]"
бандгруппа,['7322-N'],"[['3560-N', '135944-N']]"
непрофессионал,['110103-N'],[['134852-N']]
социальный_сознательность,['6745-N'],[['149622-N']]
дюйм,['110311-N'],[['109697-N']]
прибавка,['110809-N'],[['106640-N']]
сковородино,['100253-N'],[['136760-N']]
фармацевтический_деятельность,['5659-N'],[['467-N']]
коммунальный_инфраструктура,['123954-N'],[['106562-N']]
кондиция,['7603-N'],"[['2580-N', '106512-N']]"
подозрительность,"['146434-N', '118935-N']","[['118146-N'], ['123904-N', '132684-N']]"
дрезден,['103718-N'],[['137904-N']]
апшеронск,['101432-N'],[['137780-N']]
маныч,['100881-N'],"[['100022-N', '100079-N']]"
блиц,"['148799-N', '113050-N']","[['131550-N'], ['2172-N', '8785-N']]"
импрессионист,['112051-N'],[['1416-N']]
тушенка,['129329-N'],"[['9810-N', '108097-N', '150041-N']]"
ранение,"['2292-N', '111373-N']","[['2059-N', '3406-N'], ['113696-N']]"
советский_пионер,['125680-N'],[['613-N']]
рукоять,['113344-N'],[['109180-N']]
предписание,"['107371-N', '128264-N', '139836-N']","[['106447-N'], ['106876-N', '111944-N'], ['107374-N', '106817-N']]"
финансистка,['121995-N'],[['305-N']]
пятка_нога,['146645-N'],[['133173-N']]
протезно-ортопедический_помощь,['9886-N'],[['4624-N']]
балканы,['105374-N'],[['3392-N']]
наст,['109039-N'],"[['109040-N', '143134-N']]"
выдра,"['8965-N', '146760-N']","[['4593-N', '125282-N', '128747-N'], ['109561-N']]"
джигит,['130823-N'],"[['113643-N', '124379-N', '133035-N']]"
потрошка,['114750-N'],[['126900-N']]
шок,"['108134-N', '151317-N']","[['9528-N', '106567-N', '120126-N'], ['106680-N', '135128-N']]"
личный_дело,['3362-N'],[['2428-N']]
батон,['109304-N'],[['110379-N']]
теленок,"['109722-N', '153975-N']","[['107772-N', '107807-N'], ['938-N', '109722-N']]"
перспектива_будущий,['123477-N'],[['145767-N']]
производство_химический_продукт,['142744-N'],[['467-N']]
итоговый_сумма,['150208-N'],[['110690-N']]
рестайлинга,['148893-N'],"[['106844-N', '149583-N']]"
жилой_микрорайон,['6689-N'],[['107135-N']]
отечность,['119446-N'],[['119445-N']]
скейтбординг,['143018-N'],[['147123-N']]
терапевтический_метод,['1065-N'],[['7529-N']]
децибел,['126043-N'],[['138641-N']]
физкультурный_работа,['1623-N'],[['106562-N']]
узор_в_клеточка,['154646-N'],[['151527-N']]
мысок,"['114030-N', '154274-N']","[['109080-N'], ['133173-N']]"
хэллоуин,['141076-N'],[['619-N']]
ламаист,['113090-N'],[['8288-N']]
учреждение_высокий_образование,['764-N'],"[['1609-N', '132529-N']]"
вампир,"['144605-N', '111317-N']","[['108385-N', '122222-N'], ['111309-N', '122222-N']]"
гигиена,"['1050-N', '1052-N']","[['46-N'], ['2588-N']]"
шаржирование,['115615-N'],[['107002-N']]
синтез_вещество,['149752-N'],[['120784-N']]
орган_живой_организм,['106580-N'],[['150414-N']]
сверхъестественность,['124263-N'],[['118766-N']]
примешивание,['111607-N'],"[['109705-N', '111668-N']]"
исполнение_воинский_обязанность,['150662-N'],[['149042-N']]
дозрелость,['115916-N'],[['125699-N']]
мировой_сделка,['135408-N'],"[['2747-N', '141866-N']]"
хвост,"['112886-N', '154231-N', '112885-N']","[['112766-N', '143441-N'], ['109108-N'], ['107729-N']]"
поляк,['105399-N'],"[['105336-N', '132681-N', '134360-N', '139246-N', '139862-N']]"
галерка_зал,['151761-N'],[['148977-N']]
луцк,['100669-N'],[['8247-N']]
крага,"['131995-N', '131994-N']","[['126673-N'], ['131993-N']]"
нерв,"['113057-N', '5050-N']","[['106580-N'], ['145815-N']]"
пролет_лестница,"['128374-N', '108593-N']","[['106610-N'], ['537-N']]"
инструмент_денежно-кредитный_политика,['149643-N'],[['142491-N']]
тесак,['137131-N'],[['5282-N']]
нашествие,['116663-N'],[['113962-N']]
нанесение,"['110479-N', '118317-N', '111881-N']","[['106473-N'], ['111916-N', '115882-N'], ['146751-N']]"
установочный_изделие,['132864-N'],[['109873-N']]
кража_с_взлом,['136280-N'],"[['7609-N', '125603-N']]"
тюркология,['146439-N'],[['8716-N']]
ходьба_на_лыжа,['152528-N'],"[['133982-N', '152910-N']]"
неметалл,['131273-N'],[['2868-N']]
отчет,"['107671-N', '116053-N']","[['2428-N', '106605-N'], ['106542-N']]"
ступинский_р-н,['147363-N'],[['147330-N']]
лаосец,['126600-N'],"[['8288-N', '132681-N', '139862-N']]"
детский_санки,['124689-N'],[['142547-N']]
тахометр,['137132-N'],[['3648-N']]
кроха,"['112418-N', '124117-N', '112066-N']","[['106515-N'], ['1605-N', '147301-N'], ['110735-N']]"
рецидив_преступление,['141469-N'],"[['637-N', '134578-N']]"
шахтерск,['100911-N'],[['242-N']]
качество_информация,['1880-N'],"[['113275-N', '150495-N']]"
жизнерадостность,['119083-N'],"[['118786-N', '119082-N']]"
перспектива_будущий,['123477-N'],[['145767-N']]
овал,['120247-N'],[['106559-N']]
агрохимический_работа,['9212-N'],[['4431-N']]
гудок_сирена,['116212-N'],[['116213-N']]
компания_друг,['114781-N'],[['106627-N']]
рыбница,['101999-N'],[['242-N']]
грузчик,['3826-N'],[['110125-N']]
совгавань,['105680-N'],[['136195-N']]
степень_развитие,['153675-N'],[['106760-N']]
торрент,['148600-N'],[['136983-N']]
планировка,"['146718-N', '127546-N']","[['106584-N'], ['106585-N']]"
радиотехник,"['2686-N', '6230-N']","[['106555-N'], ['3101-N', '106562-N']]"
прокат_труба,['135435-N'],[['2698-N']]
симпозиум,['114850-N'],[['3270-N']]
депиляция,['130808-N'],"[['108870-N', '110911-N']]"
железнодорожный_линия,['228-N'],"[['167-N', '109215-N', '144397-N']]"
усреднение,['135571-N'],[['128281-N']]
партитура,['127460-N'],[['5817-N']]
противораковый_терапия,['143712-N'],[['1065-N']]
выпадение,"['114828-N', '116068-N', '117618-N']","[['107447-N'], ['106477-N'], ['107447-N', '115548-N']]"
истица,['4132-N'],"[['7189-N', '131641-N', '140250-N']]"
генерация,['138209-N'],"[['106493-N', '106495-N']]"
индига,['100381-N'],[['100022-N']]
адж,['103456-N'],[['100046-N']]
племяшка,['132898-N'],[['132893-N']]
правовой_обоснование,['3673-N'],[['2081-N']]
самодисциплина,['146929-N'],"[['106984-N', '128992-N']]"
усмирение,['123533-N'],[['123532-N']]
югославия,['103831-N'],"[['2062-N', '142193-N']]"
противолодочный_корабль,['7832-N'],"[['6615-N', '7577-N', '146000-N']]"
уттар-прадеш,['105211-N'],[['105117-N']]
достижение_в_деятельность,['130054-N'],[['106482-N']]
расторжение,['149129-N'],[['114690-N']]
река_руза,['102017-N'],[['136790-N']]
выманивание,"['130450-N', '143192-N']","[['113119-N', '116303-N'], ['115855-N']]"
нагорье,['100106-N'],[['100108-N']]
коленка,"['147466-N', '107719-N']","[['133133-N'], ['107720-N']]"
вюртемберг,['137898-N'],[['105118-N']]
питтсбург,['106384-N'],[['242-N']]
чудово,['102211-N'],[['136804-N']]
дееспособность,"['144008-N', '6185-N']","[['106765-N'], ['2081-N', '106765-N']]"
религиозный_храм,['110492-N'],[['1136-N']]
второгодница,['125772-N'],"[['114896-N', '125771-N']]"
похвала,['107126-N'],[['107127-N']]
ажурность,['135784-N'],"[['135782-N', '135785-N']]"
грамматический_категория_лицо,['110629-N'],[['110584-N']]
праздничный_торжество,['117137-N'],[['109657-N']]
кокон,['110038-N'],[['107071-N']]
пузатость,['115635-N'],[['114019-N']]
рубка_дом,['120338-N'],[['546-N']]
хмель,"['112537-N', '7787-N', '4686-N']","[['106968-N', '112694-N'], ['7786-N'], ['4057-N', '107872-N']]"
соленый_вода,['7429-N'],[['114273-N']]
закрытость,"['119648-N', '120224-N', '122106-N']","[['151843-N'], ['133391-N'], ['117776-N']]"
сторожка_сторож,['129218-N'],[['478-N']]
сенсор,['130757-N'],[['3648-N']]
напоминание,"['106807-N', '148954-N', '149869-N']","[['106817-N'], ['106835-N'], ['106613-N']]"
сибирь,['105108-N'],[['100076-N']]
панорама,"['127449-N', '143002-N', '143628-N']","[['6001-N'], ['121397-N'], ['123619-N']]"
информационный_энтропия,['154168-N'],[['106515-N']]
фашистский_штурмовик,['147326-N'],[['113969-N']]
работник_юстиция,['2064-N'],[['2550-N']]
спасательный_оборудование,['132300-N'],[['1320-N']]
морской_пиратство,['8880-N'],"[['5296-N', '9329-N', '115072-N', '151440-N']]"
фактор_производство,['142186-N'],[['137418-N']]
миротворчество,['5147-N'],"[['1110-N', '7400-N', '132624-N']]"
рыбзавод,['4907-N'],[['4906-N']]
неизбежность,['119034-N'],[['118739-N']]
общеобязательный_школа,['3489-N'],"[['123-N', '1615-N']]"
средство_химический_защита_растение,['2784-N'],"[['1011-N', '7792-N']]"
миссия,"['132623-N', '6549-N', '126993-N']","[['106613-N'], ['1178-N'], ['2371-N']]"
чара,"['120363-N', '151742-N']","[['106828-N'], ['151741-N']]"
уплотнительный_манжета,['142534-N'],"[['107496-N', '142415-N']]"
тростник,['108531-N'],[['143505-N']]
белен,['103537-N'],[['207-N']]
изогнутость,['137927-N'],"[['106559-N', '119515-N']]"
разбег,['139682-N'],"[['107469-N', '128663-N']]"
переход_на_другой_должность,['7225-N'],[['117937-N']]
салехард,['103271-N'],[['8247-N']]
рывок_вперед,['154095-N'],[['137708-N']]
проповедница,"['113373-N', '128393-N']","[['4860-N', '128393-N'], ['107524-N', '128392-N']]"
оборот_речь,['107521-N'],[['153483-N']]
троеборье,['111827-N'],[['9230-N']]
тула,['102918-N'],[['100066-N']]
население_город,['4773-N'],"[['369-N', '589-N']]"
дипломатический_связь,['1205-N'],[['1110-N']]
рукотворный_происхождение,['119898-N'],[['125860-N']]
искательница,['131789-N'],[['150507-N']]
подземный_источник,['4579-N'],"[['99-N', '2412-N']]"
наложение_штраф,['116575-N'],"[['116488-N', '149104-N']]"
жирный_масло,['146530-N'],"[['3675-N', '112369-N']]"
меховщица,['138159-N'],[['138158-N']]
синхронный_перевод,['143365-N'],[['137434-N']]
методистка,['124762-N'],[['1596-N']]
келейность,['139855-N'],[['119024-N']]
арендодатель,['4646-N'],"[['305-N', '140670-N']]"
расценивание,['120889-N'],[['115033-N']]
ортопедия,['8215-N'],[['1047-N']]
кушетка,['107301-N'],[['6166-N']]
расстрел,"['143967-N', '128550-N']","[['2465-N', '111386-N'], ['3980-N']]"
ушибить,"['116055-N', '116054-N']","[['111370-N'], ['113696-N']]"
наверстывание,['117448-N'],[['117283-N']]
онколог,['8491-N'],[['1045-N']]
корона_небесный_светило,['120173-N'],[['120172-N']]
теплый_вещь,['4024-N'],[['1256-N']]
общественно-политический_движение,['3142-N'],[['3490-N']]
караван,"['131891-N', '120118-N']","[['145634-N'], ['108660-N']]"
оценщица,['117500-N'],[['2550-N']]
предприятие_жкх,['141225-N'],[['525-N']]
коричневый_цвет,['109482-N'],[['106944-N']]
юг_россия,['106294-N'],[['100076-N']]
топаз,['9203-N'],[['103-N']]
коннектикут,['106338-N'],[['100029-N']]
гатчина,['101683-N'],[['136785-N']]
кашкардарьинский_область,['101287-N'],[['100057-N']]
вчерашний_день,"['150394-N', '119422-N']","[['106734-N'], ['120142-N']]"
отцовство,['7258-N'],"[['4477-N', '148618-N']]"
досье,['130949-N'],[['121692-N']]
автомобильный_тягач,['5015-N'],[['9209-N']]
вирусология,['4403-N'],[['1389-N']]
патронажный_услуга,['9871-N'],"[['8046-N', '118779-N']]"
аппликация,['121225-N'],"[['107006-N', '107608-N']]"
клирик,"['7365-N', '113266-N']","[['4860-N'], ['4860-N', '141646-N']]"
мочевой_пузырь,['8812-N'],"[['106580-N', '135500-N']]"
полицейский_орган,"['145268-N', '9828-N']","[['6811-N'], ['6811-N']]"
водолей_по_знак_зодиак,['149953-N'],[['148802-N']]
оборонительный_крепость,['124420-N'],[['124419-N']]
шизоид,['110114-N'],[['111236-N']]
демпартия,['8008-N'],[['2382-N']]
подвесной_дорога,['8233-N'],"[['167-N', '2316-N', '113117-N']]"
рационализм,"['146651-N', '146652-N', '119255-N']","[['132973-N'], ['135498-N'], ['118425-N']]"
древнекаменный_век,['110260-N'],[['126940-N']]
круговой_обзор,['153638-N'],[['137251-N']]
серный_сырье,['9370-N'],[['131273-N']]
останкино,['101934-N'],[['101897-N']]
эссеистка,['113556-N'],[['1578-N']]
утюг,['111933-N'],[['1730-N']]
водораздельный_пространство,['126690-N'],[['106611-N']]
пятидесятник,['141075-N'],[['136987-N']]
недосказанность,['127267-N'],[['124621-N']]
ножка_гриб,['149990-N'],"[['137797-N', '150414-N']]"
удовлетворительность,['119979-N'],[['124250-N']]
поредение,['118524-N'],[['106637-N']]
институт,"['139948-N', '114355-N', '113986-N']","[['140009-N'], ['1390-N'], ['764-N']]"
разрушение_озоновый_слой,['145942-N'],[['111951-N']]
арочный_конструкция,['123763-N'],[['119980-N']]
кросс_по_пересечь_местность,['126558-N'],[['1625-N']]
дождик,['3954-N'],[['3952-N']]
объект_строительство,['2461-N'],[['2525-N']]
спортивный_прием,['151967-N'],[['106828-N']]
двуличие,['107141-N'],"[['111260-N', '115900-N']]"
выдерживание,"['118148-N', '123444-N']","[['106494-N', '118433-N'], ['110435-N', '150230-N']]"
ритуал,['107224-N'],[['10161-N']]
коломенка,['102027-N'],[['136790-N']]
возобновлять_природный_ресурс,['141733-N'],[['147429-N']]
прокат_имущество,['3334-N'],"[['255-N', '1250-N']]"
рубцовск,['100234-N'],[['136753-N']]
лоббизм,['8154-N'],[['111611-N']]
аквапарк,['142473-N'],"[['5892-N', '152346-N']]"
романский_язык,['126972-N'],[['148134-N']]
борщ,['108714-N'],[['6022-N']]
саломас,['146369-N'],[['1724-N']]
недостаточность_орган,['145529-N'],[['616-N']]
полуостров_корея,['121716-N'],[['3392-N']]
кадровый_военнослужащий,['6606-N'],[['792-N']]
линкор,['110541-N'],"[['6615-N', '146000-N']]"
авторский_песня,['125160-N'],[['7372-N']]
утверждение,"['112017-N', '106776-N', '106697-N']","[['111944-N'], ['106774-N'], ['106467-N']]"
вечерний_время,['106737-N'],[['106723-N']]
политический_позиция,['139485-N'],[['151350-N']]
залог_для_освобождение,['135888-N'],[['566-N']]
стимулятор,"['138379-N', '135193-N']","[['820-N', '1067-N'], ['2754-N']]"
горбун,['125929-N'],[['154184-N']]
подзывание,['115854-N'],[['115853-N']]
силовой_предохранитель,['143974-N'],"[['2070-N', '113889-N']]"
биатлонный_комплекс,['151962-N'],[['143475-N']]
восток,"['145817-N', '153702-N', '129676-N']","[['106611-N'], ['134519-N'], ['129673-N']]"
немецкий_город,['137904-N'],[['136274-N']]
обучение_вождение,['149224-N'],[['1604-N']]
экстрасенс,['140557-N'],[['150555-N']]
зрелость,"['115916-N', '125699-N']","[['125699-N'], ['106563-N']]"
урок,"['123780-N', '121097-N', '133367-N']","[['3275-N', '6718-N'], ['147047-N'], ['106894-N', '118295-N']]"
всесторонность,['118823-N'],"[['118822-N', '119283-N', '119640-N']]"
отсутствие_благодарность,['138909-N'],[['106647-N']]
подстрекатель,['5899-N'],[['126163-N']]
вкладыш,['121150-N'],[['106554-N']]
протодиакон,['110861-N'],[['10061-N']]
картон,['5708-N'],"[['2037-N', '132393-N']]"
москва,['2641-N'],"[['3208-N', '9923-N', '134783-N', '134321-N']]"
придумывание,"['113444-N', '117028-N', '118634-N']","[['106493-N'], ['107489-N'], ['111983-N', '106467-N', '115751-N']]"
софит,['107645-N'],[['128561-N']]
бухта,"['116954-N', '139806-N']","[['100111-N'], ['1320-N']]"
водный_скутер,['134981-N'],[['6641-N']]
посадочный_материал,['4707-N'],[['144172-N']]
шеврон,['121168-N'],"[['116800-N', '117165-N']]"
латвиец,['136938-N'],"[['132681-N', '134360-N']]"
радиус_действие,['139660-N'],[['136411-N']]
мелочный_характер,['151176-N'],[['106924-N']]
заклинание,"['126197-N', '126195-N']","[['107521-N'], ['118038-N']]"
морение,['127018-N'],"[['138474-N', '154304-N']]"
фабричный_оборудование,['468-N'],"[['1320-N', '133905-N']]"
острый_сторона,['153217-N'],[['122141-N']]
заслушивание,['131556-N'],[['121204-N']]
калым,['136336-N'],[['130441-N']]
река_чай,['102255-N'],"[['100022-N', '100079-N']]"
борьба_с_инфляция,['9150-N'],"[['2227-N', '106713-N']]"
подытоживание,['10179-N'],[['10161-N']]
ассимиляция_народ,['125089-N'],[['115222-N']]
закуривание,['4042-N'],[['115824-N']]
бюрократизм,['123579-N'],[['123578-N']]
сдюшоры,['8657-N'],"[['129970-N', '143485-N']]"
бурный_проявление,['138482-N'],[['119699-N']]
запускание,"['107440-N', '112585-N', '114569-N']","[['106473-N', '107441-N'], ['111022-N'], ['107693-N', '107692-N']]"
эмиссарка,['143086-N'],[['129591-N']]
оставление_место,['118037-N'],[['112550-N']]
художник_по_свет,['127301-N'],"[['5714-N', '112300-N']]"
перешеек,['133692-N'],"[['7166-N', '107510-N']]"
резервный_актив,['133190-N'],"[['2146-N', '116980-N']]"
река_воронеж,['100677-N'],"[['100022-N', '100079-N']]"
агат,['8074-N'],[['109312-N']]
госбанк,['1796-N'],[['1278-N']]
дисциплинарный_взыскание,['3694-N'],"[['3696-N', '116489-N']]"
лук_медвежий,['144239-N'],[['144182-N']]
электропроводность,['135697-N'],[['128358-N']]
тувинец,['105606-N'],"[['3291-N', '139862-N', '106148-N']]"
бизнес-процесс,['150746-N'],[['106501-N']]
обожание,['133080-N'],"[['150230-N', '118494-N']]"
сюрреализм,['139511-N'],[['124905-N']]
экономический_стимулирование,['2119-N'],"[['833-N', '129213-N']]"
напраслина,['3042-N'],"[['9426-N', '107178-N']]"
близкий_расстояние,['114313-N'],[['114022-N']]
катод,['5499-N'],[['5497-N']]
пшеница,"['361-N', '142976-N']","[['358-N'], ['355-N']]"
энергопроизводство,['143559-N'],[['106495-N']]
мобильность_работник,['141989-N'],[['140030-N']]
медицинский_зонд,['139201-N'],[['126891-N']]
курянка,['142972-N'],[['4773-N']]
рассасывание,"['141988-N', '134459-N']","[['112155-N'], ['112155-N', '116230-N']]"
сложение_свой_полномочие,['7233-N'],"[['7225-N', '7244-N']]"
треск,"['106962-N', '5975-N']","[['106945-N'], ['9144-N']]"
увековечение,['624-N'],"[['6306-N', '120028-N']]"
свиблово,['101923-N'],[['101897-N']]
атеизм,['4400-N'],"[['119563-N', '134025-N']]"
кладовая,['108412-N'],"[['106625-N', '129993-N']]"
бытность,"['150230-N', '115786-N']","[['106646-N'], ['106646-N']]"
право_на,['107696-N'],[['107695-N']]
кордова,"['103368-N', '104040-N']","[['242-N'], ['242-N']]"
изобразительность,['119851-N'],[['119850-N']]
краник,['126540-N'],[['142026-N']]
банковский_кредитный_карточка,['6137-N'],[['147191-N']]
запрет,['116009-N'],[['118698-N']]
резкий_критика,['145433-N'],"[['120000-N', '120095-N']]"
учреждение_родовспоможение,['4449-N'],[['113278-N']]
тринитротолуол,['109635-N'],[['819-N']]
командующий_сила,['813-N'],"[['812-N', '106609-N', '112315-N']]"
глина,['5316-N'],[['8432-N']]
запущение,['150522-N'],[['128595-N']]
внешний_миграция,['5387-N'],[['602-N']]
противопожарный_охрана,"['145223-N', '141028-N']","[['7635-N'], ['106711-N']]"
королевство_норвегия,['104486-N'],"[['2062-N', '2812-N', '8049-N', '105334-N', '142193-N']]"
засушливый_земля,['8879-N'],[['5591-N']]
электропотребление,['9081-N'],[['113256-N']]
канада,['104675-N'],"[['2062-N', '105334-N']]"
империя,"['121075-N', '121074-N']","[['7285-N'], ['7986-N']]"
проектно-планировочный_работа,['5873-N'],[['112124-N']]
суммарность,['121530-N'],[['118846-N']]
мишка,['8891-N'],[['107795-N']]
юкка,['153818-N'],[['121680-N']]
лоцман,"['113418-N', '5066-N']","[['9144-N'], ['4993-N']]"
компоновка,['120740-N'],[['112078-N']]
альтруистичность,['115167-N'],"[['115166-N', '118883-N']]"
церн,['141051-N'],[['140961-N']]
эвенкийский_автономный_округ,['103203-N'],[['105293-N']]
демарш,['126025-N'],"[['8456-N', '113372-N']]"
самоконтроль,['128992-N'],"[['3513-N', '128925-N', '130062-N']]"
мамба,['125310-N'],[['121682-N']]
треск,"['106962-N', '5975-N']","[['106945-N'], ['9144-N']]"
местный_анестезия,['125041-N'],[['9473-N']]
бросание,"['111022-N', '116481-N', '117147-N']","[['106938-N'], ['116035-N'], ['114590-N']]"
блиц,"['148799-N', '113050-N']","[['131550-N'], ['2172-N', '8785-N']]"
заготовка_зерно,['7115-N'],[['8921-N']]
конденсация,"['131952-N', '111111-N']","[['116549-N'], ['111097-N']]"
пензенский_обл,['102372-N'],"[['2640-N', '105301-N']]"
топливный_бак,['139865-N'],"[['121685-N', '143440-N']]"
вышивка_гладь,['111934-N'],[['108491-N']]
учебно-тренировочный_процесс,['9849-N'],[['118369-N']]
приватизационный_процесс,['570-N'],"[['558-N', '833-N', '114304-N']]"
домашний_бык,['113238-N'],"[['938-N', '107876-N']]"
байдарка,"['151997-N', '8718-N']","[['6641-N', '145991-N'], ['145991-N']]"
посылочный_почта,['4599-N'],"[['1713-N', '121379-N']]"
каверзница,['123397-N'],[['150507-N']]
столица_пакистан,['104526-N'],"[['3208-N', '135846-N']]"
река_кемь,"['100937-N', '101221-N']","[['100022-N', '100079-N'], ['100022-N']]"
концептуализм,['142459-N'],[['108817-N']]
зуб,"['107506-N', '109417-N']","[['107203-N'], ['106580-N']]"
получение_работа,['143523-N'],[['115488-N']]
наниматель,"['256-N', '7628-N', '5709-N']","[['140670-N'], ['150987-N'], ['115001-N', '131052-N']]"
зацепка_на_одежда,['150051-N'],[['106500-N']]
таможенный_союз,['2381-N'],"[['6145-N', '6734-N']]"
палеолит,['110260-N'],[['126940-N']]
веяние,"['121320-N', '154176-N', '129771-N']","[['115099-N'], ['106589-N', '106629-N'], ['114519-N']]"
тайшет,['101038-N'],[['134529-N']]
недельный_мероприятие,['146909-N'],[['154391-N']]
экспонирование,['6948-N'],"[['5849-N', '111759-N']]"
маркетинговый_акция,['3590-N'],"[['106686-N', '141803-N']]"
караван,"['131891-N', '120118-N']","[['145634-N'], ['108660-N']]"
звенигород,['102081-N'],[['136788-N']]
волочь,['110915-N'],[['125768-N']]
государственный_регулирование,['138620-N'],"[['106489-N', '133156-N']]"
единичность,['120157-N'],[['135864-N']]
восстановительный_терапия,['1065-N'],[['7529-N']]
обочина_дорога,['107576-N'],"[['107570-N', '107577-N']]"
звуковоспроизведение,['137896-N'],[['110447-N']]
диссидент,['126337-N'],"[['6650-N', '136055-N']]"
терраса,"['108062-N', '109270-N']","[['107219-N'], ['109268-N', '129993-N']]"
маслодельня,['114926-N'],"[['57-N', '3920-N']]"
дата_рождение,"['143768-N', '137972-N']","[['114433-N'], ['619-N', '114433-N']]"
улучшение_почва,['253-N'],[['133326-N']]
непалец,['127141-N'],"[['132681-N', '139862-N']]"
гадание,"['140562-N', '116462-N']","[['106467-N'], ['106709-N', '106858-N']]"
конный_спорт,['8992-N'],[['8138-N']]
ванадзор,['100318-N'],[['134142-N']]
интим,"['119214-N', '7341-N']","[['119203-N', '106768-N'], ['118698-N']]"
индонезийка,['106113-N'],[['139862-N']]
альтруист,['115168-N'],[['125394-N']]
гиена,['109131-N'],[['107795-N']]
электроника,"['857-N', '510-N']","[['856-N', '7557-N'], ['149201-N']]"
угар,"['116796-N', '113103-N']","[['4780-N'], ['461-N', '959-N', '124326-N']]"
душевный_пытка,['149339-N'],"[['107281-N', '133556-N']]"
сметание,"['111360-N', '106801-N', '135123-N']","[['106483-N'], ['106817-N'], ['113769-N', '118814-N', '120133-N']]"
учебный_время,['6367-N'],[['106723-N']]
рок-группа,['130494-N'],[['121687-N']]
излет,['146794-N'],[['117720-N']]
сестричка,"['5758-N', '4259-N']","[['7761-N'], ['132893-N']]"
северокавказский_экономический_район,['105354-N'],[['105349-N']]
гладкость,"['120807-N', '113829-N']","[['119042-N'], ['113828-N', '149851-N']]"
затор_на_дорога,['129843-N'],[['116224-N']]
вынесение_судебный_решение,['144155-N'],[['144934-N']]
электрошок,['113640-N'],"[['7918-N', '113639-N']]"
объект_культурный_наследие,['1580-N'],[['3599-N']]
текила,['142484-N'],[['108336-N']]
центральный_россия,['105308-N'],[['100076-N']]
замуровывание,"['114832-N', '143127-N']","[['111568-N', '116966-N'], ['116677-N']]"
описание,"['106887-N', '121960-N', '114457-N']","[['106542-N', '106886-N'], ['2966-N'], ['106886-N']]"
назначение,"['10172-N', '111944-N', '120124-N']","[['888-N', '111944-N', '115487-N'], ['118698-N'], ['106562-N']]"
налично-денежный_средство,['1276-N'],[['566-N']]
панама,"['108131-N', '104542-N']","[['3510-N'], ['2062-N']]"
перегиб,"['127475-N', '107473-N', '117196-N']","[['122242-N'], ['107471-N', '107472-N'], ['111050-N']]"
криз,['109637-N'],[['109636-N']]
выкладывание,"['111869-N', '111871-N']","[['106698-N', '110910-N'], ['107325-N']]"
периодический_занятость,['3585-N'],[['884-N']]
река_мур,['100272-N'],"[['100022-N', '100079-N']]"
соотечественник_проживать_за_рубеж,['7017-N'],"[['767-N', '124685-N']]"
спецпредставительство,['128173-N'],[['106560-N']]
посевная_материал,['149945-N'],"[['346-N', '4707-N']]"
радиопозывной_частота,['6805-N'],[['129518-N']]
рельефность,['119605-N'],[['106559-N']]
личностный_качество,['106924-N'],[['106769-N']]
спич,['113369-N'],"[['107257-N', '147233-N']]"
резервация,"['128900-N', '116979-N']","[['107508-N'], ['110437-N']]"
авторитетность,['120144-N'],[['125656-N']]
замес,['123450-N'],"[['106495-N', '111192-N', '123449-N']]"
побережье,['2406-N'],"[['2594-N', '107135-N']]"
скопа,['153649-N'],[['107784-N']]
тормоз,"['4209-N', '123360-N']","[['106555-N', '143440-N'], ['106703-N']]"
елабуга,['102820-N'],[['242-N']]
ушной_раковина,['114152-N'],[['106580-N']]
феномен,['137366-N'],[['106549-N']]
о-в,"['6943-N', '3465-N']","[['7166-N', '106611-N'], ['7166-N', '107135-N']]"
волость,['142585-N'],[['2052-N']]
оторванность,['133477-N'],[['119869-N']]
отыскание,['118282-N'],[['117371-N']]
мышечный_ткань,['7280-N'],[['7281-N']]
сбор_от_продажа_билет,['145551-N'],[['7299-N']]
пенс,['103557-N'],[['105499-N']]
морской_прилив,['9256-N'],[['141096-N']]
трубочка,['109255-N'],[['109250-N']]
автономия_район,['141978-N'],[['3289-N']]
одеяло,['7996-N'],[['108853-N']]
воспитанник,['126038-N'],"[['2196-N', '133712-N', '152714-N']]"
гетры,['109693-N'],[['108963-N']]
змея,"['107967-N', '126290-N', '111315-N']","[['9084-N'], ['145667-N'], ['128752-N']]"
канделябр,['114473-N'],[['5232-N']]
сенсационный_впечатление,['149366-N'],[['125745-N']]
азербайджанский_язык,['146090-N'],[['141038-N']]
мышиный_цвет,['142809-N'],[['109487-N']]
ковш,"['121323-N', '110306-N']","[['107496-N'], ['2513-N']]"
политический_убежище,['1637-N'],[['123853-N']]
бронирование,"['117399-N', '125462-N']","[['107325-N'], ['116979-N', '125460-N']]"
подготовка_научный_кадр,['130012-N'],[['120233-N']]
бартерный_операция,['561-N'],"[['2311-N', '140949-N']]"
копия,"['111620-N', '10128-N']","[['147133-N'], ['111620-N']]"
сладкоежка,['144982-N'],[['110091-N']]
прямокрылый_насекомое,['122223-N'],[['4609-N']]
отчисление,"['125904-N', '144557-N', '121284-N']","[['144538-N'], ['140545-N'], ['110909-N']]"
выделка,"['108588-N', '116036-N']","[['107006-N', '147404-N'], ['106495-N', '106534-N']]"
мобильный_устройство,['154198-N'],[['510-N']]
дочерний_отделение,['115398-N'],"[['114757-N', '143750-N']]"
стрельба_по_тарелка,['147238-N'],[['111385-N']]
спирто-водочный_завод,['141889-N'],[['5569-N']]
ветврач,['3670-N'],[['3669-N']]
ядерный_техника,['2073-N'],[['2067-N']]
сидячий_место,['126467-N'],"[['106451-N', '106553-N']]"
религиозный_святыня,['132712-N'],[['106554-N']]
медицинский_оптика,['3471-N'],"[['1068-N', '3470-N']]"
осколок_от_разорваться_снаряд,['139605-N'],[['110820-N']]
преобразователь_энергия,['114436-N'],[['106555-N']]
игровой_комплект,['131703-N'],"[['106554-N', '107335-N', '143156-N']]"
прямой_налог,['142223-N'],[['1242-N']]
ответ,"['113160-N', '106976-N', '112933-N']","[['106976-N', '107488-N'], ['106605-N'], ['106504-N']]"
болотный_трясина,['147410-N'],[['107135-N']]
мастер_по_кукла,['150216-N'],[['111238-N']]
заражение,"['121272-N', '116741-N', '153570-N']","[['116079-N', '116746-N'], ['111615-N'], ['111370-N']]"
работа_преподаватель,['1599-N'],[['1597-N']]
кровоснабжение,['146921-N'],[['112144-N']]
ласт,['126820-N'],[['2498-N']]
намордник,['127085-N'],"[['108599-N', '111092-N']]"
обвислость,['119484-N'],[['118752-N']]
декорация,['126018-N'],[['107182-N']]
тарту,['105640-N'],[['242-N']]
неугомонность,['119806-N'],"[['119397-N', '120444-N']]"
задний_мост,['142379-N'],[['133571-N']]
общепринятость,['139589-N'],[['114897-N']]
перекат_река,['127489-N'],[['148413-N']]
галька,['109876-N'],[['108698-N']]
прыщавость,['128450-N'],[['119515-N']]
ижорский_земля,['106257-N'],[['100077-N']]
мотивчик,['111141-N'],[['110024-N']]
филантропия,['3237-N'],"[['2228-N', '3490-N', '116546-N']]"
депиляция_волос,['130808-N'],"[['108870-N', '110911-N']]"
переложение,"['115814-N', '129793-N']","[['106785-N', '141697-N'], ['117915-N', '129792-N']]"
облагораживание,['115192-N'],[['106632-N']]
ухань,['104231-N'],[['242-N']]
судак,['5377-N'],[['9746-N']]
прессинг,"['127111-N', '144388-N']","[['106817-N', '116506-N'], ['144387-N']]"
придерживание,"['117838-N', '117835-N']","[['110437-N', '117840-N'], ['117834-N']]"
песо,"['103510-N', '104817-N', '103366-N']","[['1338-N'], ['1338-N'], ['1338-N']]"
соопекун,['4261-N'],"[['113713-N', '144438-N']]"
фехтовальщица,['9903-N'],[['1626-N']]
бетонщица,['9096-N'],"[['3204-N', '110125-N']]"
моногамия,['139102-N'],[['2485-N']]
пепельный_цвет,['109488-N'],[['109487-N']]
завкафедра,['139634-N'],[['7243-N']]
миротворец,"['3893-N', '145459-N']","[['772-N', '145459-N'], ['112319-N']]"
складчина,['117677-N'],"[['112077-N', '116080-N']]"
пансионат,['2025-N'],"[['1041-N', '145190-N']]"
фаза_луна,['145593-N'],"[['107545-N', '121260-N']]"
дуйсбург,['103729-N'],[['137904-N']]
рельс,['5089-N'],"[['117759-N', '124200-N', '145048-N']]"
британский_остров,['105578-N'],[['134508-N']]
балтийский_пролив,['106398-N'],[['100095-N']]
колумбийка,['126478-N'],"[['132681-N', '139862-N', '129387-N']]"
снобизм,['129132-N'],"[['117049-N', '117050-N']]"
сухой_плод,['148475-N'],[['107871-N']]
тире,['110847-N'],[['110846-N']]
тертый_калач,['126388-N'],[['2149-N']]
бритье,['116846-N'],"[['112080-N', '153216-N']]"
лопарка,['106188-N'],"[['100046-N', '106181-N']]"
вмазывание,['130068-N'],"[['111191-N', '115394-N']]"
неоправданность,"['137937-N', '138204-N']","[['119629-N'], ['118135-N', '150737-N']]"
проход_в_организм,['149913-N'],[['109980-N']]
одобрительность,['119448-N'],[['118012-N']]
пастель,"['146940-N', '9842-N']","[['6001-N'], ['107459-N']]"
тектонический_нарушение,['1002-N'],"[['266-N', '4516-N']]"
горилла,['108124-N'],[['108123-N']]
филадельфия,['136963-N'],[['242-N']]
неизлечимый_пациент,['137388-N'],"[['4846-N', '5417-N']]"
переправление,"['141440-N', '107008-N']","[['115672-N'], ['119751-N']]"
терминология,['2964-N'],"[['3264-N', '114299-N']]"
арпа,['100185-N'],[['100022-N']]
ошибочка,['106795-N'],[['106499-N']]
датский_крона,['103790-N'],[['1338-N']]
финансовый_фонд,['8144-N'],[['1269-N']]
пасаден_техас,['145600-N'],[['242-N']]
облизывание_губа,['121035-N'],[['111866-N']]
зюзино,['101901-N'],[['101897-N']]
догрузка,['111768-N'],"[['184-N', '110751-N']]"
ежик,"['109117-N', '108077-N']","[['112086-N'], ['108490-N']]"
радиотрансляционный_точка,['8917-N'],"[['483-N', '2570-N']]"
личный_собственность,['2049-N'],[['6315-N']]
сарайчик,['115062-N'],"[['2525-N', '106573-N']]"
лос-анджелес,['122151-N'],[['207-N']]
двигателестроительный_предприятие,['144676-N'],[['3300-N']]
центробежный_сила,['129510-N'],[['129508-N']]
обмундировка,['111765-N'],[['111763-N']]
рыночник,['140694-N'],"[['3010-N', '107524-N']]"
безбедность,['124747-N'],[['124746-N']]
доставщик,['130938-N'],[['2550-N']]
кленовый_древесина,['146594-N'],[['141925-N']]
травматический_снаряд,['153122-N'],[['3239-N']]
березовый_древесина,['146592-N'],[['141926-N']]
каверза,['119595-N'],[['119594-N']]
сиэтл,['138182-N'],"[['207-N', '242-N']]"
обольщение,"['151758-N', '119080-N']","[['118594-N'], ['118594-N', '117233-N', '123937-N']]"
перебегание,"['120177-N', '153920-N']","[['111281-N'], ['107469-N']]"
подрост,['127624-N'],[['988-N']]
сейсмобезопасность,['5398-N'],[['3856-N']]
флакончик,['109266-N'],"[['6103-N', '146197-N']]"
предок_по_родиться,['117795-N'],"[['2149-N', '3231-N']]"
лыжный_спорт,['5656-N'],[['9844-N']]
ошибка_в_текст,['154560-N'],[['106795-N']]
задеть_на_будущее,['131212-N'],[['111553-N']]
месторождение_уголь,['2220-N'],[['80-N']]
соленый_вода,['7429-N'],[['114273-N']]
прапрадед,['120909-N'],"[['2656-N', '117795-N', '117796-N', '132896-N']]"
опережение,"['127231-N', '139449-N', '116826-N']","[['106587-N', '116826-N'], ['106504-N'], ['106701-N', '115660-N']]"
город_изобильный,['102736-N'],[['137782-N']]
обменный_нота,['1093-N'],[['1092-N']]
радиотелескоп,['6008-N'],[['5271-N']]
тосна,['102165-N'],"[['100022-N', '100079-N']]"
юго-восток,['100039-N'],[['100037-N']]
телеинтервью,['128050-N'],"[['3089-N', '7888-N']]"
аквалангистка,['124957-N'],"[['1626-N', '150555-N']]"
возобновление,"['120546-N', '112977-N']","[['106477-N', '117855-N'], ['107441-N', '107599-N']]"
автоматический_ручка,['146875-N'],[['110938-N']]
владелец_земля,['4643-N'],[['10039-N']]
с_рог,['131948-N'],[['151360-N']]
водла,['101223-N'],[['100022-N']]
многотрудность,['118447-N'],[['106775-N']]
казнокрадство,['131872-N'],[['5176-N']]
комбинация,"['113199-N', '110050-N', '120160-N']","[['106508-N'], ['132388-N', '141911-N'], ['106471-N']]"
безучастность,['119424-N'],"[['118203-N', '119423-N']]"
орех_лещина,['124043-N'],[['6879-N']]
гражданский_лицо,['135020-N'],[['2149-N']]
контроль_за_загрязнение_вода,['4255-N'],[['145956-N']]
перелет,"['118810-N', '127132-N', '115201-N']","[['115201-N'], ['117685-N'], ['107445-N']]"
судный_день,['152592-N'],[['114433-N']]
снег,"['143134-N', '3953-N']","[['107423-N'], ['820-N']]"
локальность,['120230-N'],[['106768-N']]
спортивный_рекорд,['148626-N'],[['109608-N']]
проза,"['149987-N', '6794-N']","[['137358-N'], ['4488-N']]"
кошерность,['152500-N'],[['108890-N']]
пустотелость,['118244-N'],[['118245-N']]
государственный_советник,['8504-N'],"[['3361-N', '3557-N', '6668-N']]"
экспедитор,['3005-N'],[['4993-N']]
усть-луга,['143949-N'],[['207-N']]
противоположность,['106521-N'],[['118966-N']]
непримиримость,['125368-N'],[['110251-N']]
самозванец,['128991-N'],[['111320-N']]
стационарный_лечение,['5389-N'],[['1061-N']]
бойцовский_порода_собака,['153552-N'],[['143352-N']]
черноморский_флот,['125146-N'],[['145609-N']]
лечебно-профилактический_препарат,['1067-N'],"[['1068-N', '6514-N', '147742-N']]"
самоопределение,"['148554-N', '10187-N']","[['107489-N', '111944-N'], ['599-N', '148554-N']]"
повал,['121307-N'],"[['3944-N', '111030-N']]"
переназначение,['117937-N'],"[['10172-N', '106682-N', '154279-N']]"
народный_художник,['135233-N'],"[['120-N', '113185-N']]"
лампа,"['128561-N', '8785-N']","[['4222-N', '107646-N'], ['128561-N']]"
социальный_трансферт,['1507-N'],"[['6531-N', '121476-N']]"
египетский_столица,['103841-N'],[['3208-N']]
кропотливость,"['140882-N', '118029-N']","[['118980-N'], ['118027-N']]"
рабочий_станция,['7453-N'],[['133757-N']]
оргпреступный_группа,['135944-N'],[['7011-N']]
спорадичность,['150247-N'],[['119581-N']]
отстояние,['143858-N'],[['115786-N']]
биотоксин,['4570-N'],"[['1011-N', '1048-N']]"
человек_другой_вера,['125978-N'],[['4474-N']]
река_березин,['100846-N'],"[['100022-N', '100079-N']]"
эмалировка,['107394-N'],[['107325-N']]
безналичный_обращение,['9813-N'],[['1739-N']]
узнавание,"['117369-N', '106709-N']","[['117371-N'], ['116303-N']]"
авиастроительный_завод,['5942-N'],[['121655-N']]
справочный_руководство,['116116-N'],[['114478-N']]
утопление,"['116895-N', '115702-N']","[['106817-N'], ['107507-N', '111767-N']]"
депозит_банк,['1823-N'],"[['115362-N', '150880-N']]"
точность,"['106797-N', '118907-N']","[['123454-N'], ['123454-N']]"
списание_с_баланс,['149322-N'],[['135157-N']]
стипендия,['895-N'],[['1507-N']]
аммофос,['135900-N'],"[['980-N', '2735-N', '135901-N']]"
разогревание,"['111101-N', '108948-N']","[['106629-N'], ['110888-N']]"
рынок,"['125174-N', '569-N', '2079-N']","[['106451-N'], ['49-N'], ['106562-N']]"
расплетание,['116471-N'],[['107409-N']]
политтехнолог,['139466-N'],[['128539-N']]
капилляр,['120493-N'],[['8151-N']]
иноземка,['3789-N'],[['1310-N']]
деревянный_свадьба,['138331-N'],[['2192-N']]
ключик,"['154325-N', '114704-N']","[['106552-N'], ['107233-N']]"
работник_загранучреждение,['8688-N'],[['2550-N']]
теннисистка,['7942-N'],"[['1626-N', '110092-N']]"
грибок,"['110336-N', '4319-N', '152766-N']","[['4145-N'], ['106579-N'], ['2525-N']]"
портрет,"['154969-N', '142033-N', '112634-N']","[['4908-N', '112634-N'], ['114459-N'], ['107182-N']]"
собачий_лай,['112461-N'],[['153034-N']]
рудимент,"['114315-N', '153442-N']","[['107429-N'], ['106580-N', '107429-N']]"
ласковость,['120606-N'],[['106924-N']]
деньга_для_выкуп,['130441-N'],[['121697-N']]
абрикос,"['144197-N', '144304-N']","[['354-N', '144322-N'], ['107956-N', '144253-N']]"
благовещенск_в_башкирия,['100407-N'],[['135115-N']]
миндалевидный_форма,['152912-N'],[['106559-N']]
знак_вычитание,['112825-N'],[['112824-N']]
металлопродукция,['64-N'],[['56-N']]
искупление,['131792-N'],[['129340-N']]
экуменический_движение,['135693-N'],"[['107614-N', '121514-N', '152757-N']]"
персонаж_русский_сказка,['132600-N'],[['111309-N']]
село,"['143001-N', '7207-N']","[['106611-N'], ['4104-N']]"
комнатный_туфля,['5185-N'],[['1255-N']]
абсорбирование,['129376-N'],[['115222-N']]
соглашение_о_намерение,['8265-N'],[['2747-N']]
секретный_способ,['107704-N'],[['106552-N']]
выкуп,"['130441-N', '140832-N']","[['121697-N'], ['112280-N', '121553-N']]"
нимб,['132960-N'],"[['107238-N', '109470-N']]"
накапливание,"['118734-N', '116549-N']","[['115786-N'], ['112077-N']]"
торжественность,['118615-N'],[['106768-N']]
водосброс,['130089-N'],[['491-N']]
промышленный_серия,['150042-N'],[['56-N']]
содрогание,"['149824-N', '121082-N']","[['106833-N'], ['114517-N']]"
головастик,['108089-N'],[['108087-N']]
прекрасность,"['115078-N', '115079-N']","[['115077-N', '118624-N'], ['111216-N']]"
персидский_залив,['105106-N'],[['134502-N']]
доминиканец,"['134830-N', '126087-N']","[['110866-N', '140521-N'], ['132681-N', '126592-N']]"
полупроводниковый_продукция,['5494-N'],"[['510-N', '2754-N']]"
бекаа,['104341-N'],[['100105-N']]
лицо_не_являться_резидент,['10112-N'],[['138167-N']]
восточно-сибирский_море,['100704-N'],[['241-N']]
несуразность,"['130893-N', '119178-N']","[['114408-N', '121166-N'], ['120142-N']]"
астронавт,['3461-N'],[['2550-N']]
полярный_звезда,['125333-N'],[['109931-N']]
выслуга,['6356-N'],[['6537-N']]
гнус,['5654-N'],"[['122221-N', '133570-N']]"
научно-исследовательский_аппаратура,['10107-N'],[['1320-N']]
навигационный_знак,['8867-N'],[['5383-N']]
сторожиха,['113511-N'],"[['2550-N', '7228-N']]"
конный_скачок,['123990-N'],"[['8992-N', '111793-N']]"
корпоративный_управление,['141745-N'],[['7237-N']]
аликанте,['104055-N'],"[['207-N', '152432-N', '152435-N']]"
лосьон,['9661-N'],"[['3675-N', '109170-N']]"
губернский_парламент,['121642-N'],[['2644-N']]
пешеходный_дорожка,['4181-N'],"[['4161-N', '153705-N']]"
романский_группа_язык,['126972-N'],[['148134-N']]
воротник_жабо,['124459-N'],[['107813-N']]
распухание,"['115485-N', '118503-N', '120631-N']","[['106639-N'], ['106639-N'], ['111495-N']]"
пластический_хирург,['145273-N'],[['1046-N']]
ликер,['108358-N'],[['108336-N']]
пандемия,['121160-N'],[['1059-N']]
тюремный_заключение,['8303-N'],[['1851-N']]
путешествие_и_экскурсия,['1633-N'],"[['5920-N', '152303-N']]"
впадание,"['120956-N', '119976-N']","[['153471-N'], ['116660-N']]"
реверанс,['111403-N'],[['111401-N']]
пятидесятилетие,['134329-N'],"[['2192-N', '125912-N']]"
парагвай,['104547-N'],[['2062-N']]
извинение,"['116333-N', '117981-N', '112025-N']","[['106504-N'], ['107344-N'], ['106872-N']]"
матрешка,['110018-N'],"[['9593-N', '110017-N']]"
химический_индикатор,['132111-N'],"[['112243-N', '145829-N']]"
минэнерго,['5308-N'],[['1559-N']]
пасмурность,"['119320-N', '118308-N']","[['119319-N'], ['106564-N', '118307-N']]"
служебный_преступление,['141381-N'],[['4894-N']]
воронья,['107811-N'],[['963-N']]
подчеркивание,"['151396-N', '115881-N', '115879-N']","[['106582-N'], ['115880-N', '120812-N'], ['111916-N', '115881-N']]"
единица_доза_облучение,['138646-N'],[['8646-N']]
транспортный_строительство,['140412-N'],"[['542-N', '141920-N']]"
берген,['104490-N'],[['207-N']]
саморазвитие,['106588-N'],[['106629-N']]
лягушонок,['112809-N'],"[['9665-N', '107807-N']]"
диацетилморфин,['9839-N'],"[['124321-N', '124322-N', '141493-N']]"
уважительность_причина,['137461-N'],[['133338-N']]
физиологический_деятельность,['125011-N'],[['143048-N']]
полноценность,['137340-N'],[['119266-N']]
дорожный_хозяйство,['3006-N'],[['106562-N']]
школьный_учитель,['1601-N'],[['1596-N']]
безвизовый_поездка,['1200-N'],"[['7094-N', '149056-N']]"
консистенция,['131956-N'],[['133391-N']]
ажиотаж,['117187-N'],[['107254-N']]
отблеск,"['107241-N', '140762-N']","[['107239-N', '107240-N'], ['111380-N']]"
выкуп,"['130441-N', '140832-N']","[['121697-N'], ['112280-N', '121553-N']]"
поклевка,['126443-N'],[['115593-N']]
золотой_молодежь,['148520-N'],"[['579-N', '147162-N', '149847-N']]"
гильдия,['130559-N'],[['106667-N']]
австрийка,['105124-N'],"[['105336-N', '132681-N', '139862-N']]"
раскрытие_сведение,['120087-N'],"[['106457-N', '106895-N', '117371-N']]"
сасово,['102547-N'],[['136898-N']]
хвостик,['112885-N'],[['107729-N']]
зоопарк,['4526-N'],"[['1417-N', '5039-N', '10201-N']]"
противоракетный_оборона,['3318-N'],[['770-N']]
выпуск_серия,['2583-N'],[['467-N']]
бар,['5399-N'],"[['4543-N', '134971-N']]"
сапсан,['108166-N'],[['107785-N']]
актив,"['7701-N', '121388-N']","[['3554-N'], ['106627-N']]"
республика_словения,['103835-N'],"[['2062-N', '142193-N']]"
награда_американский_академия_киноискусство,['141067-N'],[['143954-N']]
сытность,['119305-N'],[['119304-N']]
заезд_отдыхать,['131223-N'],"[['115526-N', '115714-N']]"
краснознаменск,"['105729-N', '101136-N']","[['136788-N'], ['136773-N']]"
довесок,['126073-N'],"[['107131-N', '130864-N']]"
желонь,['102461-N'],"[['100022-N', '100079-N']]"
норвежский_язык,['148117-N'],[['146075-N']]
кашира,['102042-N'],[['136788-N']]
перигей,['125046-N'],[['148968-N']]
сучение,['129239-N'],[['117094-N']]
дорожный_ограждение,['151847-N'],"[['4161-N', '141446-N']]"
рассуждение,"['107598-N', '107605-N']","[['106777-N'], ['107257-N']]"
медный_сплав,['132877-N'],[['860-N']]
оксид_углерод,['113103-N'],"[['461-N', '959-N', '124326-N']]"
дорога_в_обход,['152589-N'],[['106451-N']]
работник_высокий_образование,['136224-N'],[['2550-N']]
треть,['107019-N'],[['107197-N']]
роженица,['8968-N'],"[['758-N', '759-N']]"
лепесток,['119831-N'],[['107878-N']]
аятолл,['123918-N'],[['110653-N']]
технический_сельскохозяйственный_культура,['4057-N'],[['326-N']]
полигон,"['147391-N', '140559-N', '3397-N']","[['2525-N', '147395-N'], ['1529-N', '3397-N'], ['106451-N']]"
герб_страна,['87-N'],"[['82-N', '2022-N']]"
выкса,['102168-N'],[['136800-N']]
иностранный_рынок,['2078-N'],[['2079-N']]
город_новгородский_область,['136804-N'],[['134530-N']]
кремниевый_долина,['141603-N'],[['100076-N']]
раздраженность,['107062-N'],[['107058-N']]
вкусность,"['114776-N', '132113-N']","[['114651-N', '123608-N', '130064-N'], ['107778-N']]"
поместительность,['119744-N'],[['114019-N']]
танкист,['112974-N'],"[['792-N', '6723-N']]"
спрос,"['7277-N', '137261-N']","[['106462-N'], ['129792-N']]"
билет_с_скидка,['137013-N'],"[['2699-N', '5521-N']]"
седан,"['148534-N', '148385-N']","[['126573-N'], ['162-N']]"
курс_институт,['120387-N'],[['106627-N']]
свердловский_обл,['102519-N'],[['2640-N']]
германский_народ,"['106094-N', '106128-N']","[['105336-N', '132681-N', '139862-N', '106128-N'], ['106123-N']]"
щупанье,['115589-N'],"[['106901-N', '111963-N']]"
порода_собака,['143352-N'],[['115936-N']]
древний_русь,['138617-N'],[['105559-N']]
горизонт_будущее,['123477-N'],[['145767-N']]
политический_технология,['139465-N'],[['142491-N']]
коса_берег,['118527-N'],"[['3392-N', '100083-N']]"
антикварный_предмет,['6997-N'],"[['106554-N', '145943-N', '152542-N']]"
наказ,"['107124-N', '141350-N']","[['106840-N'], ['106989-N']]"
код_товарный_номенклатура,['6824-N'],[['109559-N']]
забрало,['140436-N'],[['124371-N']]
технический_регламент,['143973-N'],[['4208-N']]
карманный_кража,['154242-N'],[['7609-N']]
стрелка_между_река,['118528-N'],[['118527-N']]
кабинет_школа,['115532-N'],"[['5779-N', '107210-N']]"
испарение,"['111110-N', '110471-N']","[['106951-N', '111097-N'], ['461-N']]"
разглаживание,['117993-N'],[['113826-N']]
контроль,['3513-N'],[['106695-N']]
гродненский_область,['100428-N'],[['100055-N']]
северо-западный_африка,['105466-N'],[['100076-N']]
выхлопной_труба,['137155-N'],"[['2653-N', '109250-N']]"
голодомор,['142050-N'],"[['608-N', '119504-N']]"
перестройка_строение,['133686-N'],"[['546-N', '120969-N']]"
культурист,['125105-N'],[['1626-N']]
скорость_движение,['110034-N'],[['106841-N']]
отношение_к_русский,['147026-N'],[['1911-N']]
хоровой_капелла,['126403-N'],[['1459-N']]
фигурка,"['125117-N', '121166-N']","[['107182-N'], ['106559-N', '142922-N']]"
упорядочивание,['138362-N'],[['111902-N']]
инсульт,['9484-N'],"[['6129-N', '112491-N']]"
трансплантат,['137191-N'],"[['7281-N', '9633-N', '106580-N']]"
чечевица,"['145631-N', '6856-N']","[['108112-N', '121353-N'], ['6858-N']]"
неофит,"['111810-N', '138185-N']","[['107524-N', '129173-N'], ['4474-N', '111810-N']]"
изделие_деревообработка,['9059-N'],[['106507-N']]
грива_на_голова,['135663-N'],[['147540-N']]
экспериментаторша,['121369-N'],"[['21-N', '2149-N']]"
новозеландка,['127166-N'],[['132681-N']]
декоратор_театр,['117059-N'],"[['112300-N', '113185-N']]"
кошерность,['152500-N'],[['108890-N']]
житель_остров,['114982-N'],[['589-N']]
перегиб,"['127475-N', '107473-N', '117196-N']","[['122242-N'], ['107471-N', '107472-N'], ['111050-N']]"
крепленый_вино,['140987-N'],"[['8367-N', '108232-N']]"
высокий_эшелон_власть,['144817-N'],[['6209-N']]
древний_могильник,['121394-N'],"[['3775-N', '4194-N']]"
палка,['107709-N'],[['106554-N']]
сверкание,"['121183-N', '113003-N']","[['106456-N', '148998-N'], ['113005-N']]"
контрольно-счетный_палата,['143416-N'],[['7736-N']]
плут,['124726-N'],"[['8117-N', '111320-N', '126638-N']]"
профессиональный_общность,['140027-N'],[['139946-N']]
ульяновский_обл,['102961-N'],"[['2640-N', '105301-N']]"
ястреб,"['149360-N', '9801-N']","[['6647-N'], ['107784-N']]"
клавиша,"['111269-N', '144611-N']","[['107309-N'], ['111269-N']]"
городской_самоуправление,['123692-N'],[['6833-N']]
фольклористика,['129457-N'],[['8716-N']]
углепереработка,['141928-N'],[['7127-N']]
чилийка,['126594-N'],"[['132681-N', '139862-N', '129387-N']]"
самолюбие,['118118-N'],[['118117-N']]
борьба_за_власть,['8089-N'],"[['6646-N', '106702-N', '131954-N']]"
черный_металлургия,['520-N'],[['63-N']]
выпуклый_форма,['130763-N'],[['106559-N']]
дебитор,['3166-N'],[['138167-N']]
полуостров_лабрадор,['104190-N'],[['3392-N']]
полевой_страда,['329-N'],"[['328-N', '4996-N']]"
несушка,['142849-N'],"[['4839-N', '107861-N']]"
жесткость,"['118330-N', '117806-N']","[['119473-N'], ['133391-N']]"
российский_регион,['2637-N'],"[['2052-N', '149182-N']]"
капрал,['124354-N'],"[['807-N', '809-N']]"
спаниель,['108480-N'],"[['7678-N', '143352-N']]"
дальнереченск,['102447-N'],[['137781-N']]
ярость,"['118611-N', '118358-N', '111434-N']","[['125232-N', '150306-N'], ['114019-N'], ['107062-N', '107063-N']]"
образцовость,['127644-N'],[['112650-N']]
речитатив,['128927-N'],[['147233-N']]
прислушивание,"['118435-N', '137760-N', '120981-N']","[['118433-N'], ['120812-N'], ['117564-N', '119132-N']]"
химический_завод,['69-N'],[['57-N']]
руководство_предприятие,['887-N'],"[['7238-N', '151034-N']]"
многодетный_родитель,['2872-N'],"[['3808-N', '10081-N']]"
клей,['110785-N'],[['820-N']]
государственный_премия,['114-N'],"[['2715-N', '6377-N']]"
фирменный_торговый_знак,['2312-N'],"[['7097-N', '8217-N', '137605-N']]"
обращение_к_мужчина,['140701-N'],[['139566-N']]
политолог,['112592-N'],"[['21-N', '140359-N']]"
кент,['121765-N'],[['121752-N']]
отекание,['115484-N'],[['115485-N']]
служебный_собака,['5906-N'],"[['4454-N', '7697-N']]"
мультиплексный_кинотеатр,['143122-N'],[['1418-N']]
старый_дева,['129729-N'],"[['6738-N', '132890-N']]"
берлога_медведь,['109327-N'],[['109326-N']]
нунций,['127185-N'],[['1179-N']]
интеллигенция,['594-N'],[['140006-N']]
административный_центр,['151357-N'],"[['590-N', '107493-N']]"
масляный_живопись,['9646-N'],[['7563-N']]
бывший_военнослужащий,['1939-N'],[['2149-N']]
трибунал,['663-N'],[['661-N']]
брюхо,['152921-N'],[['112889-N']]
компьютерный_шина,['145698-N'],"[['510-N', '115097-N']]"
пустоголовость,['134277-N'],"[['115480-N', '118466-N']]"
ламаист,['113090-N'],[['8288-N']]
нелегалка,['138462-N'],[['648-N']]
кора_мозг,['133550-N'],[['106580-N']]
хирургический_помощь,['5390-N'],[['7529-N']]
чинк,"['117065-N', '111375-N']","[['114872-N'], ['106534-N', '111361-N']]"
проникновение,['111845-N'],"[['106701-N', '115786-N']]"
образование_завязь,['131135-N'],[['152911-N']]
самокритичность,['128993-N'],"[['123430-N', '123616-N']]"
гражданский_защита,['778-N'],[['770-N']]
взяточница,['8156-N'],"[['639-N', '121730-N', '131876-N']]"
нижний_поволжье,['105299-N'],[['100076-N']]
высасывание,['119825-N'],[['119826-N']]
полевой_бинокль,['8208-N'],[['3470-N']]
фосфор,['979-N'],[['131273-N']]
слюдянка,['101044-N'],[['134529-N']]
самосохранение,['145662-N'],[['106476-N']]
первостатейность,['112650-N'],[['111216-N']]
выселение,"['125803-N', '125882-N']","[['116640-N', '123422-N'], ['115247-N', '115447-N']]"
временной_период,['106731-N'],[['106723-N']]
корвет,['108690-N'],"[['6615-N', '8914-N', '108689-N']]"
баянистка,['111206-N'],[['6499-N']]
в_предел_штрафной,['128920-N'],[['107508-N']]
передвижной_цирк,['126819-N'],[['1454-N']]
черкание,['120038-N'],[['111916-N']]
лесной_питомник,['4338-N'],[['138248-N']]
поршень,['114986-N'],[['107496-N']]
коралловый_полип,['108449-N'],[['108448-N']]
фрак,['112609-N'],"[['109864-N', '136155-N']]"
следователь,['7256-N'],[['2558-N']]
министр_путь_сообщение,['6247-N'],[['1875-N']]
итуруп,['101518-N'],[['134733-N']]
строительный_стекло,['133879-N'],"[['61-N', '2493-N']]"
шифровать_сообщение,['7673-N'],[['2966-N']]
крушение,"['118130-N', '154643-N', '140636-N']","[['111369-N', '126169-N'], ['7494-N'], ['130453-N']]"
пароксизм,"['144897-N', '109636-N']","[['148998-N'], ['9528-N', '119699-N']]"
водник,['115048-N'],[['4993-N']]
товарообмен,['2311-N'],"[['2030-N', '116304-N']]"
биржевой_деятельность,['149654-N'],[['143541-N']]
полый_вода,['121280-N'],"[['6124-N', '121279-N']]"
лаоска,['126600-N'],"[['8288-N', '132681-N', '139862-N']]"
козел,"['111294-N', '111291-N', '111297-N']","[['107876-N', '111292-N'], ['107772-N'], ['128562-N']]"
назначение_наказание,['147762-N'],[['111944-N']]
сдельный_зарплата,['144101-N'],[['1266-N']]
растерянность,['119391-N'],[['125365-N']]
рол,"['123606-N', '118545-N']","[['120512-N'], ['107496-N', '150679-N']]"
примешивание,['111607-N'],"[['109705-N', '111668-N']]"
хорист,['114195-N'],"[['1431-N', '120017-N']]"
чукотско-камчатский_язык,['148199-N'],[['148133-N']]
работа_по_дерево,['138474-N'],[['106534-N']]
одномоментность,['119376-N'],"[['106646-N', '150212-N']]"
хельсинки,['104831-N'],[['3208-N']]
жалоба,"['114227-N', '115753-N']","[['115417-N'], ['107257-N']]"
сельскохозяйственный_страда,['331-N'],"[['328-N', '329-N', '120231-N']]"
калека,['113698-N'],[['615-N']]
предприятие_электроэнергетика,['3-N'],"[['2068-N', '143557-N']]"
обжиг_изделие,['115280-N'],"[['133750-N', '146751-N', '137819-N']]"
назубок,['116227-N'],[['130168-N']]
композитор,['1433-N'],"[['1431-N', '2720-N']]"
состояние_болезнь,['111614-N'],[['125011-N']]
комплектование_вооруженный_сила,['3955-N'],[['117073-N']]
свод_документ,['121324-N'],[['2966-N']]
вылавливание,"['117619-N', '114364-N']","[['114364-N'], ['115072-N']]"
пичканье,"['133707-N', '142149-N']","[['106817-N', '111862-N', '115186-N'], ['106817-N', '112144-N']]"
российский_космодром,['138521-N'],[['4200-N']]
заговорщица,['126174-N'],"[['106857-N', '152714-N']]"
мурманск,['102104-N'],"[['100066-N', '136796-N']]"
государственный_секретарь,['134652-N'],[['3963-N']]
траверз,['129301-N'],[['106586-N']]
свердловский_обл,['102519-N'],[['2640-N']]
капкан,"['140554-N', '117889-N']","[['106965-N', '131479-N'], ['117890-N']]"
черноморский_побережье_кавказ,['106116-N'],[['106117-N']]
легионер,"['147532-N', '126605-N']","[['814-N'], ['135916-N']]"
пластинка_гриб,['147527-N'],[['133213-N']]
акцентировка,"['148905-N', '115881-N']","[['107094-N'], ['115880-N', '120812-N']]"
бензомоторный_пила,['9723-N'],"[['107415-N', '146862-N']]"
падуя,['104091-N'],[['242-N']]
клинический_практика,['7529-N'],[['142491-N']]
кузнечик,['9640-N'],[['122223-N']]
раздел_наука,['20-N'],[['106562-N']]
дробовик,['110343-N'],[['110342-N']]
непрочность,['145471-N'],[['106768-N']]
омела,['108728-N'],"[['4339-N', '121680-N', '124052-N']]"
ураган,"['115299-N', '6201-N', '137449-N']","[['153471-N', '128618-N'], ['266-N', '4220-N'], ['107160-N', '109230-N']]"
остросюжетный_фильм,['135948-N'],[['6786-N']]
забвение,['112719-N'],[['106485-N']]
англиканство,['8092-N'],[['1123-N']]
оборудование_для_теплоснабжение,['5583-N'],[['4435-N']]
составление,"['112078-N', '120089-N', '118421-N']","[['112077-N'], ['106557-N', '120090-N'], ['108824-N', '118420-N']]"
правило_приличие,['139189-N'],[['106450-N']]
перегруппировка,['140556-N'],"[['111265-N', '120969-N']]"
буквальность,"['119568-N', '145792-N']","[['106797-N', '150737-N'], ['106797-N']]"
рассылка,"['123560-N', '151627-N']","[['107008-N', '115575-N'], ['107008-N']]"
берген,['104490-N'],[['207-N']]
манеж_для_верховой_езда,['146494-N'],[['9155-N']]
камень-на-обить,['105620-N'],[['136753-N']]
сетевой_напряжение,['2101-N'],[['110871-N']]
удар_по_лицо,['146492-N'],[['107404-N']]
доказательство_по_уголовный_дело,['143796-N'],[['140753-N']]
ижевск,['102953-N'],[['123687-N']]
кипение,"['118537-N', '144662-N', '108945-N']","[['106457-N'], ['153471-N'], ['119726-N']]"
помешивание,['112819-N'],[['106938-N']]
обрисовка,"['117231-N', '119513-N']","[['111916-N', '118261-N'], ['114457-N']]"
кран_грузоподъемный,['2319-N'],"[['2318-N', '132301-N']]"
животное,['144174-N'],[['106579-N']]
завоз,"['137385-N', '120498-N']","[['115672-N'], ['115672-N', '115674-N']]"
примерность,"['127644-N', '120354-N']","[['112650-N'], ['118844-N']]"
популист,['128123-N'],[['6647-N']]
тиран,"['130139-N', '105134-N', '124932-N']","[['130984-N'], ['3208-N'], ['100097-N']]"
ценовой_надбавка,['2031-N'],[['122088-N']]
кровеносный_сосуд,['8151-N'],"[['109910-N', '109912-N']]"
киноэкран,['142017-N'],[['112129-N']]
гребешок,"['118273-N', '8539-N', '130736-N']","[['106553-N', '133850-N', '146825-N'], ['9650-N', '128738-N', '128740-N'], ['130735-N', '133173-N']]"
фронтовой_объединение,['148942-N'],[['3142-N']]
склад_личность,['106923-N'],[['137395-N']]
река_мерла,['100695-N'],"[['100022-N', '100079-N']]"
несгораемость,['121254-N'],[['143522-N']]
кислятина,['114500-N'],[['130064-N']]
головка_лук,['132202-N'],[['132200-N']]
репрессивность,['2601-N'],"[['272-N', '124125-N']]"
спортивный_стрельба,['111385-N'],"[['2465-N', '9290-N']]"
гранит,['8528-N'],"[['3919-N', '6391-N', '133270-N']]"
иссык-кульский_область,['101075-N'],[['100060-N']]
хакер,['137085-N'],"[['639-N', '5266-N']]"
неподражаемость,['154062-N'],[['112650-N']]
военнообязанный_лицо,['793-N'],[['2553-N']]
леденящий_ужас,['139471-N'],[['106793-N']]
каратинк,['106247-N'],[['100046-N']]
рентгенология,['113534-N'],"[['1047-N', '134951-N']]"
тормоз,"['4209-N', '123360-N']","[['106555-N', '143440-N'], ['106703-N']]"
звено_цепь,['130742-N'],[['107630-N']]
река_лаба,['106379-N'],"[['100022-N', '100079-N']]"
нежный_воркование,['120753-N'],"[['106781-N', '130141-N']]"
обеззараживание,"['9880-N', '144157-N']","[['1052-N', '144157-N'], ['106483-N', '114441-N', '128431-N']]"
феодальный_вассал,['129707-N'],[['121230-N']]
аденский_залив,['105215-N'],[['100111-N']]
дезинформирование,['114712-N'],"[['106542-N', '113119-N']]"
формальный_статус,['152578-N'],[['124019-N']]
цвет_карамель,['148240-N'],"[['109482-N', '109492-N']]"
стрелялка,['142433-N'],[['137023-N']]
васильевский_спуск,['122146-N'],[['122147-N']]
извращение,"['117982-N', '121164-N']","[['116390-N'], ['3742-N', '139083-N']]"
щелковский_район,['147370-N'],[['147330-N']]
животное_австралия,['128765-N'],[['144174-N']]
городок,"['242-N', '142582-N', '109524-N']","[['123680-N', '145516-N'], ['106621-N'], ['8594-N']]"
систематизация,['107129-N'],"[['106489-N', '138362-N']]"
нанести_серьезный_удар,['106548-N'],[['110479-N']]
кофемолка,['148715-N'],"[['146864-N', '148714-N']]"
приставка_караоке,['142977-N'],[['8882-N']]
масляный_краска,"['111103-N', '126797-N']","[['107459-N', '126797-N'], ['4170-N', '107459-N']]"
сула,"['102418-N', '100835-N']","[['100022-N', '100079-N'], ['100022-N', '100079-N']]"
кошка,"['6804-N', '110841-N', '123870-N']","[['4453-N', '110841-N'], ['107795-N'], ['106553-N']]"
спрингс_юар,['105062-N'],[['242-N']]
дозревание,"['115915-N', '141428-N']","[['106629-N'], ['106588-N', '125859-N']]"
радиосвязь,['2566-N'],[['143535-N']]
кольский_полуостров,['101377-N'],[['3392-N']]
лицемерность,['118674-N'],[['106924-N']]
кайман_остров,['104903-N'],[['2062-N']]
ананас,"['144196-N', '144325-N']","[['8534-N'], ['124052-N']]"
спасительность,['143080-N'],"[['118773-N', '119150-N']]"
нотариальный_оформление,['3412-N'],[['137871-N']]
жительница_махачкала,['143302-N'],[['4773-N']]
парча,['107638-N'],[['2136-N']]
синхронный_перевод,['143365-N'],[['137434-N']]
микрофон,['3564-N'],"[['5237-N', '114436-N']]"
роман_на_работа,['148872-N'],[['107675-N']]
надзорный_инспекция,['1868-N'],"[['117462-N', '149165-N']]"
сторона_многоугольник,['123767-N'],[['113845-N']]
тайфун,['7962-N'],[['6201-N']]
взаимоисключение,['139684-N'],[['132940-N']]
скала,['107633-N'],[['3484-N']]
железо,"['264-N', '109839-N']","[['983-N', '2868-N'], ['106580-N']]"
финалист,['113804-N'],"[['1626-N', '7665-N']]"
биофизик,['5851-N'],[['856-N']]
государственный_символ,['82-N'],[['139434-N']]
каскад,"['123584-N', '123586-N']","[['107347-N'], ['123585-N', '137818-N']]"
устрица,['111531-N'],"[['9650-N', '128738-N', '128740-N']]"
стальной_цвет,['109489-N'],[['109487-N']]
токсичность,['119556-N'],[['119555-N']]
правоотношение,['4469-N'],"[['140007-N', '148420-N']]"
поселение,"['590-N', '106700-N', '106617-N']","[['7166-N'], ['106698-N'], ['135044-N']]"
восток,"['145817-N', '153702-N', '129676-N']","[['106611-N'], ['134519-N'], ['129673-N']]"
туфелька,['112511-N'],[['8212-N']]
переключатель,['114318-N'],[['106555-N']]
рейтинг,['109606-N'],[['107583-N']]
театральный_амплуа,['125003-N'],[['125002-N']]
сладостность,['120800-N'],[['114651-N']]
вседозволенность,['152518-N'],"[['119769-N', '125232-N']]"
строительство_дом,['482-N'],[['542-N']]
горячий_цех,['141686-N'],[['3065-N']]
неотложка,['5180-N'],[['6034-N']]
монблан,['131714-N'],[['3484-N']]
редкоземельный_металл,['100-N'],"[['259-N', '145367-N']]"
авиационный_конструктор,['10260-N'],"[['2393-N', '134744-N']]"
строительный_камень,['6391-N'],"[['108698-N', '132522-N']]"
косово,['124287-N'],[['2052-N']]
болгарский_столица,['103476-N'],[['3208-N']]
озеро,['100070-N'],"[['494-N', '9141-N']]"
торговый_центр,['145031-N'],[['2302-N']]
отросток_растение,['115541-N'],[['109715-N']]
ледокол,['4520-N'],"[['126792-N', '132885-N']]"
природный_симбиоз,['144516-N'],"[['125011-N', '134894-N']]"
ксерокс,"['126759-N', '10130-N']","[['144286-N'], ['10128-N']]"
община,"['133234-N', '703-N']","[['106667-N'], ['767-N']]"
купейный_вагон,['5597-N'],[['151591-N']]
обои_на_рабочий_стол,['146560-N'],"[['142454-N', '148724-N']]"
процессия,['117108-N'],[['107470-N']]
военнослужащий,"['3817-N', '792-N']","[['792-N', '132890-N'], ['127439-N']]"
коммунизм,"['3572-N', '145084-N']","[['1461-N'], ['6639-N', '121514-N']]"
португальский_республика,['104594-N'],"[['2062-N', '105334-N', '142194-N']]"
техцентр,['143582-N'],[['141013-N']]
мелочный_характер,['151176-N'],[['106924-N']]
приторный_аромат,['144827-N'],[['107994-N']]
санитарный_керамический_изделие,['132526-N'],[['5693-N']]
имущественный_отношение,['1842-N'],[['149549-N']]
неценовой_конкуренция,['142220-N'],[['567-N']]
среднеэтажный_здание,['146448-N'],[['113333-N']]
сбавка,['110894-N'],[['106638-N']]
река_рон,['104891-N'],[['100022-N']]
кладовщик,['111277-N'],[['2550-N']]
желательность,['118772-N'],[['118771-N']]
толчок,"['107379-N', '121082-N', '114118-N']","[['106474-N', '116383-N'], ['114517-N'], ['107404-N', '111963-N']]"
бальнеотерапия,['142000-N'],"[['2930-N', '113571-N']]"
шиномонтаж,['147060-N'],[['547-N']]
обеднелость,['5986-N'],"[['2892-N', '148916-N']]"
обратный_отсчет,['153485-N'],[['119737-N']]
ангажемент,['125023-N'],[['136808-N']]
договоренность,"['106993-N', '2747-N']","[['106974-N'], ['2428-N', '106957-N', '106993-N']]"
условный_освобождение,['7349-N'],"[['120034-N', '135001-N']]"
инсценировка_произведение,['126346-N'],"[['106674-N', '115814-N']]"
искыр,['103817-N'],"[['100022-N', '100079-N']]"
хоккейный_поле,['122193-N'],[['148887-N']]
чайка,['108849-N'],[['5349-N']]
варна,['103500-N'],[['207-N']]
колон,"['104658-N', '104281-N']","[['1338-N'], ['1338-N']]"
личный_зачет,['153831-N'],[['1625-N']]
коробочка,"['139594-N', '121175-N', '126190-N']","[['148475-N'], ['107871-N'], ['107053-N']]"
укоренение,"['125643-N', '139779-N', '125646-N']","[['125640-N'], ['112813-N'], ['125644-N', '125647-N']]"
час_пик,['136397-N'],[['106723-N']]
епископат,['141576-N'],[['106607-N']]
кормовой_зерно,['3075-N'],[['3074-N']]
урумчи,['104233-N'],[['242-N']]
ограниченный_товарищество,['145217-N'],[['6204-N']]
бруцеллез,['2034-N'],"[['1054-N', '2143-N']]"
оденсе,['103794-N'],[['207-N']]
взрывоопасность,['135531-N'],"[['8193-N', '106547-N']]"
алеутский_язык,['148205-N'],[['148203-N']]
комиссия_по,['7689-N'],[['106627-N']]
тарелочка,"['147261-N', '107054-N']","[['123402-N'], ['126802-N', '126833-N']]"
пулемет,['8476-N'],[['8516-N']]
международный_контакт,['1900-N'],[['1110-N']]
высокий_знать,['124731-N'],[['149847-N']]
кормовой_культура,['347-N'],[['326-N']]
танцевальный_искусство,['1457-N'],[['7540-N']]
посадка_зеленый_насаждение,['4939-N'],"[['4661-N', '112813-N']]"
борисоглебск,['100692-N'],[['136766-N']]
профессиональный_объединение,['142237-N'],[['2260-N']]
знак_корень,['112827-N'],[['112824-N']]
счетчик_энергия,['134956-N'],"[['2070-N', '141947-N', '146943-N']]"
солигорск,['101965-N'],[['242-N']]
республика_гондурас,['103751-N'],[['2062-N']]
киноведение,['116454-N'],[['4683-N']]
невидимка,['124696-N'],[['124697-N']]
пропускание,['112136-N'],[['107693-N']]
спортивный_гимнастика,['110993-N'],[['8138-N']]
абстрактность,['119315-N'],[['106768-N']]
рикошет,['134580-N'],[['133507-N']]
бетонировка,['4575-N'],"[['546-N', '110751-N', '111413-N']]"
лебединый_сумский_область,['102760-N'],[['242-N']]
сводка,['107463-N'],"[['928-N', '2428-N']]"
рассаживание,"['114728-N', '128787-N']","[['120166-N'], ['123622-N', '128667-N']]"
темно-красный_цвет,['141887-N'],[['109437-N']]
крестник,['126554-N'],"[['2453-N', '4544-N']]"
жить_кабель,['4708-N'],[['113623-N']]
сдатчик,"['9629-N', '129067-N']","[['4646-N'], ['2149-N']]"
манчестер_нью-хэмпшир,['146910-N'],[['242-N']]
аристократизм,['125078-N'],[['125077-N']]
винный_завод,['141890-N'],[['5569-N']]
втирание,"['115964-N', '116657-N', '116658-N']","[['115941-N'], ['115965-N'], ['111845-N']]"
окрестный_местность,['127270-N'],"[['106611-N', '118476-N']]"
автор_рецензия,['120913-N'],[['2720-N']]
освобождение_от_уголовный_ответственность,['135000-N'],"[['135001-N', '140747-N']]"
место_работа,['106506-N'],[['106501-N']]
аномалия,['125039-N'],[['118141-N']]
борщ,['108714-N'],[['6022-N']]
река_березин,['100846-N'],"[['100022-N', '100079-N']]"
фонетический_транскрипция,['124824-N'],[['115789-N']]
средний_технический_образование,['5839-N'],"[['6449-N', '9390-N']]"
пометка,['107541-N'],[['107519-N']]
подвод,['117965-N'],"[['4821-N', '144363-N']]"
ведение_работа,['147721-N'],[['106494-N']]
бухара,['100512-N'],[['8247-N']]
скидочный_акция,['141014-N'],[['1026-N']]
лабинск,['101430-N'],[['137780-N']]
липа,"['146595-N', '5444-N', '121032-N']","[['141926-N'], ['3364-N'], ['106554-N']]"
сектор_круг,['129074-N'],[['106509-N']]
бомбардировщик,['7378-N'],[['112160-N']]
место_переправа,['147585-N'],[['106451-N']]
липа,"['146595-N', '5444-N', '121032-N']","[['141926-N'], ['3364-N'], ['106554-N']]"
охотник_на_медведь,['115366-N'],[['4233-N']]
уяснение,['106678-N'],[['106467-N']]
нонкомформист,['136055-N'],[['107524-N']]
цирковой_клоунада,['116998-N'],[['4911-N']]
выносливость,['118989-N'],"[['110251-N', '106768-N']]"
борьба_спортивный,['109299-N'],[['8138-N']]
сосулька,['121107-N'],[['121104-N']]
бруствер,['108142-N'],[['107559-N']]
фиджи,"['104510-N', '141043-N']","[['6943-N'], ['2062-N']]"
берберка,['105451-N'],[['100046-N']]
обрушение,"['144032-N', '117225-N', '118324-N']","[['110893-N', '125843-N'], ['111031-N', '137421-N'], ['111950-N']]"
промышленный_король,['142366-N'],"[['4217-N', '121174-N']]"
диктофон,['121112-N'],"[['8690-N', '148702-N']]"
индийский_язык,['148125-N'],[['148134-N']]
ясли,"['119821-N', '132-N']","[['113965-N'], ['130-N']]"
труженик_тыл,['3179-N'],"[['1931-N', '10081-N']]"
клоп,"['124117-N', '114764-N']","[['1605-N', '147301-N'], ['122221-N']]"
лиепая,"['101599-N', '101642-N']","[['242-N'], ['100070-N']]"
туризм_и_путешествие,['1633-N'],"[['5920-N', '152303-N']]"
бендеры,['101996-N'],[['242-N']]
казан,['107651-N'],"[['107039-N', '126838-N']]"
туркменка,['106158-N'],"[['139862-N', '106148-N']]"
египтология,['144665-N'],[['932-N']]
перенапряжение,['120966-N'],"[['119132-N', '127475-N', '106548-N']]"
альпинизм,['6916-N'],[['147123-N']]
лунатизм,['114938-N'],[['3949-N']]
самосохранение,['145662-N'],[['106476-N']]
доступный_язык,['119692-N'],"[['118352-N', '118869-N']]"
лацио,['104067-N'],[['105110-N']]
перекупка,['117566-N'],"[['3852-N', '106704-N']]"
забойщик,['7755-N'],[['3056-N']]
город_тайга,['101302-N'],[['136778-N']]
солнечный_излучение,['145333-N'],[['2997-N']]
баланс_доход_и_расход,['1277-N'],"[['7072-N', '121974-N', '134606-N']]"
стивидорный_работа,['139558-N'],[['184-N']]
слабый_звук,['114562-N'],"[['114389-N', '125663-N', '151454-N']]"
лагерь_уничтожение,['3574-N'],[['147022-N']]
пляс,"['110449-N', '110450-N']","[['110443-N'], ['8082-N']]"
авиационно-производственный_объединение,['128015-N'],[['847-N']]
оптический_сканирование,['7466-N'],"[['132037-N', '150388-N']]"
богадельня,['115404-N'],"[['4511-N', '115403-N']]"
альпы,['104953-N'],[['5657-N']]
шаромыга,['124119-N'],"[['8117-N', '8153-N']]"
поселение,"['590-N', '106700-N', '106617-N']","[['7166-N'], ['106698-N'], ['135044-N']]"
горничная_в_гостиница,['123963-N'],"[['4382-N', '152946-N']]"
цвет_золото,['109493-N'],[['109492-N']]
илеть,['100607-N'],"[['100022-N', '100079-N']]"
томограф,['137615-N'],[['3082-N']]
получение,"['116303-N', '121457-N', '120784-N']","[['118698-N'], ['106477-N'], ['106493-N']]"
затруднение,"['149995-N', '141638-N', '138237-N']","[['106446-N'], ['106704-N'], ['137418-N']]"
спектр,"['135153-N', '137357-N']","[['126008-N', '149355-N'], ['106508-N']]"
порт_иран,['135597-N'],"[['207-N', '135596-N']]"
наркомафия,['138161-N'],[['7889-N']]
приз,['109907-N'],[['85-N']]
залет,"['131391-N', '115722-N']","[['118826-N'], ['115786-N']]"
саутгемптон,"['103596-N', '104188-N']","[['207-N'], ['3465-N']]"
мрак_невежество,['119971-N'],"[['106924-N', '119783-N']]"
бидон,['107092-N'],[['107039-N']]
область_турбулентность,['132810-N'],"[['109230-N', '132811-N']]"
надстраивание,['114766-N'],[['114765-N']]
биток,"['136048-N', '111419-N']","[['143156-N'], ['108703-N']]"
педерастия,['10096-N'],[['134841-N']]
пейзажный_вид,['138419-N'],[['123619-N']]
светочувствительный_материал,['5424-N'],[['106536-N']]
демократичность_в_принятие_решение,['151179-N'],[['106825-N']]
обратный_сила_закон,['7737-N'],[['7735-N']]
занятый_в_экономика_население,['9162-N'],[['369-N']]
перинатальный_патология,['133823-N'],[['616-N']]
авиакосмический_салон,['3825-N'],[['2358-N']]
органический_химия,['7874-N'],[['70-N']]
социальный_приют,['115403-N'],"[['4445-N', '124076-N']]"
безотходный_производство,['4413-N'],"[['3429-N', '9673-N']]"
бездетность,['145584-N'],[['124019-N']]
досудебный_производство,['140739-N'],[['143739-N']]
медико-оздоровительный_услуга,['1062-N'],"[['106472-N', '106529-N']]"
заключение_по_аналогия,['141480-N'],[['130888-N']]
зюзино,['101901-N'],[['101897-N']]
военный_трибунал,['2867-N'],"[['663-N', '7220-N', '134987-N']]"
ключ_к,['154325-N'],[['106552-N']]
характеристика,"['114459-N', '106768-N', '140745-N']","[['121960-N'], ['146671-N'], ['2428-N', '107354-N']]"
трудовой_право,['2058-N'],[['422-N']]
лацио,['104067-N'],[['105110-N']]
параллельный_слалом,"['152031-N', '152030-N']","[['111663-N'], ['143135-N']]"
планета_юпитер,['122198-N'],[['3660-N']]
алмазодобывающий_отрасль,['129904-N'],"[['3724-N', '6386-N']]"
курс_биржа,['2829-N'],"[['1236-N', '118155-N']]"
либретто_произведение,['116234-N'],[['2966-N']]
томограф,['137615-N'],[['3082-N']]
больной_проказа,['113059-N'],[['4846-N']]
рурский_область,['151658-N'],[['100076-N']]
обвивка,['117228-N'],[['115187-N']]
поколение_семья,['144937-N'],[['106627-N']]
искушение,"['120855-N', '120858-N']","[['106535-N', '118594-N'], ['106645-N']]"
стратосфера,['9341-N'],[['152745-N']]
миссионер,['7933-N'],[['113373-N']]
толучеевка,['100890-N'],"[['100022-N', '100079-N']]"
столица_исландия,['104025-N'],[['3208-N']]
островок_безопасность,['138925-N'],[['4161-N']]
морской_фауна,['9355-N'],"[['5060-N', '9061-N']]"
тесто_из_мука,['107279-N'],"[['107277-N', '128546-N']]"
долька,['126085-N'],[['107197-N']]
содержание_вещество,['149975-N'],[['106568-N']]
добровольный_народный_дружина,['3903-N'],"[['2260-N', '142578-N']]"
ласт,['126820-N'],[['2498-N']]
эпопея,"['120587-N', '114588-N']","[['106549-N'], ['107662-N']]"
брюшина,['112890-N'],[['107071-N']]
вкладывание,"['115361-N', '147034-N', '110813-N']","[['150883-N'], ['119922-N', '148384-N'], ['106698-N']]"
криминалистика,['6985-N'],[['4713-N']]
пребывание,"['150230-N', '115786-N']","[['106646-N'], ['106646-N']]"
темрюк,['101427-N'],[['137780-N']]
спортивный_авиация,['3814-N'],[['199-N']]
аудиомагнитофон,['4532-N'],"[['6994-N', '8689-N', '8690-N']]"
директорша,['151027-N'],[['7242-N']]
участник_великий_отечественный_война,['147927-N'],[['1932-N']]
уральско-юкагирский_народ,['106180-N'],[['106131-N']]
остров_гренада,['104381-N'],[['3465-N']]
полиомиелит,['6004-N'],"[['2046-N', '6337-N', '10055-N']]"
суп_солянка,['108626-N'],[['6022-N']]
отключение_от_сеть,['137256-N'],"[['107417-N', '111842-N']]"
хафпайп,"['152070-N', '152069-N']","[['3240-N'], ['3240-N', '143135-N']]"
плацдарм,"['135993-N', '141320-N']","[['6524-N'], ['106488-N', '139796-N']]"
ивангород,['101688-N'],[['136785-N']]
сербия,['103833-N'],[['2062-N']]
тонизировать_напиток,['130922-N'],[['550-N']]
белгородский_обл,['100437-N'],[['2640-N']]
польза,"['106480-N', '118246-N']","[['118246-N'], ['106481-N']]"
флебит,['144943-N'],[['108862-N']]
оливковый_дерево,['144314-N'],"[['350-N', '107956-N']]"
чувашка,['106149-N'],"[['3291-N', '139862-N', '106148-N']]"
потепление,"['136025-N', '145603-N', '134048-N']","[['6147-N', '134048-N'], ['106630-N'], ['111101-N']]"
пудра,"['140682-N', '109171-N']","[['107267-N'], ['140682-N', '143781-N']]"
банкет,['137924-N'],"[['2190-N', '123947-N']]"
характеристика,"['114459-N', '106768-N', '140745-N']","[['121960-N'], ['146671-N'], ['2428-N', '107354-N']]"
предмет,"['106645-N', '106554-N']","[['106613-N'], ['147133-N']]"
пасть_дух,['118439-N'],"[['117141-N', '150230-N', '117303-N']]"
истребительный_авиация,['8915-N'],[['776-N']]
шахид,['142323-N'],"[['130378-N', '139219-N']]"
изобретение_новый,['4863-N'],[['113444-N']]
антимонопольный_регулирование,['841-N'],"[['833-N', '106713-N', '142254-N']]"
червоноград,['101872-N'],[['242-N']]
программирование,['5265-N'],[['106493-N']]
город_ярославский_область,['136889-N'],[['134530-N']]
адрес,"['115646-N', '3132-N', '148453-N']","[['112114-N'], ['115646-N'], ['148454-N']]"
оторопь,['120907-N'],"[['150230-N', '117303-N']]"
медицинский_вытрезвитель,['4949-N'],[['1037-N']]
язвительный_замечание,['142796-N'],[['107439-N']]
личинка_лягушка,['108089-N'],[['108087-N']]
хрусталик,"['143632-N', '110202-N']","[['107131-N'], ['106580-N']]"
себеж,['102481-N'],[['136894-N']]
вахмистр,['129700-N'],"[['126102-N', '128727-N']]"
розничный_стоимость,['3287-N'],"[['564-N', '7680-N']]"
антенна,['3746-N'],[['106555-N']]
цемент,['3067-N'],"[['107267-N', '132393-N', '133893-N']]"
долговечность,"['119498-N', '119589-N']","[['114203-N'], ['113995-N', '118598-N']]"
радиатор_паровой_отопление,['125168-N'],[['5583-N']]
котик,"['110886-N', '147522-N', '8474-N']","[['6804-N', '107876-N'], ['140701-N', '145035-N'], ['4593-N', '5123-N']]"
вербовка_агентура,['147644-N'],"[['124129-N', '145345-N']]"
резной_изделие,['150430-N'],[['109873-N']]
карст,['9271-N'],[['111-N']]
частный_медицина,['141061-N'],"[['1047-N', '2151-N']]"
росчерк,['3401-N'],[['107542-N']]
тибет,['129273-N'],[['100106-N']]
въедливость,"['125776-N', '119109-N']","[['118936-N'], ['115965-N']]"
подъемник,['113117-N'],[['2320-N']]
засаживание,"['115215-N', '120209-N']","[['110751-N'], ['114805-N']]"
возложение_венок,['151565-N'],"[['6306-N', '125698-N']]"
механизаторский_кадр,['4836-N'],[['343-N']]
когорта,"['146725-N', '131945-N']","[['124282-N'], ['127272-N']]"
любительский_камера,['143330-N'],[['117407-N']]
медовуха,['112058-N'],[['548-N']]
лесопункт,['4761-N'],"[['4988-N', '5340-N']]"
пояс_шахид,['151444-N'],[['142689-N']]
восток,"['145817-N', '153702-N', '129676-N']","[['106611-N'], ['134519-N'], ['129673-N']]"
настоятель_храм,['146563-N'],[['7365-N']]
правительство_рф,['2547-N'],[['136844-N']]
пункт_пропуск_через_граница,['6979-N'],"[['4733-N', '9264-N']]"
дубчес,['100944-N'],"[['100022-N', '100079-N']]"
визуальный_эффект,['140510-N'],[['138549-N']]
радиовещательный_приемник,['4159-N'],"[['2686-N', '113951-N']]"
собственный_обогащение,['120726-N'],"[['113796-N', '116549-N']]"
стереозвук,['139895-N'],[['137896-N']]
геологический_период,['139861-N'],[['106731-N']]
окучивание_посадка,['127273-N'],"[['328-N', '115182-N', '115193-N']]"
пузырение,['120049-N'],[['106629-N']]
воздержание,['124124-N'],"[['128181-N', '106817-N', '146779-N']]"
прагматика,['128242-N'],"[['1388-N', '123887-N']]"
настраивание,"['132848-N', '117535-N']","[['106490-N'], ['110474-N']]"
карликовость,['119019-N'],[['154793-N']]
концепция,"['137412-N', '121515-N']","[['106465-N'], ['106454-N']]"
просвет,"['128405-N', '150064-N']","[['106755-N'], ['149778-N']]"
трансплантолог,['152995-N'],[['1046-N']]
парализование,"['117080-N', '137752-N']","[['3406-N'], ['106704-N', '111493-N', '120502-N']]"
завещание,"['3988-N', '147547-N']","[['2428-N'], ['107124-N', '141350-N']]"
мавзолей,['115257-N'],"[['4037-N', '115312-N']]"
мыс_добрый_надежда,['136619-N'],[['100083-N']]
генеральный_штаб,['815-N'],[['6308-N']]
папье-маше,['142559-N'],[['820-N']]
город_омский_область,['136803-N'],[['134530-N']]
горнило_испытание,['142059-N'],[['128786-N']]
уорикшир,['121782-N'],[['121752-N']]
промах_мимо,['117685-N'],"[['107381-N', '115751-N']]"
выезд_за_рубеж,['7094-N'],[['130447-N']]
гольфистый,['126953-N'],"[['1626-N', '110092-N']]"
кузов_универсал,['148546-N'],[['126573-N']]
оплевывание,"['115211-N', '126244-N']","[['115212-N'], ['107013-N']]"
сухой_уборка,['148919-N'],[['147878-N']]
декольте,['124424-N'],[['124423-N']]
сценический_речь,['148657-N'],[['147233-N']]
бомбоубежище,['9365-N'],[['123853-N']]
десятиклассница,['114465-N'],[['113229-N']]
сохранение_окружающий_среда,['6808-N'],[['106595-N']]
покойница,['4813-N'],[['2149-N']]
сионистка,['114348-N'],[['8087-N']]
пиротехнический_работа,['5539-N'],[['135041-N']]
таможенный_обслуживание,['2380-N'],"[['1655-N', '137871-N']]"
диск_для_метание,['126806-N'],[['128563-N']]
коммуна,"['135224-N', '126484-N']","[['1670-N'], ['126483-N']]"
крымчанин,['141598-N'],[['369-N']]
джамбульский_область,['106066-N'],[['100056-N']]
походочка,['120708-N'],[['151699-N']]
икрометание,['115730-N'],[['126881-N']]
львовский_область,['101839-N'],[['100054-N']]
брасс,['126840-N'],[['9817-N']]
флэш-память,['146975-N'],[['7650-N']]
молдаванин,['106141-N'],"[['105336-N', '132681-N', '134360-N', '139862-N', '106140-N']]"
поражение,"['120294-N', '115294-N', '120293-N']","[['106548-N'], ['115660-N'], ['110474-N']]"
тезка,['135365-N'],[['2149-N']]
спасание_на_море,['134785-N'],[['117917-N']]
энциклопедизм,['111830-N'],"[['111829-N', '137668-N']]"
электропитание,['154583-N'],[['118860-N']]
потеря_сознание,['128285-N'],"[['9528-N', '120955-N', '155113-N']]"
девственность,"['119680-N', '151180-N']","[['119679-N'], ['106563-N']]"
щара,['102156-N'],"[['100022-N', '100079-N']]"
очередь_человек,['107206-N'],"[['106627-N', '107207-N']]"
продажность,"['660-N', '119572-N']","[['637-N'], ['119571-N']]"
терпкость,['119327-N'],[['130064-N']]
соловей,['107782-N'],"[['7396-N', '130644-N']]"
манта,"['126667-N', '125306-N']","[['1063-N', '106524-N'], ['108779-N']]"
карга,['137267-N'],"[['125853-N', '132891-N']]"
браток,"['139565-N', '151376-N']","[['140701-N'], ['639-N', '125085-N']]"
воронеж,['100681-N'],"[['100066-N', '136766-N']]"
воссоединение,"['121354-N', '121355-N']","[['106557-N', '106631-N', '129710-N'], ['111484-N', '117855-N']]"
зоологический_парк,['4526-N'],"[['1417-N', '5039-N', '10201-N']]"
гонадный_клетка,['110080-N'],[['109680-N']]
состояние_организм,['151752-N'],[['106563-N']]
устой,['114406-N'],[['106623-N']]
казнь_на_электрический_стул,['136716-N'],[['3980-N']]
честь,"['150446-N', '113462-N', '116964-N']","[['106470-N'], ['114217-N'], ['106775-N']]"
водолей_по_знак_зодиак,['149953-N'],[['148802-N']]
автомобиль_пикап,['112743-N'],[['154-N']]
сантехник,['124811-N'],"[['6017-N', '129158-N']]"
жонглирование,"['142907-N', '121172-N']","[['107094-N', '106497-N'], ['4911-N', '113770-N', '115593-N']]"
стерх,['108633-N'],[['107767-N']]
мусорный_контейнер,['10216-N'],[['107038-N']]
оперативность,['137688-N'],"[['117942-N', '134790-N']]"
рождение_человек,['3235-N'],[['115010-N']]
артерия,"['167-N', '9851-N']","[['6486-N'], ['8151-N']]"
хребет,"['113887-N', '10150-N', '139797-N']","[['108597-N'], ['106580-N'], ['139796-N']]"
фальсификаторша,['129410-N'],[['111320-N']]
манчестер,"['103594-N', '146910-N']","[['207-N'], ['242-N']]"
цинкование_поверхность,['124796-N'],[['107325-N']]
приборка,['111903-N'],[['111902-N']]
букмекер,['136239-N'],[['150555-N']]
господствование,['125652-N'],"[['115660-N', '118038-N']]"
размеренность,['128651-N'],"[['120664-N', '128653-N']]"
тимашевск,['101435-N'],[['137780-N']]
пережить_супруг,['5428-N'],"[['2452-N', '5211-N']]"
фактология,['135598-N'],[['114457-N']]
сеттер,['110283-N'],[['109539-N']]
квест,['153404-N'],[['137023-N']]
сокрытие,"['118765-N', '117840-N']","[['110437-N'], ['106595-N']]"
знать_толк,['128588-N'],[['128587-N']]
уж,['109754-N'],[['125311-N']]
салон_транспортный_средство,['120749-N'],[['106573-N']]
коммунар,['126486-N'],[['125085-N']]
сезон,"['134815-N', '152735-N']","[['106731-N'], ['106731-N']]"
секретность,"['119024-N', '144090-N']","[['123474-N'], ['150495-N']]"
шарм-эль-шейх,['139650-N'],"[['152432-N', '152435-N']]"
обливание,"['153686-N', '110780-N']","[['110780-N', '123383-N', '150578-N'], ['106938-N', '107325-N']]"
нирвана,['124844-N'],"[['7789-N', '106565-N']]"
освистывание,['113219-N'],"[['107097-N', '112963-N']]"
индостан,['106287-N'],[['3392-N']]
кенигсберг,['101115-N'],"[['100066-N', '136773-N']]"
умышленный_преступление,['4271-N'],[['637-N']]
припасти,['111553-N'],[['106487-N']]
оползание,['118687-N'],[['114723-N']]
ощутимость,"['137371-N', '133423-N']","[['120999-N'], ['112920-N', '118520-N', '118837-N']]"
окончание_учебный_заведение,['112146-N'],"[['106485-N', '112145-N']]"
северо-западный_экономический_район_рф,['105350-N'],[['105349-N']]
произвольный_программа,['152004-N'],[['1625-N']]
террористический_бомба,['142689-N'],[['5541-N']]
техника_выполнение,['146534-N'],[['106828-N']]
гаражный_бокс,['140623-N'],[['133502-N']]
формация,['1461-N'],[['106575-N']]
теснина,['124465-N'],[['107303-N']]
асинхронность,['135858-N'],[['150212-N']]
лекционный_занятие,['7989-N'],"[['3275-N', '121396-N']]"
показание,"['121435-N', '2927-N', '120457-N']","[['107658-N'], ['106768-N'], ['106515-N']]"
нил,['103853-N'],[['100022-N']]
жизненный_сила,['135446-N'],[['106766-N']]
протезный_помощь,['4624-N'],"[['1062-N', '106495-N']]"
тотальность,['119354-N'],[['119353-N']]
диплом_о_высокий_образование,['2694-N'],[['114738-N']]
погрузочный_пункт,['3317-N'],[['117676-N']]
хитрюга,['145684-N'],[['150507-N']]
переводчица,['6538-N'],"[['2550-N', '150555-N']]"
снегопад,['126782-N'],"[['3952-N', '3953-N']]"
тактический_оружие,['144061-N'],[['1196-N']]
формулировка,"['130822-N', '118019-N']","[['106454-N'], ['106886-N']]"
отблеск,"['107241-N', '140762-N']","[['107239-N', '107240-N'], ['111380-N']]"
потеря_сознание,['128285-N'],"[['9528-N', '120955-N', '155113-N']]"
методист,"['124762-N', '151437-N']","[['1596-N'], ['8124-N']]"
вещный_право,['7692-N'],[['143178-N']]
консульский_корпус,['1206-N'],[['122083-N']]
оксид,['124326-N'],[['108760-N']]
новодеть,['143176-N'],[['111620-N']]
неправдоподобие,['141508-N'],[['119348-N']]
стать_алкоголик,['131460-N'],[['107441-N']]
биологический_разложение,['111993-N'],[['111980-N']]
расположение,"['115440-N', '106585-N', '106584-N']","[['106647-N'], ['106698-N'], ['115786-N']]"
битый,"['125417-N', '136048-N']","[['129664-N'], ['143156-N']]"
лоббирование,['8154-N'],[['111611-N']]
монархизм,['127009-N'],[['6639-N']]
автолестница,['153021-N'],[['9208-N']]
духовный_образовательный_учреждение,['5047-N'],[['1609-N']]
часть_судно,['142763-N'],[['143440-N']]
гонка_преследование,['145901-N'],[['111793-N']]
экзистенциализм,['137168-N'],"[['132973-N', '137170-N']]"
силикат,['109916-N'],[['3417-N']]
магнит,['126012-N'],[['106554-N']]
опушка,"['121455-N', '121454-N', '109105-N']","[['121456-N'], ['115006-N'], ['110227-N']]"
приплата,['115520-N'],[['147768-N']]
межнациональный_разногласие,['2916-N'],[['1911-N']]
растворение_вещество,['111684-N'],[['111681-N']]
чайный_лист,['132291-N'],"[['6904-N', '146236-N']]"
опасность,"['119560-N', '106547-N']","[['120142-N'], ['118739-N', '123477-N']]"
кредит_под_залог,['150854-N'],"[['4292-N', '150776-N']]"
горячий_воздух,['116083-N'],[['109942-N']]
арестант,['10030-N'],[['639-N']]
дом_отдых,['2025-N'],"[['1041-N', '145190-N']]"
па,"['115808-N', '137030-N']","[['125812-N'], ['115808-N']]"
коттедж,['5324-N'],"[['3641-N', '133284-N']]"
одноклассник,['124988-N'],"[['114896-N', '119514-N', '124987-N']]"
сырокопченый_продукт,['143723-N'],[['143722-N']]
запоминание,['111885-N'],"[['110437-N', '117629-N']]"
документик,['2428-N'],[['2966-N']]
река_зея,['100257-N'],"[['100022-N', '100079-N']]"
корабль,"['126792-N', '8728-N']","[['209-N'], ['169-N', '211-N']]"
латинос,['126592-N'],[['369-N']]
гармонизация_национальный_законодательство,['137369-N'],"[['116785-N', '129361-N']]"
кембридж,"['103572-N', '138806-N']","[['242-N'], ['138804-N', '138807-N']]"
благословение,['125422-N'],[['106878-N']]
форма_обучение,['144669-N'],[['1604-N']]
североамериканка,['129069-N'],[['369-N']]
вражеский_плен,['4997-N'],[['127129-N']]
физический_оптика,['6099-N'],[['856-N']]
старинный_судно,['108860-N'],[['209-N']]
зашкаливание,['138259-N'],[['134065-N']]
капелька,"['110729-N', '112418-N']","[['110735-N'], ['106515-N']]"
коньковый_лыжный_ход,['138384-N'],[['138385-N']]
слуцк,['101951-N'],[['242-N']]
клинковый_оружие,['146854-N'],[['2159-N']]
лечение_зуб,['8883-N'],[['1062-N']]
экибастуз,['102368-N'],[['242-N']]
расплетание,['116471-N'],[['107409-N']]
фруктоза,['124767-N'],[['108767-N']]
безналичный_обращение,['9813-N'],[['1739-N']]
сажание,"['120165-N', '113944-N', '112813-N']","[['106817-N'], ['106698-N'], ['106698-N']]"
горнило_испытание,['142059-N'],[['128786-N']]
расплата,"['147768-N', '133711-N', '115433-N']","[['112280-N', '148420-N'], ['116388-N', '150230-N', '133751-N'], ['112933-N']]"
семейство,"['761-N', '127599-N']","[['106627-N'], ['120138-N']]"
коллективность,['119947-N'],[['118940-N']]
рост_по_служба,['152969-N'],"[['7589-N', '137389-N']]"
сладкий_блюдо,['107831-N'],[['107778-N']]
разверстка,['134349-N'],[['111592-N']]
настраивание,"['132848-N', '117535-N']","[['106490-N'], ['110474-N']]"
расчет_с_увольнять_сотрудник,['128800-N'],[['147768-N']]
австралийский_штат_виктория,['138812-N'],[['138808-N']]
губернатор,['10275-N'],[['136561-N']]
ассорти,['112791-N'],"[['107335-N', '139857-N']]"
забывчивость,['120364-N'],[['106924-N']]
обратный_отсчет,['153485-N'],[['119737-N']]
каратеистка,['112230-N'],[['1626-N']]
мышечный_ткань,['7280-N'],[['7281-N']]
сопоставление,['106517-N'],[['106710-N']]
решение_суд,['3199-N'],"[['107488-N', '134994-N']]"
колесный_крыло,['149926-N'],[['107496-N']]
нормандский_остров,['104498-N'],[['6943-N']]
увлечение,"['107253-N', '135450-N', '117102-N']","[['107254-N', '123840-N', '148270-N'], ['106647-N', '106651-N'], ['106501-N', '114392-N']]"
заправщик,['131467-N'],[['106555-N']]
ковш,"['121323-N', '110306-N']","[['107496-N'], ['2513-N']]"
единовременный_компенсация,['1515-N'],[['1507-N']]
река_лань,['102453-N'],"[['100022-N', '100079-N']]"
сережка,"['113066-N', '107609-N']","[['108443-N'], ['2832-N', '153448-N']]"
жительница_рига,['143263-N'],[['4773-N']]
радуга,['112831-N'],"[['111-N', '107471-N', '133063-N']]"
диктаторство,"['124931-N', '119478-N']","[['4895-N'], ['119477-N', '130136-N']]"
чушка,"['150560-N', '124566-N']","[['150507-N'], ['114380-N']]"
мажоритарный_избирательный_система,['4246-N'],[['1565-N']]
байконур,['106444-N'],[['138521-N']]
дверка,"['145840-N', '107150-N']","[['107149-N', '107163-N'], ['107311-N']]"
парадигма,"['135101-N', '151724-N', '151350-N']","[['106629-N'], ['151350-N'], ['106589-N']]"
клик,"['142956-N', '112283-N', '126390-N']","[['115535-N'], ['107103-N', '107154-N'], ['106627-N']]"
кража_с_взлом,['136280-N'],"[['7609-N', '125603-N']]"
газовый_установка,['3737-N'],[['1320-N']]
линолеум,['5740-N'],"[['133030-N', '141935-N']]"
подверженность,['133753-N'],[['133752-N']]
политический_ястреб,['149360-N'],[['6647-N']]
накопление_гражданин,['140581-N'],[['566-N']]
оползание,['118687-N'],[['114723-N']]
спекулянт,['134803-N'],[['127493-N']]
таможенный_льгота,['2109-N'],[['1513-N']]
денонсация_международный_договор,['3307-N'],[['118718-N']]
трезвость,"['118426-N', '119988-N']","[['118425-N'], ['7789-N']]"
переводчик,"['152596-N', '6538-N']","[['148785-N'], ['2550-N', '150555-N']]"
человек_овен,['148803-N'],[['148802-N']]
морской_котик,['8474-N'],"[['4593-N', '5123-N']]"
оттирание,"['130966-N', '133509-N']","[['107011-N', '119877-N', '120734-N'], ['106631-N', '129710-N', '115941-N']]"
сверхоперативный_память,['136430-N'],[['7979-N']]
промыв,['112434-N'],"[['111853-N', '118060-N']]"
состязание,['106961-N'],"[['106501-N', '106856-N', '131954-N']]"
вестфалий,['137901-N'],[['105118-N']]
горьковский_автомобильный_завод,['138402-N'],[['2838-N']]
вянта,['101801-N'],[['100022-N']]
надтеречный_район,['139559-N'],[['2051-N']]
разрушительница,['125525-N'],"[['106613-N', '152714-N']]"
чусовая,"['102395-N', '101164-N']","[['136893-N'], ['100022-N', '100079-N']]"
сан-марино,['105583-N'],"[['2062-N', '139506-N', '142193-N']]"
ликвидация_чрезвычайный_ситуация,['6444-N'],[['120406-N']]
обь,"['102250-N', '102221-N']","[['100022-N'], ['136801-N']]"
хмурость,['119321-N'],[['118308-N']]
лозовая,['103035-N'],[['242-N']]
благовещенск,"['100407-N', '100244-N']","[['135115-N'], ['100066-N', '136760-N']]"
таежный_энцефалит,['3338-N'],[['7506-N']]
хеджевыя_операция,['146641-N'],"[['1947-N', '140492-N']]"
несхожесть,['118679-N'],[['106646-N']]
анестезия,['9473-N'],"[['7529-N', '117639-N']]"
утруждение,['118199-N'],"[['106866-N', '107344-N', '118200-N']]"
стать_алкоголик,['131460-N'],[['107441-N']]
рынок_товар_или_услуга,['2079-N'],[['106562-N']]
членство,['129532-N'],[['106646-N']]
серебряный_медалистка,['125458-N'],"[['115364-N', '151973-N']]"
туристический_центр,['6068-N'],[['525-N']]
щека,['109542-N'],"[['107577-N', '133173-N']]"
треугольник,['107022-N'],[['107027-N']]
судмедэксперт,['8789-N'],[['1045-N']]
приторность,"['113975-N', '119091-N', '144827-N']","[['113974-N', '116683-N'], ['119090-N', '119743-N'], ['107994-N']]"
энергомощность,['132286-N'],[['9081-N']]
скиф,"['129097-N', '138654-N']","[['125949-N'], ['134982-N']]"
оконечность,['130637-N'],"[['107570-N', '125972-N']]"
фавор,['144718-N'],[['116771-N']]
каста,"['131911-N', '123807-N']","[['106627-N'], ['140006-N']]"
отрицательность,['120142-N'],[['106775-N']]
редакционно-издательский_подготовка,['6707-N'],[['144051-N']]
бензопила,['9723-N'],"[['107415-N', '146862-N']]"
ремонт_вагон,['129686-N'],[['464-N']]
наблус,['103888-N'],[['138565-N']]
драпировка,['112671-N'],[['109444-N']]
абстрактность,['119315-N'],[['106768-N']]
дифференцирование_функция,['120700-N'],"[['110679-N', '111735-N']]"
узбечка,['106153-N'],"[['139862-N', '106148-N']]"
белоснежность,['117698-N'],[['109494-N']]
обивочный_материал,['128533-N'],[['130726-N']]
ошибка_в_текст,['154560-N'],[['106795-N']]
волеизъявление,['153350-N'],[['106456-N']]
сверхпроводник,['9257-N'],[['820-N']]
госзаказ,['6582-N'],"[['833-N', '106865-N']]"
жительница_белгород,['129161-N'],[['4773-N']]
пляж,['5084-N'],[['5039-N']]
интервьюер,['118004-N'],[['1347-N']]
сточный_вода,['497-N'],[['147443-N']]
православный_община,['9978-N'],[['136988-N']]
розетка,"['114770-N', '121144-N', '120732-N']","[['108106-N'], ['107608-N'], ['132868-N']]"
сократить_обозначение,['114694-N'],[['107519-N']]
поднятие,"['110888-N', '108821-N']","[['106640-N'], ['106938-N']]"
пропитие,['117172-N'],"[['117589-N', '106715-N']]"
отсутствие_конфликт,['115423-N'],[['115422-N']]
очевидец,['107001-N'],[['2149-N']]
кража_с_взлом,['136280-N'],"[['7609-N', '125603-N']]"
территориальный_суд,['145115-N'],"[['7806-N', '124038-N', '134987-N']]"
тост_из_хлеб,['129298-N'],[['107778-N']]
проиграть_сумма,['145838-N'],"[['566-N', '106486-N']]"
товар_повседневный_спрос,['145523-N'],[['1252-N']]
содружество,"['111491-N', '135138-N']","[['111469-N'], ['111488-N']]"
гальванотехника,['136306-N'],[['7880-N']]
труба,"['146366-N', '109251-N', '109250-N']","[['106555-N'], ['141893-N'], ['106554-N']]"
музейщик,['8297-N'],[['8296-N']]
сочность,"['119671-N', '119672-N']","[['115630-N'], ['118355-N']]"
спитак,['100310-N'],[['134142-N']]
лугано,['141491-N'],[['242-N']]
столица_чехия,['104926-N'],"[['3208-N', '134362-N']]"
овощеводство,['4591-N'],[['322-N']]
петровск_саратовский_область,['102596-N'],[['136899-N']]
внешний_черта,['151360-N'],[['106768-N']]
причуда,"['107260-N', '128345-N']","[['106458-N'], ['106577-N', '137366-N', '148879-N']]"
адаптация,"['120395-N', '141510-N']","[['120394-N'], ['106673-N']]"
опорный_ферма,['110263-N'],[['145619-N']]
лух,['101367-N'],"[['100022-N', '100079-N']]"
кремлевский_администрация,['141180-N'],[['444-N']]
прототип,"['145264-N', '144002-N', '128427-N']","[['140712-N', '144002-N', '145266-N'], ['138563-N', '140712-N'], ['2149-N', '106488-N']]"
диспетчер_аэродром,['9243-N'],"[['3698-N', '129838-N']]"
малозаметность,['127137-N'],"[['123474-N', '153619-N']]"
прошлый_багаж,['137668-N'],"[['928-N', '118295-N']]"
немощность,['119946-N'],"[['106567-N', '119945-N']]"
парламентский_партия,['135089-N'],[['2382-N']]
весляна,['101163-N'],"[['100022-N', '100079-N']]"
грузоотправительница,['2331-N'],[['116475-N']]
плод_растение,['107871-N'],[['106554-N']]
сторожиха,['113511-N'],"[['2550-N', '7228-N']]"
город_алтайский_край,['136753-N'],[['134530-N']]
индюк,['108262-N'],"[['4842-N', '107876-N']]"
вбивание,"['125531-N', '114976-N']","[['120095-N', '106895-N', '118370-N'], ['114805-N']]"
республика_гана,['103672-N'],[['2062-N']]
улика,['116274-N'],"[['928-N', '143796-N']]"
колокольня,['108637-N'],[['107725-N']]
свекор,['8745-N'],[['143570-N']]
шапка_с_ухо,['114130-N'],[['8114-N']]
горб_на_спина,['125928-N'],"[['143085-N', '152920-N']]"
радикальность,['120436-N'],[['118299-N']]
микроскоп,['4782-N'],[['3470-N']]
романист,['110901-N'],[['111814-N']]
корень_слово,['110611-N'],[['110610-N']]
медногорск,['102334-N'],[['136806-N']]
благотворительный_центр,['124076-N'],"[['106560-N', '121084-N']]"
птичий_грипп,['142655-N'],"[['2143-N', '8161-N']]"
дирижабль,['9480-N'],[['9479-N']]
растворитель,['5175-N'],[['3675-N']]
настенный_расположение,['148362-N'],[['148359-N']]
неместный_происхождение,['152736-N'],[['125860-N']]
заявление_о_пересмотр_дело,['145102-N'],[['145133-N']]
окончательный_решение,['148486-N'],[['107488-N']]
сектор_производство,['133163-N'],[['2043-N']]
патио,['151750-N'],[['120100-N']]
совет,"['137657-N', '106840-N', '115308-N']","[['117041-N'], ['106774-N'], ['3269-N', '106800-N']]"
олигархизм,['150040-N'],[['7984-N']]
конституция,"['142922-N', '37-N']","[['106769-N'], ['143982-N']]"
харакири,['114455-N'],[['7314-N']]
оперный_постановка,['4262-N'],"[['9024-N', '145224-N']]"
бородавка_на_кожа,['125387-N'],[['121104-N']]
курганец,['143909-N'],[['4773-N']]
сумчатый_млекопитающее,['110754-N'],"[['934-N', '128765-N']]"
товарищ,"['124522-N', '113337-N']","[['2149-N'], ['113336-N']]"
запад,"['129677-N', '154183-N', '153980-N']","[['129673-N'], ['106611-N'], ['134519-N']]"
свод,"['125872-N', '121324-N', '120386-N']","[['114441-N'], ['2966-N'], ['119980-N']]"
коверкание,"['117116-N', '112675-N']","[['107094-N', '116390-N'], ['111369-N']]"
фартук,['109082-N'],[['1256-N']]
дождик,['3954-N'],[['3952-N']]
хатка,['121053-N'],[['479-N']]
ознаменование,"['133320-N', '142368-N']","[['2190-N'], ['118966-N']]"
финансово-кредитный_операция,['1322-N'],"[['116294-N', '118193-N']]"
отстранение_от_исполнение_обязанность,['121520-N'],"[['868-N', '117915-N']]"
ночной_мотылек,['108450-N'],[['8952-N']]
непричастность,['141456-N'],[['106646-N']]
обвязка,['116334-N'],[['115187-N']]
фагот,['110552-N'],[['141882-N']]
стипендиальный_фонд,['896-N'],[['152699-N']]
вид_растение,['127597-N'],[['120138-N']]
букварь,['8625-N'],[['4136-N']]
спиртовой_комбинат,['141889-N'],[['5569-N']]
политика_нейтралитет,['127138-N'],"[['1208-N', '147308-N']]"
нидерландец,['105391-N'],"[['100046-N', '105336-N', '132681-N', '106128-N']]"
скромность,"['137911-N', '119155-N', '132937-N']","[['114022-N'], ['106924-N'], ['118914-N', '132915-N']]"
многодетный_семья,['2872-N'],"[['3808-N', '10081-N']]"
завывание,['107252-N'],[['107093-N']]
руководство_город,['2649-N'],[['2645-N']]
слипание,['111666-N'],"[['111484-N', '111671-N']]"
пенициллин,['112988-N'],[['1070-N']]
сарделька,['109768-N'],[['1223-N']]
медицинский_страхование_гражданин,['2628-N'],[['2482-N']]
сверхприбыль,['142285-N'],[['1760-N']]
конфигурация,"['141645-N', '107329-N']","[['106559-N'], ['106575-N', '106584-N']]"
дестабилизация,"['136419-N', '142934-N']","[['106665-N'], ['118046-N']]"
биосфера,['94-N'],[['152784-N']]
нацизм,['4783-N'],[['3144-N']]
заказывание,['106865-N'],[['106866-N']]
камера_смертник,['137025-N'],[['8127-N']]
зондирование,"['120426-N', '112802-N']","[['106709-N'], ['106901-N']]"
атташе,['2808-N'],"[['1075-N', '1179-N']]"
казачок,"['3791-N', '108307-N']","[['3291-N'], ['8082-N']]"
вектор,"['106589-N', '125548-N']","[['106768-N'], ['113845-N']]"
вайгач,['101256-N'],[['3465-N']]
дальневосточный_федеральный_округ,['134312-N'],[['134148-N']]
электрический_щит,['144794-N'],[['118098-N']]
операция_на_финансовый_рынок,['151098-N'],[['1317-N']]
блюстительница,['134854-N'],"[['107524-N', '113713-N']]"
мониторинг_состояние_окружающий_среда,['6108-N'],"[['1548-N', '7752-N']]"
кадровик,"['138124-N', '6606-N']","[['2551-N'], ['792-N']]"
деятельность_по_охрана,['6938-N'],[['106597-N']]
пикировка,['127538-N'],"[['106781-N', '127537-N']]"
насилие_над_личность,['7790-N'],"[['112981-N', '116101-N']]"
очерствелость,['117805-N'],"[['115268-N', '119483-N']]"
глотание,"['106933-N', '124504-N']","[['115221-N'], ['114267-N']]"
пропорциональный_снижение_расход_бюджет,['7690-N'],[['135315-N']]
палладий,['5412-N'],"[['2868-N', '6392-N']]"
виноград_сорт_мускат,['113250-N'],[['144247-N']]
глухомань,['115573-N'],"[['324-N', '120194-N']]"
летательный_аппарат,['211-N'],[['106555-N']]
центр_уральский_федеральный_округ,['134324-N'],[['134313-N']]
метрологический_экспертиза,['142133-N'],[['106562-N']]
отклонение_в_психика,['3949-N'],[['616-N']]
мебельщица,['126688-N'],[['129959-N']]
субпродукт,['126900-N'],[['108354-N']]
земляника_лесной,"['144261-N', '144203-N']","[['6862-N', '107840-N'], ['143022-N']]"
государственный_награда_рф,['136205-N'],[['6377-N']]
теплообменник,['143282-N'],[['4435-N']]
проток,"['109231-N', '149913-N', '100078-N']","[['106587-N'], ['109980-N'], ['100022-N']]"
залежь,['80-N'],[['106451-N']]
вероломность,['111283-N'],"[['107318-N', '111260-N']]"
идейность,['124864-N'],[['119886-N']]
бронь,['125462-N'],"[['116979-N', '125460-N']]"
ставка_на,"['115452-N', '117976-N']","[['566-N'], ['106467-N', '107489-N']]"
козельск,['101150-N'],[['136776-N']]
специя,"['5735-N', '107911-N']","[['370-N', '4681-N', '107911-N'], ['368-N']]"
египтолог,['144666-N'],[['9223-N']]
корокий_время,['114205-N'],[['114022-N']]
разваливание,"['140589-N', '128595-N']","[['111950-N'], ['106631-N', '124141-N']]"
гегемония,['141448-N'],[['125652-N']]
мочеполовой_орган,['135500-N'],[['106580-N']]
круизный_поездка,['109570-N'],"[['5920-N', '137121-N', '143590-N']]"
несуразица,['124894-N'],[['107257-N']]
светлогорск,"['101133-N', '100742-N']","[['136773-N'], ['242-N']]"
особо_охранять_территория,['10201-N'],[['962-N']]
пушка_тепловой,['145135-N'],"[['145140-N', '148904-N']]"
хакассия,['103009-N'],[['100028-N']]
фиалка,['109507-N'],"[['965-N', '6862-N']]"
аппетит,['107977-N'],[['106476-N']]
химзащита,['4814-N'],[['770-N']]
запад,"['129677-N', '154183-N', '153980-N']","[['129673-N'], ['106611-N'], ['134519-N']]"
спешность,"['117940-N', '118339-N']","[['117942-N'], ['118340-N']]"
ткань_произведение,['142072-N'],[['106569-N']]
ступенька,"['107202-N', '106762-N']","[['107203-N'], ['106761-N']]"
кишлак,['120511-N'],[['4104-N']]
производственный_отход,['62-N'],[['1012-N']]
чистоплотность,"['119308-N', '119309-N']","[['119307-N'], ['118057-N']]"
платный_оказание_услуга,['7064-N'],"[['106529-N', '106562-N']]"
обирание,['120232-N'],[['120231-N']]
вилы,['124773-N'],[['126887-N']]
зарина,['8699-N'],[['7601-N']]
зачеркивание,['116698-N'],[['120038-N']]
синтаксический_структура,['110601-N'],[['110598-N']]
направление_в_философия,['132973-N'],"[['119563-N', '121514-N']]"
магнитный_носитель,['4241-N'],"[['511-N', '919-N']]"
твердый_тело,['109627-N'],"[['820-N', '106554-N']]"
недисциплинированность,['128590-N'],"[['139083-N', '140166-N']]"
перепад,['133668-N'],[['118966-N']]
перечисление,"['144119-N', '106541-N', '148261-N']","[['112280-N', '151047-N'], ['106540-N', '117793-N'], ['9814-N']]"
счастливый_слеза,['153001-N'],[['107196-N']]
байт,['129665-N'],[['129664-N']]
сомали,"['104730-N', '148183-N']","[['2062-N'], ['148181-N']]"
пользование_водный_объект,['488-N'],[['74-N']]
реклама_на_радио,['145331-N'],[['1343-N']]
микробиологический_безопасность,['145569-N'],[['3856-N']]
проявление_полезный_ископаемое,['80-N'],[['106451-N']]
патриашество,['132173-N'],[['150450-N']]
индюшка,['4842-N'],[['4839-N']]
измир,['104792-N'],[['207-N']]
прибор_для_измерение,['3648-N'],"[['2489-N', '2754-N']]"
корабельный_прибор,['139789-N'],[['3648-N']]
висконсин,['106328-N'],[['100029-N']]
бадминтон,['9227-N'],[['8594-N']]
видеопоказ,['1438-N'],"[['3334-N', '5836-N']]"
переменный,['125063-N'],[['106515-N']]
засуживание,"['131599-N', '131598-N']","[['113119-N', '115751-N', '116390-N', '120251-N'], ['3496-N', '144155-N']]"
скопление,"['118734-N', '138316-N', '112324-N']","[['115786-N'], ['115698-N'], ['107160-N']]"
одноклассник,['124988-N'],"[['114896-N', '119514-N', '124987-N']]"
полет_птица,['149412-N'],[['107445-N']]
спортивный_техника,['138661-N'],[['2498-N']]
салютный_залп,['9294-N'],[['1443-N']]
пух_и_перо,['5886-N'],"[['4127-N', '6893-N']]"
билетный_контролер,['125401-N'],[['115053-N']]
пинега,['102640-N'],"[['100022-N', '100079-N']]"
мышечный_тонус,['129286-N'],[['107583-N']]
львовщина,['101839-N'],[['100054-N']]
зависание,"['116247-N', '149795-N']","[['106615-N', '107445-N', '115718-N'], ['117947-N']]"
скотч,['139291-N'],[['107478-N']]
конкурсный_торг,['143541-N'],[['2030-N']]
рассуждение,"['107598-N', '107605-N']","[['106777-N'], ['107257-N']]"
баржа,['4349-N'],"[['4562-N', '132885-N']]"
суперфинал,['113803-N'],"[['1625-N', '113802-N']]"
нахско-дагестанский_народ,['106197-N'],"[['106131-N', '106196-N']]"
дубчес,['100944-N'],"[['100022-N', '100079-N']]"
нейтрон,['8358-N'],[['8356-N']]
волос,"['108951-N', '147540-N', '108781-N']","[['107423-N'], ['108951-N'], ['108669-N', '146035-N']]"
матпомощь,['143090-N'],[['1515-N']]
зачин,['107441-N'],[['118698-N']]
материальный_культура,['145950-N'],[['1427-N']]
незаконный_провоз,['8315-N'],"[['658-N', '153186-N']]"
спасение,"['106803-N', '116917-N']","[['106802-N'], ['110437-N']]"
повременный_оплата_услуга,['144451-N'],[['143840-N']]
ядерный_топливный_цикл,['7886-N'],[['122084-N']]
канны,['137935-N'],[['242-N']]
теснина,['124465-N'],[['107303-N']]
великий_устюг,['105690-N'],[['136765-N']]
транспортировка_отход,['147448-N'],"[['178-N', '147446-N']]"
корякский_язык,['148201-N'],[['148199-N']]
опечатка,['110325-N'],[['154560-N']]
автомобилизация,['145565-N'],[['106814-N']]
башенный_кран,['8795-N'],"[['2319-N', '3203-N']]"
борщ,['108714-N'],[['6022-N']]
печеный_изделие,['107282-N'],"[['368-N', '1226-N']]"
зарисовка_с_натура,['113084-N'],[['107006-N']]
военный_специалист,['6717-N'],[['792-N']]
кактус,['108308-N'],[['124052-N']]
субъект_малый_предпринимательство,['150912-N'],[['142250-N']]
единица_теплота,['109787-N'],[['8646-N']]
моряк_подводник,['125667-N'],[['8596-N']]
коса_взгляд,['120758-N'],[['106903-N']]
выборочность,['125778-N'],[['119284-N']]
океанография,['40-N'],[['5408-N']]
кашалот,['111158-N'],[['5062-N']]
техника_выполнение,['146534-N'],[['106828-N']]
сьерра-леоне,['104749-N'],[['2062-N']]
приклеивание,"['110784-N', '111672-N']","[['110790-N'], ['111666-N', '111671-N']]"
рулонный_материал,['133030-N'],[['123606-N']]
прилавок,['118275-N'],[['4497-N']]
узнавание,"['117369-N', '106709-N']","[['117371-N'], ['116303-N']]"
комик,"['112322-N', '125125-N', '142078-N']","[['1413-N', '125003-N', '142078-N'], ['150507-N'], ['2149-N']]"
химический_мелиорация,['6240-N'],"[['253-N', '9212-N']]"
загруженность,"['147027-N', '139740-N']","[['129685-N', '147028-N'], ['106563-N']]"
усовершенствование,['106839-N'],[['106632-N']]
заводоуковск,['102941-N'],[['242-N']]
редакция_газета,['2675-N'],[['879-N']]
игрушечный_лошадка,['149728-N'],[['109620-N']]
насаждение,"['151628-N', '132095-N', '112813-N']","[['144172-N'], ['106817-N', '119127-N', '125640-N'], ['106698-N']]"
павловск,"['102582-N', '100687-N']","[['100053-N'], ['136766-N']]"
координация_движение,['148953-N'],[['125011-N']]
вертикальный_связь,['129231-N'],"[['123787-N', '126377-N', '137128-N']]"
пробковый_дуб,['112726-N'],"[['3364-N', '121680-N']]"
учебный_заведение,['122-N'],[['106560-N']]
солдат_легион,['147532-N'],[['814-N']]
фундаментальность,['119909-N'],[['106763-N']]
сыда,['100939-N'],"[['100022-N', '100079-N']]"
неистовость,['118358-N'],[['114019-N']]
пиротехнический_работа,['5539-N'],[['135041-N']]
метеорологический_оборудование,['10046-N'],[['2489-N']]
болтовня,"['118140-N', '125031-N']","[['107094-N'], ['118140-N']]"
прабабушка,['8762-N'],"[['117795-N', '117796-N', '121669-N', '132893-N']]"
фонетика,['114702-N'],[['1388-N']]
туниска,['105511-N'],"[['105413-N', '132681-N', '139862-N']]"
коннектикут,['106338-N'],[['100029-N']]
субконцессия,['831-N'],"[['832-N', '2747-N']]"
строительный_керамика,['6401-N'],"[['61-N', '5600-N']]"
промерзание,"['128382-N', '118924-N']","[['111109-N'], ['150230-N']]"
доказательство_по_уголовный_дело,['143796-N'],[['140753-N']]
матрешка,['110018-N'],"[['9593-N', '110017-N']]"
помещение_храм,['154008-N'],[['3537-N']]
накладка,"['107502-N', '126673-N', '111427-N']","[['106504-N', '106795-N'], ['106554-N'], ['107325-N', '106698-N']]"
гематология,['8642-N'],[['1047-N']]
инженерный_мина,['136731-N'],[['3890-N']]
монтсеррат,['104912-N'],"[['2062-N', '105445-N']]"
октябрь,['106752-N'],[['139148-N']]
баварка,['106291-N'],"[['369-N', '106094-N']]"
подкладка_на_одежда,['124399-N'],[['133133-N']]
доска_объявление,['136385-N'],[['144071-N']]
резиновый_сапог,['131278-N'],"[['8211-N', '131277-N']]"
абазинка,['106212-N'],"[['100046-N', '106198-N']]"
государственный_казначейский_билет,['115019-N'],"[['111708-N', '115017-N']]"
профессиональный_организация,['142237-N'],[['2260-N']]
хэйлунцзян,['128160-N'],[['128139-N']]
удельный_вес,['133872-N'],"[['107583-N', '113161-N']]"
удобный_случай,['106578-N'],[['106446-N']]
отгораживание,"['140709-N', '112240-N']","[['123736-N'], ['107417-N']]"
огонь_лампочка,['108191-N'],[['107642-N']]
образование_для_взрослый,['141004-N'],[['1604-N']]
парадоксальность,['118564-N'],[['118563-N']]
продажный_коррупционер,['131876-N'],"[['639-N', '6668-N']]"
глубокий_место,['130607-N'],"[['106451-N', '106610-N']]"
седина_в_волос,['128403-N'],[['108951-N']]
монументализм,['4505-N'],[['1419-N']]
аэропорт_санкт-петербург,['134400-N'],[['221-N']]
авансовый_сумма,['143148-N'],[['112280-N']]
концентрация_в_один_место,['117527-N'],"[['112076-N', '115698-N']]"
проповедница,"['113373-N', '128393-N']","[['4860-N', '128393-N'], ['107524-N', '128392-N']]"
сухопутный_поверхность,['3224-N'],[['107135-N']]
расщепление,"['116430-N', '111587-N', '115302-N']","[['111994-N'], ['111690-N'], ['111994-N']]"
импортирование,['1695-N'],"[['1694-N', '115355-N']]"
запасный_игрок,['141084-N'],[['110092-N']]
вялость,"['119425-N', '118752-N']","[['119423-N'], ['128592-N']]"
повышение_по_служба,['7589-N'],"[['7260-N', '117937-N', '125687-N']]"
анкетный_лист,['124532-N'],"[['111709-N', '120754-N']]"
валлийский_язык,['148142-N'],[['148138-N']]
любовь,"['115711-N', '106652-N', '112995-N']","[['116519-N'], ['106651-N', '115711-N'], ['106476-N']]"
государственный_охрана,['7649-N'],[['6938-N']]
благовест,['125215-N'],[['123878-N']]
оптический_ореол,['120172-N'],[['133063-N']]
компаньон_фирма,['126487-N'],"[['2149-N', '113773-N']]"
модник,['120685-N'],[['150507-N']]
вечерний_сумерки,['150735-N'],[['135122-N']]
дамский_головной_убор,['108795-N'],"[['3510-N', '108091-N']]"
алкогольный_психоз,['115333-N'],[['110392-N']]
албанский_язык,['148144-N'],[['148134-N']]
пресс-конференция,['7251-N'],[['106782-N']]
самовыдвижение,['144799-N'],[['10008-N']]
воровка,['8153-N'],"[['639-N', '115323-N']]"
регион_сша,['140311-N'],[['134519-N']]
сносность,['119804-N'],"[['118739-N', '119979-N']]"
увенчивание,['117775-N'],[['115786-N']]
карточный_король,['110064-N'],[['110037-N']]
пограничный_застава,['151308-N'],[['9264-N']]
компьютерный_периферия,['4513-N'],[['139570-N']]
житель_англия,['105337-N'],"[['100046-N', '105579-N']]"
расхождение,"['107213-N', '137308-N', '121080-N']","[['106647-N', '118966-N'], ['106829-N'], ['111688-N', '121081-N']]"
ефрейтор,['4086-N'],"[['807-N', '926-N']]"
мыльница,"['143330-N', '139240-N']","[['117407-N'], ['107924-N']]"
часть_тело,['107729-N'],[['150414-N']]
установление_отношение,['146627-N'],"[['125092-N', '125859-N']]"
основной_средство,['6357-N'],"[['134410-N', '141221-N']]"
жакетка,['108615-N'],"[['108091-N', '108381-N']]"
лакей,"['124602-N', '111477-N']","[['111937-N'], ['111478-N']]"
равносильность,['119355-N'],[['118218-N']]
участник_десант,['150114-N'],[['106857-N']]
вскрикивание,['113546-N'],[['107104-N']]
пилотирование,['111719-N'],[['106614-N']]
сектор_газ,['106119-N'],"[['106120-N', '100076-N']]"
гигабайт,['144903-N'],[['129664-N']]
мюнхен,['103715-N'],[['137904-N']]
экранирование,['147550-N'],[['140492-N']]
полпред,['134002-N'],[['106891-N']]
буксирный_трос,['143488-N'],[['117668-N']]
один_шайка,['149772-N'],[['114781-N']]
матрос,['2621-N'],"[['237-N', '926-N']]"
империя,"['121075-N', '121074-N']","[['7285-N'], ['7986-N']]"
право_женщина,['6469-N'],[['1858-N']]
минэкономики,['5311-N'],[['1559-N']]
керлинг,['138162-N'],"[['8594-N', '152014-N']]"
лавочка,"['113683-N', '117634-N']","[['2302-N'], ['146544-N']]"
комплектность,['107334-N'],[['107335-N']]
работник_аптека,['115085-N'],[['1044-N']]
политика,"['133994-N', '6646-N']","[['106552-N', '106589-N'], ['10125-N']]"
центральный_теплоснабжение,['6732-N'],"[['144-N', '483-N']]"
бирочко,['125412-N'],[['106581-N']]
выездной_торговля,['150580-N'],"[['1030-N', '150579-N']]"
судорожность,"['119729-N', '119728-N']","[['119343-N', '119487-N'], ['119697-N']]"
стиль_модерн,['135031-N'],[['135498-N']]
запивка,['131461-N'],[['106932-N']]
служебный_здание,['141130-N'],[['9155-N']]
заготовка_сельскохозяйственный_продукция,['8921-N'],[['9312-N']]
кладбище,['4194-N'],[['107135-N']]
коммунист,['7976-N'],[['6629-N']]
долгов_бумага,['145804-N'],[['457-N']]
изречение,['107368-N'],[['107257-N']]
домушница,['135526-N'],"[['8153-N', '121980-N']]"
мысок_ступня,['154274-N'],[['133173-N']]
квалифицировать_мастер,['111238-N'],[['2550-N']]
железобетон,['3294-N'],"[['61-N', '4352-N']]"
победа,"['148624-N', '132174-N', '106958-N']","[['106958-N'], ['106958-N'], ['110249-N']]"
цепкость,"['153657-N', '119717-N']","[['117959-N'], ['118777-N']]"
река_уд,['102674-N'],[['100022-N']]
чабан,['112660-N'],[['112661-N']]
клин_московский_область,['102029-N'],[['136788-N']]
модемный_связь,['7503-N'],[['7501-N']]
продукция_молочный_скотоводство,['3545-N'],"[['2561-N', '129982-N']]"
лекарственный_флора,['2937-N'],"[['4789-N', '7474-N']]"
архив_фонодокумент,['114703-N'],[['117256-N']]
нетканый_материал,['117159-N'],[['108527-N']]
ловкость_движение,['117959-N'],[['117958-N']]
массажер,['137120-N'],[['106553-N']]
гастроэнтерология,['9228-N'],[['1047-N']]
документик,['2428-N'],[['2966-N']]
выдающийся_деятель,['131686-N'],"[['117797-N', '125677-N', '131682-N']]"
продукция_пищевой_назначение,['6382-N'],[['820-N']]
ласковость,['120606-N'],[['106924-N']]
государственный_награда_рф,['136205-N'],[['6377-N']]
акварель,"['108982-N', '9645-N']","[['107459-N'], ['6001-N']]"
экономический_конъюнктура,['7465-N'],"[['116548-N', '143193-N']]"
теоретический_исследование,['149574-N'],[['6338-N']]
процедурный_кабинет,['142120-N'],[['2983-N']]
никольск_вологодский_область,['100659-N'],[['136765-N']]
луизиана,['106339-N'],[['100029-N']]
увековечение_память,['624-N'],"[['6306-N', '120028-N']]"
законотворец,['123325-N'],[['6647-N']]
газодинамический_установка,['6235-N'],"[['109250-N', '146846-N']]"
развлекательный_заведение,['145679-N'],"[['106560-N', '152346-N']]"
биатлон,['111417-N'],[['5656-N']]
объединить_республика_танзания,['104762-N'],[['2062-N']]
гортань,['9659-N'],[['6210-N']]
урбанизация,['129385-N'],"[['112075-N', '116640-N']]"
лосиха,['108013-N'],"[['5812-N', '107861-N']]"
именование,['116042-N'],[['111944-N']]
исподний,['8351-N'],"[['1256-N', '4204-N']]"
костыль_для_передвижение,['131991-N'],"[['1068-N', '106553-N', '107709-N']]"
кинель,['102565-N'],[['136902-N']]
вкладной_лист,['121151-N'],"[['111708-N', '121150-N']]"
община,"['133234-N', '703-N']","[['106667-N'], ['767-N']]"
бермудский_остров,['105528-N'],"[['105445-N', '134508-N']]"
река_пирит,['102994-N'],[['100022-N']]
компьютерный_вирус,['9437-N'],[['132058-N']]
вредность,"['119555-N', '897-N']","[['119560-N'], ['3796-N']]"
владение_земельный_участок,['111734-N'],"[['252-N', '1842-N', '106814-N']]"
горный_лыжа,"['2350-N', '151991-N']","[['9844-N', '133982-N'], ['5814-N', '152260-N']]"
комсомольск-на-амур,['105678-N'],[['136195-N']]
торопец,['102861-N'],[['137145-N']]
психодиспансер,['7421-N'],"[['2917-N', '3938-N']]"
атом,['9344-N'],[['110735-N']]
педофилия,['136570-N'],"[['136571-N', '140604-N']]"
антоновка,['107974-N'],[['144185-N']]
деятельность_адвокат,['4374-N'],[['1302-N']]
дефибрилляция,['136420-N'],[['7529-N']]
ингаляция,['9698-N'],"[['9725-N', '115824-N']]"
пряник,['107270-N'],"[['1224-N', '107282-N']]"
содокладчик,['116894-N'],[['116893-N']]
бросок_шайба,['151504-N'],"[['111022-N', '144387-N']]"
фисташка,"['108658-N', '145539-N']","[['6104-N'], ['6879-N']]"
кобра,['108004-N'],[['121682-N']]
дикция,['111749-N'],[['107120-N']]
логотип,['139003-N'],"[['107076-N', '137605-N']]"
приоритет,"['134107-N', '140727-N']","[['134106-N'], ['106788-N']]"
никотин,['111125-N'],[['1011-N']]
классификация_текст,['128944-N'],"[['106585-N', '145152-N']]"
организация_бытовой_обслуживание,['1251-N'],[['141013-N']]
участие_в_партизанский_движение,['127457-N'],[['106856-N']]
ажур,['139233-N'],[['107987-N']]
алюминий,['3837-N'],"[['2868-N', '3835-N']]"
хлопок_в_ладоши,['115039-N'],"[['115036-N', '115041-N']]"
тренировочный_сбор,['148855-N'],"[['115698-N', '118369-N']]"
телевизионный_комментатор,['144135-N'],"[['10010-N', '131947-N']]"
припоминание,['118499-N'],[['141399-N']]
отыгрыш,"['133515-N', '116057-N']","[['116057-N', '116303-N'], ['115660-N']]"
волосяной_растительность,['108951-N'],[['107423-N']]
строительный_комплекс,['55-N'],[['133163-N']]
магнат,['121174-N'],"[['2717-N', '124373-N']]"
откуп,['118061-N'],"[['112280-N', '117914-N']]"
наказание_в_футбол,['128914-N'],"[['122184-N', '150492-N']]"
расторжение_международный_договор,['3307-N'],[['118718-N']]
пахотный_слой,['2673-N'],[['107193-N']]
географический_точка,['4714-N'],[['122047-N']]
наигранность,['120057-N'],[['119072-N']]
сливание,"['110710-N', '110827-N']","[['109705-N'], ['107417-N', '110726-N', '116051-N']]"
музыкальный_мотив,['111141-N'],[['110024-N']]
государственный_резерв,['6581-N'],[['116980-N']]
движок,['2100-N'],"[['5951-N', '106555-N']]"
орлеан,['104871-N'],[['242-N']]
селигер,['102870-N'],[['100070-N']]
город_терновка,['100852-N'],[['242-N']]
неандерталец,['111199-N'],[['111197-N']]
практичность,"['118471-N', '124552-N']","[['117866-N'], ['119280-N', '119746-N']]"
изощрение,['137152-N'],[['118698-N']]
слезоточивый_газ,['5024-N'],"[['7697-N', '132803-N']]"
ледокольный_проводка,['5197-N'],[['135041-N']]
большой_палец,['116262-N'],[['107715-N']]
лазутчик,['8455-N'],[['8481-N']]
ходовой_качество,['154971-N'],[['6872-N']]
жидкий_кристалл,['123884-N'],[['3675-N']]
причинение,['110479-N'],[['106473-N']]
причальный_тумба,['126457-N'],[['117902-N']]
распахивание,"['116349-N', '116302-N', '145251-N']","[['115969-N'], ['120955-N'], ['4536-N', '133326-N']]"
цифирь,['107077-N'],[['107076-N']]
конфорка_плита,['115794-N'],[['8061-N']]
темпера,"['114799-N', '114798-N']","[['6001-N'], ['107459-N']]"
видеоэкран,['145849-N'],[['107313-N']]
электрический_плита,['4130-N'],"[['5723-N', '136714-N']]"
сложность,"['149896-N', '118445-N', '138237-N']","[['119579-N'], ['118447-N'], ['137418-N']]"
участие,"['3978-N', '106856-N', '115391-N']","[['1263-N', '144027-N'], ['106646-N'], ['115440-N']]"
приморск_в_калининградский_область,['101128-N'],[['136773-N']]
штурман,['4129-N'],[['4993-N']]
республиканский_центр_рф,['123687-N'],[['8247-N']]
галета,['108286-N'],[['10198-N']]
прослойка,"['582-N', '111893-N', '111894-N']","[['369-N', '139946-N'], ['111892-N'], ['107193-N']]"
повествовательный_произведение,['107662-N'],[['4488-N']]
ход_в_карточный_игра,['151817-N'],[['131929-N']]
триумфатор,['124837-N'],[['113544-N']]
специалист_по_наладка,['127077-N'],[['2550-N']]
инициация,['153076-N'],[['107223-N']]
прямой_трансляция,['146603-N'],[['7724-N']]
качество,"['106768-N', '113275-N']","[['146671-N'], ['106760-N', '106768-N']]"
гашение,"['113648-N', '118422-N']","[['106817-N'], ['106531-N', '111493-N']]"
мандат,['116874-N'],[['107000-N']]
киловатт,['109756-N'],[['109755-N']]
уважительность,"['114217-N', '137461-N']","[['106647-N', '138596-N'], ['133338-N']]"
физхимия,['6206-N'],[['70-N']]
дивизия,['3842-N'],[['789-N']]
белый_сахар,['142800-N'],[['1230-N']]
ценитель_прекрасный,['149761-N'],[['129501-N']]
ачинск,['101451-N'],[['136746-N']]
сцепление,"['121146-N', '135308-N']","[['111669-N'], ['106555-N', '116967-N']]"
переворот_через_голова,['147116-N'],"[['111040-N', '137737-N']]"
подгруппа,['143687-N'],[['106508-N']]
черепица,['5595-N'],"[['5503-N', '6401-N']]"
смуглость,['119858-N'],[['118946-N']]
аризона,['106323-N'],[['100029-N']]
мавританский_столица,['104346-N'],[['3208-N']]
авторалли,['112597-N'],"[['111793-N', '112599-N']]"
общественный_закупка,['6330-N'],"[['6582-N', '131383-N']]"
цеце,['108739-N'],[['8818-N']]
городской_исполнительный_власть,['2649-N'],[['2645-N']]
потеря_здоровье,['1935-N'],"[['2968-N', '3406-N']]"
красный_дерево,['136469-N'],[['989-N']]
язык_идиш,['126129-N'],"[['126127-N', '146075-N']]"
представитель_сексуальный_меньшинство,['134846-N'],[['2149-N']]
нововоронеж,['105692-N'],[['136766-N']]
учебный_группа,['7100-N'],[['126483-N']]
частный_автомобиль,['152664-N'],"[['162-N', '2049-N']]"
екабпилс,['101624-N'],[['242-N']]
рокот,['113287-N'],[['106945-N']]
окупаемость_капитальный_вложение,['1746-N'],[['7072-N']]
дедуля,"['5320-N', '116949-N']","[['132896-N'], ['2616-N', '153536-N']]"
ограничение_право_и_свобода_гражданин,['7638-N'],[['111943-N']]
приплод_животное,['128321-N'],[['128320-N']]
обслуживание_и_ремонт,['144137-N'],[['135041-N']]
лечебный_курорт,['152434-N'],[['152433-N']]
отопительный_печь,['128514-N'],[['111245-N']]
официоз,"['7304-N', '7303-N']","[['4142-N'], ['928-N']]"
браток,"['139565-N', '151376-N']","[['140701-N'], ['639-N', '125085-N']]"
прорубание,"['112747-N', '134200-N']","[['112429-N'], ['129756-N']]"
нарекание,['106809-N'],[['106877-N']]
восточный_республика_уругвай,['104806-N'],[['2062-N']]
оладья,['108725-N'],[['107284-N']]
стычка,"['130564-N', '129227-N']","[['118698-N'], ['107214-N']]"
пороговый_значение,['128183-N'],"[['106514-N', '106941-N']]"
перевязка,"['111428-N', '127479-N', '117117-N']","[['7529-N', '111427-N'], ['111467-N', '120969-N'], ['116334-N']]"
васюган,['102271-N'],"[['100022-N', '100079-N']]"
рационализаторство,['124190-N'],[['112913-N']]
выход_замуж,['133857-N'],[['5697-N']]
табличный_форма,['117703-N'],[['112114-N']]
затупление,['115688-N'],[['106629-N']]
напыление,['117077-N'],[['111881-N']]
оксбридж,['138807-N'],[['138804-N']]
опиоид,['141493-N'],[['649-N']]
регата,['144025-N'],[['111793-N']]
шаньдун,['128158-N'],[['128139-N']]
международный_договор,['1115-N'],"[['2747-N', '4422-N']]"
станция_метро,['114955-N'],"[['3405-N', '109832-N']]"
супертяжеловес,['145339-N'],[['8478-N']]
непотизм,['134816-N'],[['132097-N']]
монотонность,['119363-N'],[['118553-N']]
чучело,"['121129-N', '154864-N', '129544-N']","[['106579-N'], ['125117-N'], ['125117-N']]"
паутина,['108600-N'],[['108599-N']]
гардина,['108203-N'],[['108607-N']]
задник_сцена,['144598-N'],[['126018-N']]
поездка_на_транспорт,['175-N'],[['170-N']]
приток_реут,['100865-N'],"[['100022-N', '100079-N']]"
технический_надзор,['7169-N'],[['1869-N']]
жертва,"['2911-N', '126152-N', '138578-N']","[['7189-N', '152714-N'], ['106579-N', '147133-N'], ['127161-N']]"
инстанция,['137339-N'],[['106761-N']]
клерикализм,['126446-N'],[['6639-N']]
легавый,['109539-N'],[['7678-N']]
нерабочий_время,['3504-N'],[['106720-N']]
запонка,['107917-N'],"[['2832-N', '107916-N']]"
содоклад,['116892-N'],[['114496-N']]
переезд,"['120370-N', '154666-N', '120371-N']","[['127486-N'], ['106587-N'], ['120372-N', '144457-N']]"
чувство_сожаление,['117383-N'],[['106661-N']]
ежедневный_газета,['133187-N'],[['1354-N']]
завязывание_знакомство,['117791-N'],[['119978-N']]
кадриль,['108236-N'],"[['8082-N', '124186-N']]"
забастовка,['1485-N'],"[['134336-N', '136578-N']]"
самопроверка,['150570-N'],[['106690-N']]
приклеивание,"['110784-N', '111672-N']","[['110790-N'], ['111666-N', '111671-N']]"
снежок,"['3953-N', '123779-N']","[['820-N'], ['113920-N']]"
окончание_слово,['110614-N'],[['113860-N']]
выделывание,['116036-N'],"[['106495-N', '106534-N']]"
айдахо,['106321-N'],[['100029-N']]
светило,"['123867-N', '131684-N']","[['3540-N'], ['125677-N', '129730-N']]"
освидетельствование,['147760-N'],"[['4113-N', '106710-N', '106901-N']]"
кисломолочный_продукт,['5718-N'],[['371-N']]
умещение,['115236-N'],[['106698-N']]
право_на,['107696-N'],[['107695-N']]
подсолнечниковый_жмых,['146294-N'],[['110145-N']]
любитель_подраться,['130969-N'],[['126164-N']]
чистополь,['102823-N'],[['242-N']]
тонзиллит,['112399-N'],[['108862-N']]
спаржа,['108482-N'],"[['348-N', '4789-N', '6878-N']]"
орган_кровеносный_система,['109910-N'],[['106580-N']]
запоздание,"['148400-N', '115140-N']","[['106504-N'], ['111329-N', '148400-N']]"
автомобильный_марк,['138593-N'],[['8217-N']]
гигаватт,['152506-N'],[['109755-N']]
пивоваренный_завод,['5045-N'],[['141888-N']]
воспаление_кожа,['136417-N'],"[['9457-N', '108862-N']]"
северка,['102026-N'],[['136790-N']]
этимология,['135705-N'],[['125860-N']]
вредительница,['130173-N'],"[['107552-N', '107555-N', '152714-N']]"
угонщик_автомобиль,['144606-N'],[['116795-N']]
монтировка,"['146719-N', '547-N', '116074-N']","[['139389-N'], ['106699-N'], ['112095-N']]"
стерлядка,['5960-N'],[['5372-N']]
вельск,['100330-N'],[['136750-N']]
металлопрокатный_продукция,['3870-N'],"[['5900-N', '132393-N']]"
реппер,['143662-N'],[['1431-N']]
защитный_одежда,['144427-N'],"[['1256-N', '145210-N']]"
юрисконсульт,['9022-N'],"[['2064-N', '6578-N']]"
раковина,"['6033-N', '114153-N']","[['5693-N', '132526-N'], ['108776-N']]"
старение,"['133543-N', '118082-N']","[['133542-N', '155114-N'], ['106629-N']]"
выслуга_лето,['6356-N'],[['6537-N']]
естественность,"['119899-N', '119897-N', '125284-N']","[['118164-N'], ['125860-N'], ['106924-N']]"
бег_на_лыжа,['126816-N'],"[['111793-N', '133982-N']]"
химический_реагент,['112243-N'],[['147758-N']]
окантовка,['118263-N'],"[['115006-N', '118262-N']]"
фара_дальний_свет,['152587-N'],[['108461-N']]
город_касабланка,['104406-N'],[['207-N']]
из-под_перо,['143165-N'],"[['840-N', '106501-N', '107009-N']]"
бригада,"['7994-N', '121719-N']","[['789-N'], ['879-N']]"
яров_культура,['366-N'],[['326-N']]
мизантропия,['126717-N'],[['106654-N']]
многоборье,['9230-N'],"[['1625-N', '8138-N']]"
шизофреник,['110114-N'],[['111236-N']]
группировка_боевик,['3560-N'],"[['7011-N', '124282-N']]"
извлечение_корень,['110685-N'],[['110679-N']]
компания_мобильный_связь,['146554-N'],[['141439-N']]
совка_для_мусор,['129137-N'],[['146878-N']]
петарда,['127530-N'],[['153561-N']]
предоплатить_карта,['152086-N'],[['147191-N']]
танго,['109100-N'],[['124186-N']]
комсомол,['2861-N'],[['2862-N']]
непарнокопытный_животное,['126920-N'],[['144143-N']]
приобие,['139792-N'],[['100076-N']]
гадкий_поступок,['111274-N'],"[['111260-N', '106548-N', '114934-N']]"
хлопчатник,['109043-N'],"[['4057-N', '6912-N']]"
биологический_процесс,['143048-N'],[['135044-N']]
социалистический_реализм,['139549-N'],[['109375-N']]
спинной_хорда,['129268-N'],[['107234-N']]
информационный_продукция,['1358-N'],[['106505-N']]
земной_поверхность,['3485-N'],[['107133-N']]
пуэрто-рико,"['138048-N', '128573-N']","[['3465-N'], ['2062-N']]"
коронарный_кровообращение,['154718-N'],[['4807-N']]
шифр,"['148243-N', '4619-N']","[['109559-N'], ['109559-N', '115789-N']]"
генератор_постоянный_ток,['142164-N'],[['139369-N']]
клиницист,['110088-N'],[['1045-N']]
пассажирский_терминал,['6616-N'],[['8041-N']]
рупия,"['103953-N', '103898-N', '105007-N']","[['1338-N'], ['1338-N'], ['1338-N']]"
юго-западный_часть,['100040-N'],[['100037-N']]
прокисание,['118731-N'],"[['111979-N', '118730-N']]"
собеседник,['114403-N'],"[['2149-N', '106857-N']]"
звуковой_волна,['139252-N'],[['107584-N']]
классификационный_схема,['120137-N'],"[['2428-N', '115790-N']]"
родий,['7644-N'],"[['2868-N', '6392-N']]"
желудок,['109845-N'],[['109844-N']]
фолиевый_кислота,['6088-N'],"[['2980-N', '133017-N']]"
баллон,"['118442-N', '124311-N', '118443-N']","[['107039-N'], ['5242-N', '107071-N', '111918-N'], ['107071-N']]"
дистанцирование,['139664-N'],[['117765-N']]
формульный_запись,['147575-N'],"[['112114-N', '113161-N']]"
очистка_от_вредный_вещество,['144157-N'],"[['106483-N', '114441-N', '128431-N']]"
отображение,['111618-N'],[['110447-N']]
отечь,['110825-N'],[['107586-N']]
португалка,['105400-N'],"[['105336-N', '132681-N', '139862-N', '106140-N']]"
драматический_искусство,['1420-N'],[['2155-N']]
вытекание,"['115745-N', '130550-N']","[['111045-N'], ['106477-N']]"
малый_медведица,['125332-N'],[['125327-N']]
сентябрь,['106751-N'],[['139148-N']]
коммуникативность,['118454-N'],"[['118180-N', '150153-N']]"
беседка,['123930-N'],[['2525-N']]
легион,"['138488-N', '146724-N']","[['124282-N'], ['138488-N']]"
парнокопытный_животное,['108007-N'],[['144143-N']]
иерусалим,['103890-N'],[['242-N']]
архипелаг_индийский_океан,['134500-N'],[['6943-N']]
производство_в_суд,['1853-N'],[['106562-N']]
борщ,['108714-N'],[['6022-N']]
таблоид,['138060-N'],[['1360-N']]
манчестер_нью-хэмпшир,['146910-N'],[['242-N']]
республика_мадагаскар,['104349-N'],[['2062-N']]
бледность,"['119457-N', '152622-N', '118231-N']","[['125205-N'], ['118231-N', '122225-N'], ['114389-N', '115892-N']]"
форма_трапеция,['153624-N'],[['106559-N']]
суннит,['126363-N'],[['4546-N']]
удостоверение_личность,['132949-N'],"[['7061-N', '107000-N', '149271-N']]"
фамильный_имя,['2540-N'],[['107539-N']]
покорение,"['115073-N', '123937-N', '148955-N']","[['115072-N'], ['118038-N', '118574-N'], ['106685-N']]"
кислородотерапия,['148622-N'],[['1065-N']]
анус,['150567-N'],[['149913-N']]
литр,['109784-N'],[['109783-N']]
поясница,['109604-N'],"[['107133-N', '133173-N']]"
размягчение,"['121439-N', '119450-N']","[['106629-N', '132813-N'], ['106631-N']]"
кельма,['124750-N'],[['128509-N']]
утренник,['114671-N'],[['1446-N']]
алеутский_язык,['148205-N'],[['148203-N']]
противостояние,"['140501-N', '106521-N', '115796-N']","[['106451-N'], ['118966-N'], ['114426-N']]"
спальня,"['107553-N', '107554-N']","[['144852-N'], ['131325-N']]"
причина_происходить,['106474-N'],[['139762-N']]
чашка,['107056-N'],"[['126802-N', '126833-N', '154237-N']]"
меловой_система,['135855-N'],[['139861-N']]
литера,"['107078-N', '113523-N']","[['107076-N'], ['107431-N']]"
кошениль,['126416-N'],[['4609-N']]
угловой_градус,['129653-N'],[['129654-N']]
выволакивание,['130352-N'],"[['110915-N', '110917-N']]"
будильник,['110266-N'],[['110206-N']]
мелодрама,['114682-N'],"[['6786-N', '110374-N']]"
язык_тюркский_группа,['141038-N'],[['148133-N']]
практичность,"['118471-N', '124552-N']","[['117866-N'], ['119280-N', '119746-N']]"
укачивание_перед_сон,['116265-N'],[['115316-N']]
суммарность,['121530-N'],[['118846-N']]
эверест,['129274-N'],[['130163-N']]
выбалтывание,['118139-N'],"[['107094-N', '120087-N', '1885-N', '106887-N']]"
религия,['2201-N'],[['119563-N']]
порнофильм,['128554-N'],"[['1440-N', '128553-N']]"
сексуальный_культура,['6744-N'],[['106450-N']]
выправка,"['116736-N', '125841-N', '111361-N']","[['113825-N'], ['124653-N'], ['111360-N', '111362-N']]"
ушица,['100871-N'],"[['100022-N', '100079-N']]"
иезуитство,['113151-N'],"[['107141-N', '111283-N']]"
ценник,['8723-N'],"[['8722-N', '112118-N']]"
даллас,['106371-N'],[['242-N']]
цветастость,['119030-N'],"[['118355-N', '139117-N']]"
квалифицированность,"['150119-N', '3618-N']","[['3618-N', '120625-N'], ['106761-N']]"
криминолог,['115106-N'],[['140359-N']]
сравнение,"['106517-N', '149852-N']","[['106710-N'], ['107521-N']]"
богоявление,['120985-N'],[['112880-N']]
космический_деятельность,['955-N'],[['106562-N']]
защита_от_подделка,['152823-N'],[['106595-N']]
общедоступность,"['119692-N', '144171-N']","[['118352-N', '118869-N'], ['107695-N']]"
белогорск_в_амурский_область,['100248-N'],[['136760-N']]
приусадебный_землепользование,['6083-N'],[['252-N']]
поперечник,['113222-N'],"[['106717-N', '106755-N', '113221-N']]"
московский_областной,['102028-N'],[['2640-N']]
клоп,"['124117-N', '114764-N']","[['1605-N', '147301-N'], ['122221-N']]"
сделка_с_квартира,['149276-N'],[['149219-N']]
диск,"['126806-N', '4448-N', '109467-N']","[['128563-N'], ['5544-N', '109467-N'], ['106554-N', '109470-N']]"
печора,"['101393-N', '102413-N', '102485-N']","[['242-N'], ['100022-N'], ['136894-N']]"
познань,['104581-N'],[['242-N']]
изолятор_для_инфекционный_больной,['113806-N'],"[['113805-N', '113934-N']]"
зарайск,['102054-N'],[['136788-N']]
колосов,['108439-N'],[['108443-N']]
кипение,"['118537-N', '144662-N', '108945-N']","[['106457-N'], ['153471-N'], ['119726-N']]"
газетчица,['130537-N'],[['1347-N']]
стихотворец,['5260-N'],[['1578-N']]
заложник,['3301-N'],[['151925-N']]
биржевой_операция,['1947-N'],"[['143541-N', '143763-N', '151098-N']]"
морской_пехота,['7836-N'],"[['113365-N', '113366-N']]"
съемочный_группа,['145498-N'],[['879-N']]
хвойный_игла,['143235-N'],[['107878-N']]
обматывание,['115187-N'],"[['107325-N', '112000-N']]"
серный_сырье,['9370-N'],[['131273-N']]
русь,['138617-N'],[['105559-N']]
красный_кровяной_шарик,['9660-N'],[['133007-N']]
разнос,"['115388-N', '141506-N', '107121-N']","[['108870-N', '116610-N'], ['111950-N'], ['106809-N', '112963-N', '114934-N']]"
среднеарифметический_величина,['134248-N'],"[['106515-N', '142465-N']]"
рогач,['109011-N'],[['107768-N']]
частный_предприятие,['2050-N'],"[['317-N', '525-N']]"
экономичность,['2113-N'],"[['6802-N', '119280-N']]"
кировоград,"['101341-N', '102620-N']","[['8247-N'], ['242-N']]"
конотоп,['102759-N'],[['242-N']]
командный_зачет,['153511-N'],[['1625-N']]
ступня,"['107716-N', '113764-N']","[['107729-N'], ['107133-N', '113193-N', '133173-N']]"
брандспойт,['7698-N'],"[['106555-N', '109272-N']]"
исправление_ошибка,['111361-N'],"[['111360-N', '111362-N']]"
катовице,['104584-N'],[['242-N']]
авиабомба,['5612-N'],[['5541-N']]
камчатский_краб,['140806-N'],[['140804-N']]
без_сознание,['146631-N'],"[['106567-N', '149897-N']]"
подбородок,['116845-N'],[['113193-N']]
волгоградский_область,['102517-N'],"[['2640-N', '105301-N']]"
дрогобыч,['101864-N'],[['242-N']]
загрязнять_вещество,['9038-N'],"[['820-N', '129957-N']]"
находка,"['149421-N', '149420-N', '102442-N']","[['107488-N'], ['106554-N'], ['207-N', '137781-N']]"
системность,['137951-N'],[['119925-N']]
персона_нона_грат,['7431-N'],[['1179-N']]
богохульник,['125253-N'],[['133874-N']]
душа_не_на_место,['118487-N'],"[['150230-N', '117114-N']]"
мина,"['3890-N', '109900-N', '112037-N']","[['811-N', '5541-N'], ['8104-N'], ['107545-N']]"
алчевск,['105977-N'],[['242-N']]
алюминиевый_руда,['8339-N'],"[['106-N', '3919-N']]"
иоканга,['101381-N'],[['100022-N']]
река_дубна,['100606-N'],[['100079-N']]
тактико-технический_характеристика,['140431-N'],[['6872-N']]
полстолетие,['133992-N'],[['106723-N']]
приказание,"['107371-N', '125550-N']","[['106447-N'], ['107374-N']]"
лютня,['132229-N'],[['125626-N']]
галоп,['111181-N'],[['111180-N']]
просветительство,['140755-N'],[['106542-N']]
весельный_лодка,['145991-N'],"[['5030-N', '145992-N']]"
встречный_направление,['140572-N'],[['119689-N']]
распутывание,"['128808-N', '130469-N', '130468-N']","[['106678-N'], ['107410-N'], ['110910-N', '121100-N']]"
воля,"['117097-N', '117098-N', '117096-N']","[['106476-N'], ['106765-N', '148416-N'], ['116635-N']]"
скованность,['137181-N'],"[['118305-N', '119073-N', '119074-N']]"
баден-баден,['141682-N'],"[['152435-N', '137904-N']]"
правящий_регент,['128896-N'],[['100097-N']]
скромность,"['137911-N', '119155-N', '132937-N']","[['114022-N'], ['106924-N'], ['118914-N', '132915-N']]"
размытость,"['120110-N', '119004-N']","[['128660-N'], ['118135-N']]"
лесозаводск,['102446-N'],[['137781-N']]
теоретический_исследование,['149574-N'],[['6338-N']]
вынесение_оправдательный_приговор,['144153-N'],[['144154-N']]
опытность,['120625-N'],[['117958-N']]
массовый_старт,['145900-N'],[['111793-N']]
информационный_сборник,['3619-N'],"[['1358-N', '1579-N']]"
отмена_полномочие,['149179-N'],"[['106531-N', '117914-N']]"
перекличка,"['125102-N', '127567-N']","[['107104-N', '137784-N'], ['106695-N', '120016-N']]"
валяный_материал,['5623-N'],[['117159-N']]
служба_по_контракт,['6999-N'],[['791-N']]
выпад,"['125834-N', '125815-N']","[['125812-N'], ['113372-N']]"
строительный_норма,['6402-N'],"[['4208-N', '106512-N']]"
метеоинформация,['4137-N'],[['106862-N']]
исторический_область_франция,['140938-N'],[['100077-N']]
завязка,"['123869-N', '116418-N', '123868-N']","[['107442-N', '132253-N'], ['115394-N'], ['106554-N', '107478-N', '112567-N']]"
лесосырьевой_ресурс,['985-N'],[['141733-N']]
сельва,['133657-N'],[['102473-N']]
обезглавливание,"['138367-N', '120796-N']","[['114372-N'], ['110833-N', '111386-N']]"
фельдмаршал,['131827-N'],"[['803-N', '124214-N']]"
государственный_пожарный_надзор,['136821-N'],"[['1869-N', '6898-N']]"
заседание,['106832-N'],[['106782-N']]
композитор,['1433-N'],"[['1431-N', '2720-N']]"
время_работа,['145316-N'],"[['107151-N', '147827-N']]"
киновариант,['142511-N'],[['8317-N']]
акмолинский_область,['106078-N'],[['100056-N']]
утечка_химический_вещество,['116563-N'],[['115745-N']]
статистический_управление,['6429-N'],"[['106571-N', '117462-N']]"
место_обход,['152589-N'],[['106451-N']]
вечность,"['127154-N', '124709-N']","[['114203-N', '118598-N'], ['114203-N']]"
домашний_стадион,['154697-N'],[['4211-N']]
музыкальный_слух,['123527-N'],[['106766-N']]
отстранение_от_дело,['121520-N'],"[['868-N', '117915-N']]"
размножение_животное,['126881-N'],[['127089-N']]
теннисистка,['7942-N'],"[['1626-N', '110092-N']]"
протрезвление,"['130529-N', '119990-N']","[['129710-N'], ['117855-N']]"
ослепительность,"['116937-N', '116939-N']","[['115078-N'], ['116938-N']]"
расхищение_казна,['131872-N'],[['5176-N']]
послание,"['123813-N', '3033-N']","[['106459-N'], ['2966-N']]"
презрение,"['117046-N', '117044-N']","[['117047-N'], ['106647-N', '117048-N']]"
светогорск,['101694-N'],[['136785-N']]
бензозаправка,['147659-N'],[['3733-N']]
сочувствие,"['137470-N', '115391-N']","[['106878-N', '137658-N'], ['115440-N']]"
пилотаж,['125434-N'],"[['111719-N', '132109-N']]"
камера_хранение,['129842-N'],"[['106573-N', '106625-N']]"
блеклость,"['119457-N', '119837-N']","[['125205-N'], ['115892-N', '120110-N', '128660-N']]"
корзиночка,"['107263-N', '150518-N']","[['107038-N', '152705-N'], ['107038-N']]"
солдатик,"['814-N', '139207-N']","[['807-N', '926-N'], ['109620-N']]"
ономатология,['114145-N'],[['111353-N']]
магнезит,['137198-N'],[['3417-N']]
водоотводный_система,['145528-N'],[['6489-N']]
филонка,['111351-N'],[['111212-N']]
оружие_для_достижение,['140687-N'],[['142490-N']]
фотокопировальный_аппаратура,['144286-N'],"[['2859-N', '4529-N']]"
соревнование_в_одиночный_разряд,['153250-N'],[['1625-N']]
поседение,['134799-N'],[['110416-N']]
посреднический_вознаграждение,['5560-N'],"[['143840-N', '149808-N']]"
подразделение_специальный_назначение,['135527-N'],[['124282-N']]
недодача,['137450-N'],[['106935-N']]
издательский_дом,['1357-N'],[['106560-N']]
тыл_войско,['132154-N'],[['107135-N']]
косяк_дверь,['153057-N'],[['118132-N']]
монтре,['104945-N'],[['135595-N']]
геодезистка,['8614-N'],"[['21-N', '2550-N']]"
интервьюирование,['118002-N'],[['107256-N']]
салон_подвижный_состав,['120749-N'],[['106573-N']]
распятие,"['124655-N', '126869-N']","[['3980-N'], ['6886-N', '124155-N']]"
участие,"['3978-N', '106856-N', '115391-N']","[['1263-N', '144027-N'], ['106646-N'], ['115440-N']]"
армия,"['788-N', '146604-N', '772-N']","[['113365-N'], ['789-N'], ['106560-N']]"
безводье,['131801-N'],[['106768-N']]
дератизационный_средство,['4999-N'],"[['1052-N', '2065-N', '114475-N']]"
сан-диего,['138887-N'],[['247-N']]
консолидация,"['107533-N', '111483-N', '111486-N']","[['106557-N'], ['111489-N'], ['144027-N']]"
дерзновенность,['119357-N'],[['113857-N']]
финансовый_показатель,['7072-N'],"[['2116-N', '107583-N']]"
экспликация,['129195-N'],"[['111944-N', '123550-N']]"
барабинск,['102231-N'],[['136801-N']]
уговор,"['116791-N', '116244-N']","[['106993-N'], ['106535-N']]"
меццо-сопрано,['110152-N'],[['108903-N']]
разламывание,"['131726-N', '118379-N']","[['111371-N', '111950-N'], ['111994-N', '118380-N', '119903-N']]"
застенок,['140871-N'],[['106451-N']]
флегматизм,['119673-N'],"[['118203-N', '119425-N']]"
перемалывание,['111778-N'],"[['111775-N', '113030-N']]"
зубной_прикус,['123621-N'],[['106452-N']]
госпитальный_лечение,['5389-N'],[['1061-N']]
молитва,"['7553-N', '110517-N']","[['2966-N'], ['107094-N']]"
дипломатический_агент,['1179-N'],"[['3361-N', '8688-N', '106891-N']]"
конференция,['3270-N'],[['3269-N']]
извоз,['140840-N'],"[['170-N', '135156-N']]"
обруч_бочка,['127229-N'],[['109468-N']]
камса,['107975-N'],[['5973-N']]
скрытый_наблюдение,['143797-N'],[['118780-N']]
отпор,['127389-N'],"[['106882-N', '112933-N']]"
блесна,['116318-N'],[['110335-N']]
час_работа,['145316-N'],"[['107151-N', '147827-N']]"
анализ_информация,['145151-N'],"[['106897-N', '145152-N']]"
электронный_отрасль,['857-N'],"[['856-N', '7557-N']]"
засушливый_район,['8879-N'],[['5591-N']]
записывание,"['126241-N', '111882-N', '124842-N']","[['107003-N'], ['111881-N', '152808-N'], ['114786-N', '152808-N']]"
отзвук,"['107356-N', '107538-N', '146417-N']","[['106945-N'], ['107356-N'], ['106651-N', '112933-N']]"
серпухов,['102070-N'],[['136788-N']]
кува,['102984-N'],[['242-N']]
на_подход,"['111978-N', '116328-N']","[['111594-N'], ['106629-N']]"
безвизовый_режим,['1200-N'],"[['7094-N', '149056-N']]"
хэнаня,['128147-N'],[['128139-N']]
лечебный_грязь,['4954-N'],"[['6514-N', '149307-N']]"
бордо,"['109441-N', '139722-N']","[['141887-N'], ['129568-N']]"
хазар,['142823-N'],"[['121505-N', '125949-N']]"
язык,"['106919-N', '151716-N', '2798-N']","[['10117-N'], ['126900-N'], ['115790-N']]"
кассирша,"['4865-N', '149353-N']","[['2550-N'], ['2550-N']]"
драгметалл,['101-N'],"[['259-N', '144866-N']]"
богословие,['115405-N'],"[['1395-N', '121515-N']]"
существующий_положение,['144367-N'],[['106446-N']]
рынок_объект_недвижимость,['8852-N'],[['2079-N']]
медицинский_учебный_заведение,['2982-N'],[['1609-N']]
восходящий_тренд,['149663-N'],"[['2214-N', '149662-N']]"
метрополитен,['192-N'],[['140385-N']]
кельн,['103712-N'],[['137904-N']]
хлопанье,"['115043-N', '115041-N', '115036-N']","[['106878-N', '115039-N'], ['107093-N'], ['107404-N']]"
опорный_стойка,['114487-N'],[['106623-N']]
карта_память,['146976-N'],[['511-N']]
технический_наука,['3101-N'],[['4713-N']]
миасс,['103072-N'],[['242-N']]
чеченский_населить_пункт,['132820-N'],[['132821-N']]
фотокопия,['4768-N'],[['111644-N']]
на_подход,"['111978-N', '116328-N']","[['111594-N'], ['106629-N']]"
волга,['100595-N'],[['100022-N']]
аденоид,['114863-N'],[['616-N']]
лабораторно-практический_занятие,['5995-N'],[['3275-N']]
раскодирование,['136573-N'],[['106709-N']]
сердце,"['120992-N', '109908-N']","[['107585-N'], ['109910-N']]"
демографический_процесс,['610-N'],[['106446-N']]
употребление,['106497-N'],[['106646-N']]
смешивание,['109705-N'],[['106557-N']]
трансурановый_металл,['9199-N'],"[['3836-N', '132880-N']]"
староста,['129210-N'],[['106891-N']]
следственный_департамент,['2557-N'],[['3381-N']]
слава,"['137323-N', '116964-N']","[['114897-N'], ['106775-N']]"
залет,"['131391-N', '115722-N']","[['118826-N'], ['115786-N']]"
ветер_с_порыв,['109563-N'],[['4220-N']]
озаглавливание,['116298-N'],[['116042-N']]
провинция_италия,['140921-N'],[['105110-N']]
сгущенка,['137027-N'],[['9280-N']]
место_прокол,['113064-N'],[['107087-N']]
прозрение,"['115932-N', '119761-N', '134169-N']","[['106678-N'], ['119760-N'], ['106631-N', '129710-N']]"
коренной_перекройка,['142398-N'],[['106785-N']]
заправка_топливо,['144403-N'],[['126248-N']]
грелка,['126845-N'],[['9027-N']]
медь,"['145899-N', '141893-N', '268-N']","[['109499-N'], ['7991-N'], ['948-N', '2868-N']]"
ухудшение_порода,['112455-N'],[['106633-N']]
магнитофонный_лента,['114760-N'],"[['4241-N', '107478-N']]"
радиология,['134951-N'],[['1047-N']]
гуттаперча,['114948-N'],[['107277-N']]
штоф,['113018-N'],[['128534-N']]
фототовары,['2172-N'],[['5256-N']]
жилище,"['478-N', '112704-N']","[['1313-N', '106573-N', '112704-N'], ['106451-N']]"
пресс,"['137889-N', '127111-N', '112679-N']","[['120613-N'], ['106817-N', '116506-N'], ['109373-N']]"
опасение,['106834-N'],[['106791-N']]
размякание,['132813-N'],[['106629-N']]
ладош,['107938-N'],"[['118483-N', '133173-N']]"
приазовский_регион,['144781-N'],[['100076-N']]
холодильный_агент,['146384-N'],[['820-N']]
тряска,"['111144-N', '152693-N', '114517-N']","[['106938-N'], ['107513-N'], ['107513-N']]"
возложение_венок,['151565-N'],"[['6306-N', '125698-N']]"
мультипликация,['124665-N'],"[['1421-N', '5967-N']]"
совершенствование,"['106839-N', '112009-N']","[['106632-N'], ['106630-N']]"
оттиск_штамп,['116570-N'],[['8033-N']]
балалайка,['108034-N'],"[['1450-N', '107996-N']]"
набирание,['132729-N'],"[['106639-N', '130940-N']]"
асфальтирование,['4639-N'],"[['4635-N', '111413-N', '111871-N']]"
переправление,"['141440-N', '107008-N']","[['115672-N'], ['119751-N']]"
пустынный_место,['150171-N'],[['106611-N']]
соотнесенность,['113161-N'],[['106646-N']]
терминал,"['152209-N', '8041-N']","[['510-N', '4513-N'], ['148867-N']]"
западный_полушарие,['136624-N'],[['136622-N']]
оператор_связь,['149029-N'],"[['2416-N', '154468-N']]"
трость,['107711-N'],[['107709-N']]
тюмень,['102937-N'],[['100066-N']]
корявость,['119773-N'],[['119515-N']]
хлебосольство,['119867-N'],[['119866-N']]
театрально-зрелищный_учреждение,['1417-N'],"[['1434-N', '145190-N', '145679-N']]"
денежный_премия,['2715-N'],[['85-N']]
плод_абрикос,['144197-N'],"[['354-N', '144322-N']]"
искоренение,['106483-N'],[['106531-N']]
объединение_по_интерес,['145188-N'],[['106667-N']]
страна_баска,['105380-N'],[['100077-N']]
страх_перед_радиация,['136973-N'],[['135768-N']]
ручной_тормоз,['147200-N'],[['4209-N']]
историография,['113811-N'],[['932-N']]
бас,"['108904-N', '155117-N', '154182-N']","[['107102-N', '108903-N'], ['120018-N'], ['106945-N', '110023-N']]"
взрывпакет,['153562-N'],[['153561-N']]
щенок,"['108158-N', '129174-N']","[['4454-N', '107807-N'], ['129173-N']]"
автоматизация_бизнес,['152250-N'],[['924-N']]
спортивный_авиация,['3814-N'],[['199-N']]
железнодорожный_подвижный_состав,['2313-N'],[['229-N']]
опытность,['120625-N'],[['117958-N']]
параболический_тарелка,['137008-N'],"[['3746-N', '4676-N']]"
соблазнительница,['144787-N'],[['2149-N']]
откол,"['127418-N', '127419-N']","[['110910-N', '121100-N'], ['114690-N']]"
женский_платье,['108171-N'],[['108091-N']]
речной_русло,['149928-N'],[['107476-N']]
непоправимость,['137474-N'],[['118704-N']]
шишечка,"['114301-N', '152601-N', '132719-N']","[['107871-N'], ['132719-N', '150699-N', '152920-N'], ['125927-N']]"
правило_безопасность,['3100-N'],[['106450-N']]
принимать_сторона,['148405-N'],[['135736-N']]
адж,['103456-N'],[['100046-N']]
обычай,['106516-N'],[['106603-N']]
послесловие,['134067-N'],[['114591-N']]
фанатичность,['119887-N'],[['119886-N']]
мужской_семенник,['110215-N'],"[['9534-N', '110020-N']]"
доисторический_время,['141999-N'],[['126940-N']]
фотоматериал,['9219-N'],[['2172-N']]
селигдар,['100209-N'],"[['100022-N', '100079-N']]"
почетный_звание,['120-N'],[['3057-N']]
it-технология,['854-N'],"[['853-N', '5474-N']]"
странник,"['112329-N', '143242-N']","[['4474-N', '113128-N'], ['113128-N']]"
реэмиграция,['135352-N'],"[['5387-N', '121552-N']]"
дискотека,['8517-N'],"[['1443-N', '119952-N', '119953-N', '145679-N']]"
ветеран_великий_отечественный_война,['147927-N'],[['1932-N']]
член_киноакадемия,['136286-N'],"[['1412-N', '5714-N', '146796-N']]"
фотоаппаратура,['4529-N'],"[['2172-N', '4528-N']]"
молдова,['101984-N'],"[['2062-N', '142193-N']]"
уступ,['129397-N'],"[['107203-N', '107303-N']]"
республика_намибия,['103407-N'],[['2062-N']]
масштаб,"['138592-N', '132051-N']","[['106760-N'], ['118804-N']]"
пищеварительный_тракт,['5117-N'],[['145815-N']]
тобогган,['152054-N'],[['111081-N']]
эксперт,['6577-N'],"[['2550-N', '115128-N']]"
подлесок,['110761-N'],[['147725-N']]
ромб,['107026-N'],[['107025-N']]
перфоратор_для_пробивание_отверстие,['133694-N'],[['106555-N']]
выпускной_вечер,['150026-N'],[['119953-N']]
уход_за_неизлечимый_больной,['140400-N'],[['151667-N']]
отвальный_поле,['9559-N'],"[['114476-N', '147395-N']]"
государственность,['416-N'],[['106575-N']]
использование_ядерный_оружие,['128883-N'],"[['1664-N', '147948-N']]"
изучение_пещера,['129185-N'],[['6945-N']]
палладий,['5412-N'],"[['2868-N', '6392-N']]"
опись,"['8226-N', '3475-N']","[['3513-N', '106990-N', '111634-N'], ['3474-N', '106989-N']]"
политический_оттепель,['147310-N'],[['139989-N']]
концертный_организация,['7545-N'],[['1434-N']]
оброк,['127227-N'],[['144653-N']]
восточноевропеец,['134360-N'],[['105336-N']]
дежурство,"['118491-N', '118492-N']","[['149042-N'], ['106922-N', '115219-N']]"
старшеклассница,['113229-N'],[['1606-N']]
пучок,"['121241-N', '121266-N']","[['109108-N'], ['107466-N']]"
пролог,['114141-N'],[['114139-N']]
еврей,['105335-N'],"[['100046-N', '134850-N']]"
первопрохождение,['148956-N'],"[['117484-N', '148955-N']]"
гример,['121072-N'],[['112300-N']]
степень_родство,['144467-N'],[['106760-N']]
снобок,['129133-N'],[['150507-N']]
точность,"['106797-N', '118907-N']","[['123454-N'], ['123454-N']]"
популярный_миф,['148231-N'],"[['2270-N', '121960-N']]"
спальный_район,['148947-N'],[['4250-N']]
информационный_сфера,['7001-N'],[['106562-N']]
подрядчик,['3973-N'],"[['525-N', '140670-N']]"
пьянчуга,['4845-N'],"[['4846-N', '141111-N']]"
сердечный_недостаточность,['136162-N'],"[['7390-N', '145529-N']]"
верительный_грамота,['5203-N'],[['1092-N']]
амбра,['144756-N'],[['3450-N']]
телерадиоорганизация,['1375-N'],[['847-N']]
северо-западный_экономический_район_рф,['105350-N'],[['105349-N']]
станционный_платформа,['8841-N'],"[['233-N', '107218-N']]"
котенок,['112722-N'],"[['6804-N', '107807-N']]"
эстонский_язык,['148168-N'],[['148163-N']]
каменск-уральский,['105918-N'],[['242-N']]
увоз,['116858-N'],"[['108870-N', '140441-N']]"
кеть,['102259-N'],"[['100022-N', '100079-N']]"
кино,"['1440-N', '1418-N', '1421-N']","[['4026-N'], ['1417-N'], ['540-N']]"
оценочный_характеристика,['106775-N'],"[['106768-N', '106774-N']]"
стена,"['107085-N', '149870-N', '107169-N']","[['537-N'], ['106703-N'], ['107168-N']]"
предпраздничный_день,['2612-N'],"[['900-N', '1495-N']]"
засуживание,"['131599-N', '131598-N']","[['113119-N', '115751-N', '116390-N', '120251-N'], ['3496-N', '144155-N']]"
ветряный_оспа,['112670-N'],"[['2046-N', '10055-N']]"
лимонник,['107873-N'],[['107872-N']]
закрытый_район,['7593-N'],"[['7637-N', '107135-N']]"
стекло,"['2493-N', '137243-N']","[['106536-N'], ['109873-N']]"
румяный_цвет,"['118762-N', '118763-N']","[['109482-N'], ['109480-N', '122225-N']]"
текстильщик,['112358-N'],[['135273-N']]
мультимедиа,['7953-N'],[['5474-N']]
черный_металлургия,['520-N'],[['63-N']]
астарый,['100143-N'],[['137810-N']]
свиной_грипп,['150035-N'],[['8161-N']]
конфисковать_имущество,['137581-N'],[['6315-N']]
расставка,"['124776-N', '128794-N']","[['115971-N'], ['106643-N', '116817-N']]"
щеколда,['109544-N'],[['109550-N']]
автоэвакуатор,['129596-N'],"[['5015-N', '9209-N']]"
гурд,['103661-N'],[['1338-N']]
река_свияга,['100614-N'],"[['100022-N', '100079-N']]"
перерасход,"['113654-N', '142394-N']","[['106715-N'], ['110692-N']]"
поэтизация,['120318-N'],[['141697-N']]
деревообрабатывающий_комплекс,['3941-N'],"[['3940-N', '7127-N']]"
болезненность,"['119945-N', '118489-N']","[['117322-N', '151752-N'], ['118490-N', '119060-N']]"
кемерово,['101299-N'],"[['100066-N', '136778-N']]"
неопределенный_положение,['155035-N'],[['106446-N']]
елочный_игрушка,['123576-N'],[['107608-N']]
пассажирский_судно,['6617-N'],"[['209-N', '144362-N']]"
владение_великобритания,['105445-N'],[['105371-N']]
проигрывание,"['115114-N', '111171-N']","[['120072-N', '126169-N'], ['110442-N', '148796-N']]"
вопросик,['107255-N'],[['106459-N']]
обеспечение_условие,['120410-N'],[['112905-N']]
перескок,['114579-N'],"[['114578-N', '144457-N']]"
кечуа,['103508-N'],[['100046-N']]
мавзолей,['115257-N'],"[['4037-N', '115312-N']]"
однобокость,['121511-N'],[['121512-N']]
исток,"['117727-N', '141382-N']","[['148413-N'], ['106488-N']]"
комбинат_хлебопродукт,['113836-N'],[['3915-N']]
осуждение,"['112965-N', '112963-N', '125015-N']","[['3496-N', '144154-N', '147762-N'], ['106877-N'], ['120142-N']]"
частотный_фильтр,['147294-N'],[['2070-N']]
экспедитор,['3005-N'],[['4993-N']]
остров_куба,['103521-N'],[['3465-N']]
коммуналка,"['123954-N', '3571-N']","[['106562-N'], ['481-N']]"
медуза,['108991-N'],"[['9355-N', '113347-N']]"
подписание,"['111986-N', '141735-N', '111985-N']","[['111985-N'], ['115486-N'], ['107002-N']]"
профориентация,['4088-N'],"[['117733-N', '123772-N']]"
подвода_электричество,['2998-N'],"[['6-N', '153713-N']]"
социалистический_лагерь,['2521-N'],[['445-N']]
эсперанто,['146744-N'],[['146497-N']]
колония-поселение,"['4284-N', '135013-N']","[['590-N'], ['3761-N']]"
академический_успеваемость,['3151-N'],[['106760-N']]
коляска_мотоцикл,['147292-N'],[['2316-N']]
артхаусный_фильм,['146452-N'],[['6786-N']]
швейный_промышленность,['3054-N'],[['851-N']]
расход_предприятие,['145435-N'],[['106716-N']]
отвлекать_действие,['148352-N'],[['115900-N']]
река_кокс,['101286-N'],"[['100022-N', '100079-N']]"
конно-спортивный_база,['9324-N'],[['143475-N']]
центрифуга,['124672-N'],"[['124836-N', '152687-N']]"
северокавказский_народ,['106196-N'],"[['133035-N', '106131-N']]"
оплакивание,['117368-N'],"[['107196-N', '150230-N']]"
отгибание,['133473-N'],[['106888-N']]
грива,"['109323-N', '135663-N']","[['108951-N'], ['147540-N']]"
культуристка,['125105-N'],[['1626-N']]
красный_строка,['126544-N'],[['116985-N']]
лаборант_медицинский_учреждение,['132794-N'],"[['7761-N', '9057-N']]"
ледяной_каток,['115961-N'],[['3240-N']]
круассан,['150188-N'],[['115556-N']]
мышонок,['129051-N'],"[['5670-N', '107807-N']]"
дамский_головной_убор,['108795-N'],"[['3510-N', '108091-N']]"
конфликтология,['139927-N'],[['4412-N']]
парик,['128171-N'],[['151669-N']]
ратификация,['3740-N'],[['112017-N']]
грядущий,['142856-N'],[['106731-N']]
камерный_оркестр,['143044-N'],[['6980-N']]
лесна,['100499-N'],"[['100022-N', '100079-N']]"
галла,['105044-N'],[['100046-N']]
шафран,"['142329-N', '109573-N', '142330-N']","[['965-N', '4789-N', '107867-N'], ['144185-N'], ['5735-N']]"
процветание,"['120505-N', '134480-N']","[['106947-N'], ['126282-N']]"
установление_ответственность,['129792-N'],[['106884-N']]
отливание,"['110827-N', '115988-N']","[['107417-N', '110726-N', '116051-N'], ['109231-N', '127373-N']]"
эпидемиологический_служба,['2589-N'],[['106571-N']]
женский_пиджак,['108615-N'],"[['108091-N', '108381-N']]"
подмеска,['117069-N'],[['111983-N']]
противохимический_защита,['4814-N'],[['770-N']]
рейка,['118070-N'],[['118071-N']]
нервный_ткань,['112627-N'],[['7281-N']]
баланс_фирма,['141640-N'],[['1842-N']]
застраивание,['117194-N'],"[['110751-N', '115583-N']]"
зевака,['125719-N'],"[['4180-N', '120965-N']]"
режим_рабочий_время,['136174-N'],[['107226-N']]
геттинген,['103733-N'],[['137904-N']]
примирение,"['117730-N', '132624-N', '138487-N']","[['114321-N', '150230-N'], ['106631-N', '129710-N'], ['106531-N']]"
ревда,['102604-N'],[['242-N']]
материалист,['126679-N'],[['122232-N']]
письменный_принадлежность,['110935-N'],[['4832-N']]
промышленный_сектор,['50-N'],[['133163-N']]
расцветка,"['117547-N', '128847-N']","[['150243-N'], ['109444-N', '112878-N']]"
занавес_для_сцена,['131406-N'],"[['107588-N', '126018-N']]"
сексуальный_совращение,['129134-N'],"[['9070-N', '124429-N']]"
перегонка_жидкость,['113755-N'],"[['106534-N', '112139-N']]"
механик,"['110149-N', '143902-N']","[['2550-N'], ['21-N']]"
теневой_бизнес,['134242-N'],[['558-N']]
рыжий_волос,['134394-N'],[['115326-N']]
санта-барбара,['140495-N'],[['242-N']]
косилка,['5726-N'],[['4419-N']]
стеновый_материал,['132522-N'],[['61-N']]
трир,['103709-N'],[['137904-N']]
баренцев_море,['100377-N'],[['241-N']]
чистоплотность,"['119308-N', '119309-N']","[['119307-N'], ['118057-N']]"
несбыточный_утопия,['122229-N'],[['107258-N']]
крепостничество,['126379-N'],[['3159-N']]
объявление_приговор,['144154-N'],"[['106884-N', '144155-N']]"
интеллигентность,['141460-N'],[['106924-N']]
ламповый_патрон,['132865-N'],"[['132864-N', '132872-N']]"
аудиенция,['109943-N'],"[['106783-N', '106827-N']]"
сбор_информация,['142340-N'],"[['106709-N', '112077-N']]"
чешка,['105406-N'],"[['105336-N', '132681-N', '134360-N', '139246-N', '139862-N']]"
внешний_заимствование,['2365-N'],"[['833-N', '3720-N']]"
монолог,"['107350-N', '137655-N']","[['147233-N'], ['107350-N', '148657-N']]"
люберцы,['102056-N'],[['136788-N']]
лапландия,['133653-N'],[['100077-N']]
калабрия,['104078-N'],[['105110-N']]
